actual_cost,code_identity,cond,cost_integrated_recommendation_regret,final_recommendation_regret,method,null_recommended_final,observational_sha256,partition,purchases,scm,seed,sequential_purchases,split_cost,unit_id,unspent,wall_seconds
798,7de896507ae118b7d1384450b0b083dfe4394f072662ac60d2a136e4cd1e4137,K0,3984.1046617260495,3.98674642388906,BO,False,b7c186e223169dbab1f0a322cb5eeb5ae69e01a0969ad311b40bc035897a0709,fine,136,ClusterChain,2000,133,0,ClusterChain-K0-BO-seed2000,2,4.069356203079224
798,7de896507ae118b7d1384450b0b083dfe4394f072662ac60d2a136e4cd1e4137,K0,4152.719578543475,3.976796880575373,BO,False,9d005a0c4786bfcf65e2d9d0d1836f57e6d1942b32ad847c20e2c9bc9c60b67a,fine,136,ClusterChain,2001,133,0,ClusterChain-K0-BO-seed2001,2,3.814990758895874
798,7de896507ae118b7d1384450b0b083dfe4394f072662ac60d2a136e4cd1e4137,K0,9972.138685107839,7.780125452351448,BO,False,4e340053dade88aaf91c8c6deef4c45a8f9344adb29939d6116ff4c2a48d37d5,fine,136,ClusterChain,2002,133,0,ClusterChain-K0-BO-seed2002,2,2.722978115081787
798,7de896507ae118b7d1384450b0b083dfe4394f072662ac60d2a136e4cd1e4137,K0,4421.781265346877,3.9763601842380414,BO,False,967d6c1f54b5d00830842f883c3e074492d9489ff372a84801884c33e100d4cf,fine,136,ClusterChain,2003,133,0,ClusterChain-K0-BO-seed2003,2,4.033503532409668
798,7de896507ae118b7d1384450b0b083dfe4394f072662ac60d2a136e4cd1e4137,K0,4173.080528107348,3.9669701906183397,BO,False,fe48b3c52ee35996054ee8de9a634a46666d7fb0bc423caee0d84de832d5585b,fine,136,ClusterChain,2004,133,0,ClusterChain-K0-BO-seed2004,2,4.441941261291504
798,7de896507ae118b7d1384450b0b083dfe4394f072662ac60d2a136e4cd1e4137,K0,4148.56238305874,3.9794832374531524,BO,False,a381726b36eaeb765c608461e4a863a219be22e5fa5f7c8c13bed9c7bc80162f,fine,136,ClusterChain,2005,133,0,ClusterChain-K0-BO-seed2005,2,4.282260417938232
798,7de896507ae118b7d1384450b0b083dfe4394f072662ac60d2a136e4cd1e4137,K0,4450.830493436015,3.96403814369613,BO,False,bb708dce34dd42fcfbb28fcdc14b3da1f87ff8ab7ac0d8c1bcd9cdecb27448bd,fine,136,ClusterChain,2006,133,0,ClusterChain-K0-BO-seed2006,2,3.9697048664093018
798,7de896507ae118b7d1384450b0b083dfe4394f072662ac60d2a136e4cd1e4137,K0,3803.531322822464,3.9693867827073133,BO,False,f757dbd32ac8377c3eb94a493985b47bd0a5d6d660d6893cc1482e95fc3b6922,fine,136,ClusterChain,2007,133,0,ClusterChain-K0-BO-seed2007,2,3.818425416946411
798,7de896507ae118b7d1384450b0b083dfe4394f072662ac60d2a136e4cd1e4137,K0,4638.707332132751,3.9743700037811367,BO,False,33fae087d26a42438644d1baf59bb577bf62075328f4e35cb7cce89652b7faa3,fine,136,ClusterChain,2008,133,0,ClusterChain-K0-BO-seed2008,2,4.374634742736816
798,7de896507ae118b7d1384450b0b083dfe4394f072662ac60d2a136e4cd1e4137,K0,4002.898000308488,3.961578629537163,BO,False,979ead175e112384f60fe2a83504d620c08a8777b2cc3e48ac38cae48c7f4ae7,fine,136,ClusterChain,2009,133,0,ClusterChain-K0-BO-seed2009,2,4.234029054641724
798,7de896507ae118b7d1384450b0b083dfe4394f072662ac60d2a136e4cd1e4137,K0,4772.389909153776,3.990223485672386,BO,False,a7d00727ac8a09971335e8543f3c0c7891afe6b8dac4b34c49ea0125f0fd9800,fine,136,ClusterChain,2010,133,0,ClusterChain-K0-BO-seed2010,2,4.285572052001953
798,7de896507ae118b7d1384450b0b083dfe4394f072662ac60d2a136e4cd1e4137,K0,4791.584929025634,3.976969385207889,BO,False,b992b88b97b2cc1e68ee3896f07a432fd965eccb33c83348e28e5e2e79efd67c,fine,136,ClusterChain,2011,133,0,ClusterChain-K0-BO-seed2011,2,4.004458904266357
798,7de896507ae118b7d1384450b0b083dfe4394f072662ac60d2a136e4cd1e4137,K0,7463.43159039608,8.50549672423783,BO,False,b72d261e3675764964dc52dff0b7ad5315675ae3f43d02a5ca66f176024589b0,fine,136,ClusterChain,2012,133,0,ClusterChain-K0-BO-seed2012,2,2.830106258392334
798,7de896507ae118b7d1384450b0b083dfe4394f072662ac60d2a136e4cd1e4137,K0,4522.956821433489,3.996514507736463,BO,False,85acd34be524542f3dfccf2b4c9c735746738ada51dc1f1a7321cc7b8340205f,fine,136,ClusterChain,2013,133,0,ClusterChain-K0-BO-seed2013,2,4.415388584136963
798,7de896507ae118b7d1384450b0b083dfe4394f072662ac60d2a136e4cd1e4137,K0,4206.559107166581,3.972314911479148,BO,False,2cf80d642bd67142232fcfac143de13c15d98725cea0c0a77b12d694fac63017,fine,136,ClusterChain,2014,133,0,ClusterChain-K0-BO-seed2014,2,3.832282543182373
798,7de896507ae118b7d1384450b0b083dfe4394f072662ac60d2a136e4cd1e4137,K0,3666.361318436938,3.9858954374429425,BO,False,4ec9d63af74e61ad5ab8121d7ec1e6bf7d20ac97468864a210b0f290a2e3d7ed,fine,136,ClusterChain,2015,133,0,ClusterChain-K0-BO-seed2015,2,4.08224630355835
798,7de896507ae118b7d1384450b0b083dfe4394f072662ac60d2a136e4cd1e4137,K0,4577.898919813558,3.979492196877506,BO,False,c26b643a2408126fdd57f3fa40534cfb1e2ca0fc7afcac37d65b7ce58ad5af71,fine,136,ClusterChain,2016,133,0,ClusterChain-K0-BO-seed2016,2,4.206509113311768
798,7de896507ae118b7d1384450b0b083dfe4394f072662ac60d2a136e4cd1e4137,K0,4251.344050256559,3.970515845093101,BO,False,c12a07bdfb6332697be2541f9bdac34e769ca5250eb8c6d34489dcd723c07457,fine,136,ClusterChain,2017,133,0,ClusterChain-K0-BO-seed2017,2,4.105205297470093
798,7de896507ae118b7d1384450b0b083dfe4394f072662ac60d2a136e4cd1e4137,K0,3756.946449174398,3.983224666257329,BO,False,0de0b3b19ee542dfb3eb1f54cdcb18941794254f61d723b184943edd017370c4,fine,136,ClusterChain,2018,133,0,ClusterChain-K0-BO-seed2018,2,4.468004941940308
798,7de896507ae118b7d1384450b0b083dfe4394f072662ac60d2a136e4cd1e4137,K0,4093.966042669646,3.9917139233549452,BO,False,741b0e284016c45b293cba6433ee9f4e74a1179a782b4fe4bcdfefa2d9188b8b,fine,136,ClusterChain,2019,133,0,ClusterChain-K0-BO-seed2019,2,3.980720281600952
798,7de896507ae118b7d1384450b0b083dfe4394f072662ac60d2a136e4cd1e4137,K0,4570.514427543257,4.027005952060624,BO,False,913982948d4c101cb9719ba78e790ab530564d06b070f0158c5758171142f219,fine,136,ClusterChain,2020,133,0,ClusterChain-K0-BO-seed2020,2,4.564375638961792
798,7de896507ae118b7d1384450b0b083dfe4394f072662ac60d2a136e4cd1e4137,K0,8332.678407850553,9.390662064432219,BO,False,0dc02867c0e602a3db1102b06b7db7ca677820e8925adecb134ed41b4cee63e4,fine,136,ClusterChain,2021,133,0,ClusterChain-K0-BO-seed2021,2,2.9387078285217285
798,7de896507ae118b7d1384450b0b083dfe4394f072662ac60d2a136e4cd1e4137,K0,7274.598741518626,8.020465907457021,BO,False,f4c0b6956b0f9c29a7513365ca18cd49ea39fbc0c4a2372a21ddc0fa6b8c72f7,fine,136,ClusterChain,2022,133,0,ClusterChain-K0-BO-seed2022,2,3.2140095233917236
798,7de896507ae118b7d1384450b0b083dfe4394f072662ac60d2a136e4cd1e4137,K0,6021.003368797626,6.498356979840923,BO,False,76f6b9270a90a24af791864a9ccff8bf54607f7c212dd8d726188e5b1c38e55e,fine,136,ClusterChain,2023,133,0,ClusterChain-K0-BO-seed2023,2,2.9172377586364746
798,7de896507ae118b7d1384450b0b083dfe4394f072662ac60d2a136e4cd1e4137,K0,4179.390310797768,3.9729487629408737,BO,False,6bceaf96787e7817cdad11ea1a53af75aebe2b3ebc20b8d9a8a724a76cf478ea,fine,136,ClusterChain,2024,133,0,ClusterChain-K0-BO-seed2024,2,4.273028135299683
798,7de896507ae118b7d1384450b0b083dfe4394f072662ac60d2a136e4cd1e4137,K0,4514.927539271004,3.994683820198464,BO,False,f2066487c61bccea9b6085a867b5fdd055a6a8cf0eeef2bd283c6139aa52288e,fine,136,ClusterChain,2025,133,0,ClusterChain-K0-BO-seed2025,2,4.037302732467651
798,7de896507ae118b7d1384450b0b083dfe4394f072662ac60d2a136e4cd1e4137,K0,3987.883161735634,3.9725986999688008,BO,False,56ef366e7a288b01e860dfd3ce3d81d5afa602ba5001e4335aa8693c9361757a,fine,136,ClusterChain,2026,133,0,ClusterChain-K0-BO-seed2026,2,4.626556396484375
798,7de896507ae118b7d1384450b0b083dfe4394f072662ac60d2a136e4cd1e4137,K0,4090.6006124161527,3.960856833942115,BO,False,6843c8b93a05db5856fcf2053eef547ac069c8aedfc7fa2470885444b5ea1eaf,fine,136,ClusterChain,2027,133,0,ClusterChain-K0-BO-seed2027,2,4.494862079620361
798,7de896507ae118b7d1384450b0b083dfe4394f072662ac60d2a136e4cd1e4137,K0,3962.9601317627125,4.012277087171158,BO,False,7344d0630c4d534767b982960d46fb57ee3014acf2ba544d09c3bd5f5fe17ee2,fine,136,ClusterChain,2028,133,0,ClusterChain-K0-BO-seed2028,2,4.249166011810303
798,7de896507ae118b7d1384450b0b083dfe4394f072662ac60d2a136e4cd1e4137,K0,4293.853238027646,3.976221726607693,BO,False,e153eaf92d0862583adb10a8e0b74e5db3aaf0ad975c778b5ee961e8eaa85340,fine,136,ClusterChain,2029,133,0,ClusterChain-K0-BO-seed2029,2,4.051615476608276
800,7de896507ae118b7d1384450b0b083dfe4394f072662ac60d2a136e4cd1e4137,K0,507.0018082236137,0.06566574393967478,CBO-matched,False,b7c186e223169dbab1f0a322cb5eeb5ae69e01a0969ad311b40bc035897a0709,alt,213,ClusterChain,2000,168,0,ClusterChain-K0-CBO-matched-alt-seed2000,0,78.14488196372986
800,7de896507ae118b7d1384450b0b083dfe4394f072662ac60d2a136e4cd1e4137,K0,452.90960754755145,0.10737680147384726,CBO-matched,False,9d005a0c4786bfcf65e2d9d0d1836f57e6d1942b32ad847c20e2c9bc9c60b67a,alt,215,ClusterChain,2001,170,0,ClusterChain-K0-CBO-matched-alt-seed2001,0,80.1694107055664
800,7de896507ae118b7d1384450b0b083dfe4394f072662ac60d2a136e4cd1e4137,K0,321.94988331352863,0.04036302859112594,CBO-matched,False,4e340053dade88aaf91c8c6deef4c45a8f9344adb29939d6116ff4c2a48d37d5,alt,209,ClusterChain,2002,164,0,ClusterChain-K0-CBO-matched-alt-seed2002,0,76.30138969421387
800,7de896507ae118b7d1384450b0b083dfe4394f072662ac60d2a136e4cd1e4137,K0,311.2888822134351,0.026656374397213863,CBO-matched,False,967d6c1f54b5d00830842f883c3e074492d9489ff372a84801884c33e100d4cf,alt,210,ClusterChain,2003,165,0,ClusterChain-K0-CBO-matched-alt-seed2003,0,86.26977372169495
800,7de896507ae118b7d1384450b0b083dfe4394f072662ac60d2a136e4cd1e4137,K0,317.40441261379993,0.07738530427081633,CBO-matched,False,fe48b3c52ee35996054ee8de9a634a46666d7fb0bc423caee0d84de832d5585b,alt,211,ClusterChain,2004,166,0,ClusterChain-K0-CBO-matched-alt-seed2004,0,75.999178647995
800,7de896507ae118b7d1384450b0b083dfe4394f072662ac60d2a136e4cd1e4137,K0,492.38492595691247,0.012523839641828544,CBO-matched,False,a381726b36eaeb765c608461e4a863a219be22e5fa5f7c8c13bed9c7bc80162f,alt,214,ClusterChain,2005,169,0,ClusterChain-K0-CBO-matched-alt-seed2005,0,82.40650486946106
800,7de896507ae118b7d1384450b0b083dfe4394f072662ac60d2a136e4cd1e4137,K0,285.33831160270194,0.06015114579869916,CBO-matched,False,bb708dce34dd42fcfbb28fcdc14b3da1f87ff8ab7ac0d8c1bcd9cdecb27448bd,alt,216,ClusterChain,2006,171,0,ClusterChain-K0-CBO-matched-alt-seed2006,0,79.30398607254028
800,7de896507ae118b7d1384450b0b083dfe4394f072662ac60d2a136e4cd1e4137,K0,644.0463619661715,0.1090483904173156,CBO-matched,False,f757dbd32ac8377c3eb94a493985b47bd0a5d6d660d6893cc1482e95fc3b6922,alt,214,ClusterChain,2007,169,0,ClusterChain-K0-CBO-matched-alt-seed2007,0,82.62195992469788
800,7de896507ae118b7d1384450b0b083dfe4394f072662ac60d2a136e4cd1e4137,K0,247.68272353559448,0.10281248991950892,CBO-matched,False,33fae087d26a42438644d1baf59bb577bf62075328f4e35cb7cce89652b7faa3,alt,210,ClusterChain,2008,165,0,ClusterChain-K0-CBO-matched-alt-seed2008,0,76.39587545394897
800,7de896507ae118b7d1384450b0b083dfe4394f072662ac60d2a136e4cd1e4137,K0,591.7363239819822,0.10907554255843885,CBO-matched,False,979ead175e112384f60fe2a83504d620c08a8777b2cc3e48ac38cae48c7f4ae7,alt,214,ClusterChain,2009,169,0,ClusterChain-K0-CBO-matched-alt-seed2009,0,80.39205265045166
800,7de896507ae118b7d1384450b0b083dfe4394f072662ac60d2a136e4cd1e4137,K0,1179.655201972919,0.4807796998046499,CBO-matched,False,a7d00727ac8a09971335e8543f3c0c7891afe6b8dac4b34c49ea0125f0fd9800,alt,218,ClusterChain,2010,173,0,ClusterChain-K0-CBO-matched-alt-seed2010,0,84.96528434753418
800,7de896507ae118b7d1384450b0b083dfe4394f072662ac60d2a136e4cd1e4137,K0,97.7880524394238,0.010975039238463533,CBO-matched,False,b992b88b97b2cc1e68ee3896f07a432fd965eccb33c83348e28e5e2e79efd67c,alt,211,ClusterChain,2011,166,0,ClusterChain-K0-CBO-matched-alt-seed2011,0,76.06848526000977
800,7de896507ae118b7d1384450b0b083dfe4394f072662ac60d2a136e4cd1e4137,K0,172.55932766494695,0.030277093475996976,CBO-matched,False,b72d261e3675764964dc52dff0b7ad5315675ae3f43d02a5ca66f176024589b0,alt,215,ClusterChain,2012,170,0,ClusterChain-K0-CBO-matched-alt-seed2012,0,81.01624894142151
800,7de896507ae118b7d1384450b0b083dfe4394f072662ac60d2a136e4cd1e4137,K0,1388.4154544762278,0.38394294466051115,CBO-matched,False,85acd34be524542f3dfccf2b4c9c735746738ada51dc1f1a7321cc7b8340205f,alt,210,ClusterChain,2013,165,0,ClusterChain-K0-CBO-matched-alt-seed2013,0,81.15342831611633
800,7de896507ae118b7d1384450b0b083dfe4394f072662ac60d2a136e4cd1e4137,K0,222.13484379488577,0.0937572606406242,CBO-matched,False,2cf80d642bd67142232fcfac143de13c15d98725cea0c0a77b12d694fac63017,alt,291,ClusterChain,2014,246,0,ClusterChain-K0-CBO-matched-alt-seed2014,0,125.06562185287476
800,7de896507ae118b7d1384450b0b083dfe4394f072662ac60d2a136e4cd1e4137,K0,484.88779230516684,0.08067026997682536,CBO-matched,False,4ec9d63af74e61ad5ab8121d7ec1e6bf7d20ac97468864a210b0f290a2e3d7ed,alt,213,ClusterChain,2015,168,0,ClusterChain-K0-CBO-matched-alt-seed2015,0,81.32622504234314
800,7de896507ae118b7d1384450b0b083dfe4394f072662ac60d2a136e4cd1e4137,K0,961.1738723567764,0.1818785066316711,CBO-matched,False,c26b643a2408126fdd57f3fa40534cfb1e2ca0fc7afcac37d65b7ce58ad5af71,alt,215,ClusterChain,2016,170,0,ClusterChain-K0-CBO-matched-alt-seed2016,0,79.74153161048889
800,7de896507ae118b7d1384450b0b083dfe4394f072662ac60d2a136e4cd1e4137,K0,720.9341096114227,0.042372378151584573,CBO-matched,False,c12a07bdfb6332697be2541f9bdac34e769ca5250eb8c6d34489dcd723c07457,alt,216,ClusterChain,2017,171,0,ClusterChain-K0-CBO-matched-alt-seed2017,0,78.36634373664856
800,7de896507ae118b7d1384450b0b083dfe4394f072662ac60d2a136e4cd1e4137,K0,592.5868803042321,0.07200151174011349,CBO-matched,False,0de0b3b19ee542dfb3eb1f54cdcb18941794254f61d723b184943edd017370c4,alt,221,ClusterChain,2018,176,0,ClusterChain-K0-CBO-matched-alt-seed2018,0,83.7335307598114
800,7de896507ae118b7d1384450b0b083dfe4394f072662ac60d2a136e4cd1e4137,K0,113.29616601909677,0.04650073422901018,CBO-matched,False,741b0e284016c45b293cba6433ee9f4e74a1179a782b4fe4bcdfefa2d9188b8b,alt,217,ClusterChain,2019,172,0,ClusterChain-K0-CBO-matched-alt-seed2019,0,82.12035965919495
800,7de896507ae118b7d1384450b0b083dfe4394f072662ac60d2a136e4cd1e4137,K0,338.70709850525964,0.00731800503463239,CBO-matched,False,913982948d4c101cb9719ba78e790ab530564d06b070f0158c5758171142f219,alt,210,ClusterChain,2020,165,0,ClusterChain-K0-CBO-matched-alt-seed2020,0,75.94453620910645
800,7de896507ae118b7d1384450b0b083dfe4394f072662ac60d2a136e4cd1e4137,K0,737.724356458684,0.09526753880962802,CBO-matched,False,0dc02867c0e602a3db1102b06b7db7ca677820e8925adecb134ed41b4cee63e4,alt,215,ClusterChain,2021,170,0,ClusterChain-K0-CBO-matched-alt-seed2021,0,81.19132280349731
800,7de896507ae118b7d1384450b0b083dfe4394f072662ac60d2a136e4cd1e4137,K0,644.5948830395407,0.18921176507008086,CBO-matched,False,f4c0b6956b0f9c29a7513365ca18cd49ea39fbc0c4a2372a21ddc0fa6b8c72f7,alt,214,ClusterChain,2022,169,0,ClusterChain-K0-CBO-matched-alt-seed2022,0,80.43681001663208
800,7de896507ae118b7d1384450b0b083dfe4394f072662ac60d2a136e4cd1e4137,K0,639.4562872483461,0.03430742276639743,CBO-matched,False,76f6b9270a90a24af791864a9ccff8bf54607f7c212dd8d726188e5b1c38e55e,alt,212,ClusterChain,2023,167,0,ClusterChain-K0-CBO-matched-alt-seed2023,0,87.04792714118958
800,7de896507ae118b7d1384450b0b083dfe4394f072662ac60d2a136e4cd1e4137,K0,1148.3034599784598,1.068858651448304,CBO-matched,False,6bceaf96787e7817cdad11ea1a53af75aebe2b3ebc20b8d9a8a724a76cf478ea,alt,218,ClusterChain,2024,173,0,ClusterChain-K0-CBO-matched-alt-seed2024,0,79.08225750923157
800,7de896507ae118b7d1384450b0b083dfe4394f072662ac60d2a136e4cd1e4137,K0,1785.0268023757421,0.47213095382898823,CBO-matched,False,f2066487c61bccea9b6085a867b5fdd055a6a8cf0eeef2bd283c6139aa52288e,alt,224,ClusterChain,2025,179,0,ClusterChain-K0-CBO-matched-alt-seed2025,0,83.52415180206299
800,7de896507ae118b7d1384450b0b083dfe4394f072662ac60d2a136e4cd1e4137,K0,239.03069878905777,0.009492936686758137,CBO-matched,False,56ef366e7a288b01e860dfd3ce3d81d5afa602ba5001e4335aa8693c9361757a,alt,206,ClusterChain,2026,161,0,ClusterChain-K0-CBO-matched-alt-seed2026,0,75.88914108276367
800,7de896507ae118b7d1384450b0b083dfe4394f072662ac60d2a136e4cd1e4137,K0,653.7505939786197,0.2896747315239469,CBO-matched,False,6843c8b93a05db5856fcf2053eef547ac069c8aedfc7fa2470885444b5ea1eaf,alt,218,ClusterChain,2027,173,0,ClusterChain-K0-CBO-matched-alt-seed2027,0,82.52838563919067
800,7de896507ae118b7d1384450b0b083dfe4394f072662ac60d2a136e4cd1e4137,K0,579.0984389924862,0.10858882069215256,CBO-matched,False,7344d0630c4d534767b982960d46fb57ee3014acf2ba544d09c3bd5f5fe17ee2,alt,216,ClusterChain,2028,171,0,ClusterChain-K0-CBO-matched-alt-seed2028,0,82.00729084014893
800,7de896507ae118b7d1384450b0b083dfe4394f072662ac60d2a136e4cd1e4137,K0,1361.009298741187,1.2596986371804655,CBO-matched,False,e153eaf92d0862583adb10a8e0b74e5db3aaf0ad975c778b5ee961e8eaa85340,alt,219,ClusterChain,2029,174,0,ClusterChain-K0-CBO-matched-alt-seed2029,0,80.79469275474548
800,7de896507ae118b7d1384450b0b083dfe4394f072662ac60d2a136e4cd1e4137,K0,3247.944616831632,3.9661080707540943,CBO-matched,False,b7c186e223169dbab1f0a322cb5eeb5ae69e01a0969ad311b40bc035897a0709,coarse,151,ClusterChain,2000,142,0,ClusterChain-K0-CBO-matched-coarse-seed2000,0,20.886812925338745
800,7de896507ae118b7d1384450b0b083dfe4394f072662ac60d2a136e4cd1e4137,K0,3238.411925531026,3.9691864372141588,CBO-matched,False,9d005a0c4786bfcf65e2d9d0d1836f57e6d1942b32ad847c20e2c9bc9c60b67a,coarse,152,ClusterChain,2001,143,0,ClusterChain-K0-CBO-matched-coarse-seed2001,0,21.73078727722168
800,7de896507ae118b7d1384450b0b083dfe4394f072662ac60d2a136e4cd1e4137,K0,3278.9650721217427,3.9688037076507943,CBO-matched,False,4e340053dade88aaf91c8c6deef4c45a8f9344adb29939d6116ff4c2a48d37d5,coarse,149,ClusterChain,2002,140,0,ClusterChain-K0-CBO-matched-coarse-seed2002,0,22.82024121284485
800,7de896507ae118b7d1384450b0b083dfe4394f072662ac60d2a136e4cd1e4137,K0,3272.080242401859,3.964442824920214,CBO-matched,False,967d6c1f54b5d00830842f883c3e074492d9489ff372a84801884c33e100d4cf,coarse,152,ClusterChain,2003,143,0,ClusterChain-K0-CBO-matched-coarse-seed2003,0,22.404791355133057
800,7de896507ae118b7d1384450b0b083dfe4394f072662ac60d2a136e4cd1e4137,K0,3266.496839278622,3.9712687808760405,CBO-matched,False,fe48b3c52ee35996054ee8de9a634a46666d7fb0bc423caee0d84de832d5585b,coarse,151,ClusterChain,2004,142,0,ClusterChain-K0-CBO-matched-coarse-seed2004,0,20.534306287765503
800,7de896507ae118b7d1384450b0b083dfe4394f072662ac60d2a136e4cd1e4137,K0,3262.4101986377664,3.9703835990091703,CBO-matched,False,a381726b36eaeb765c608461e4a863a219be22e5fa5f7c8c13bed9c7bc80162f,coarse,151,ClusterChain,2005,142,0,ClusterChain-K0-CBO-matched-coarse-seed2005,0,22.790677785873413
800,7de896507ae118b7d1384450b0b083dfe4394f072662ac60d2a136e4cd1e4137,K0,3279.1479511655266,3.970487018692486,CBO-matched,False,bb708dce34dd42fcfbb28fcdc14b3da1f87ff8ab7ac0d8c1bcd9cdecb27448bd,coarse,150,ClusterChain,2006,141,0,ClusterChain-K0-CBO-matched-coarse-seed2006,0,22.089089155197144
800,7de896507ae118b7d1384450b0b083dfe4394f072662ac60d2a136e4cd1e4137,K0,3235.254187964362,3.9612429339021906,CBO-matched,False,f757dbd32ac8377c3eb94a493985b47bd0a5d6d660d6893cc1482e95fc3b6922,coarse,152,ClusterChain,2007,143,0,ClusterChain-K0-CBO-matched-coarse-seed2007,0,21.953020572662354
800,7de896507ae118b7d1384450b0b083dfe4394f072662ac60d2a136e4cd1e4137,K0,3301.5317103096318,3.9676431385024555,CBO-matched,False,33fae087d26a42438644d1baf59bb577bf62075328f4e35cb7cce89652b7faa3,coarse,148,ClusterChain,2008,139,0,ClusterChain-K0-CBO-matched-coarse-seed2008,0,21.38962483406067
800,7de896507ae118b7d1384450b0b083dfe4394f072662ac60d2a136e4cd1e4137,K0,3258.786856408996,3.969151538788462,CBO-matched,False,979ead175e112384f60fe2a83504d620c08a8777b2cc3e48ac38cae48c7f4ae7,coarse,148,ClusterChain,2009,139,0,ClusterChain-K0-CBO-matched-coarse-seed2009,0,21.03423309326172
800,7de896507ae118b7d1384450b0b083dfe4394f072662ac60d2a136e4cd1e4137,K0,3237.97780517598,3.966489821904486,CBO-matched,False,a7d00727ac8a09971335e8543f3c0c7891afe6b8dac4b34c49ea0125f0fd9800,coarse,152,ClusterChain,2010,143,0,ClusterChain-K0-CBO-matched-coarse-seed2010,0,23.10762095451355
800,7de896507ae118b7d1384450b0b083dfe4394f072662ac60d2a136e4cd1e4137,K0,3273.9217451958275,3.964869321400748,CBO-matched,False,b992b88b97b2cc1e68ee3896f07a432fd965eccb33c83348e28e5e2e79efd67c,coarse,149,ClusterChain,2011,140,0,ClusterChain-K0-CBO-matched-coarse-seed2011,0,22.016743421554565
800,7de896507ae118b7d1384450b0b083dfe4394f072662ac60d2a136e4cd1e4137,K0,3269.3583492666976,3.9622281967037374,CBO-matched,False,b72d261e3675764964dc52dff0b7ad5315675ae3f43d02a5ca66f176024589b0,coarse,151,ClusterChain,2012,142,0,ClusterChain-K0-CBO-matched-coarse-seed2012,0,21.666933298110962
800,7de896507ae118b7d1384450b0b083dfe4394f072662ac60d2a136e4cd1e4137,K0,3290.446174146669,3.9801641106235097,CBO-matched,False,85acd34be524542f3dfccf2b4c9c735746738ada51dc1f1a7321cc7b8340205f,coarse,150,ClusterChain,2013,141,0,ClusterChain-K0-CBO-matched-coarse-seed2013,0,22.394500494003296
800,7de896507ae118b7d1384450b0b083dfe4394f072662ac60d2a136e4cd1e4137,K0,3348.377089174556,3.961808623521879,CBO-matched,False,2cf80d642bd67142232fcfac143de13c15d98725cea0c0a77b12d694fac63017,coarse,256,ClusterChain,2014,247,0,ClusterChain-K0-CBO-matched-coarse-seed2014,0,48.884355545043945
800,7de896507ae118b7d1384450b0b083dfe4394f072662ac60d2a136e4cd1e4137,K0,3250.401897640135,3.9711857610547243,CBO-matched,False,4ec9d63af74e61ad5ab8121d7ec1e6bf7d20ac97468864a210b0f290a2e3d7ed,coarse,152,ClusterChain,2015,143,0,ClusterChain-K0-CBO-matched-coarse-seed2015,0,22.51751470565796
800,7de896507ae118b7d1384450b0b083dfe4394f072662ac60d2a136e4cd1e4137,K0,3745.8642282072788,4.0527644202099085,CBO-matched,False,c26b643a2408126fdd57f3fa40534cfb1e2ca0fc7afcac37d65b7ce58ad5af71,coarse,224,ClusterChain,2016,215,0,ClusterChain-K0-CBO-matched-coarse-seed2016,0,37.91818928718567
800,7de896507ae118b7d1384450b0b083dfe4394f072662ac60d2a136e4cd1e4137,K0,3247.316254756487,3.9805532466883697,CBO-matched,False,c12a07bdfb6332697be2541f9bdac34e769ca5250eb8c6d34489dcd723c07457,coarse,149,ClusterChain,2017,140,0,ClusterChain-K0-CBO-matched-coarse-seed2017,0,21.515421152114868
800,7de896507ae118b7d1384450b0b083dfe4394f072662ac60d2a136e4cd1e4137,K0,3386.6712774191055,3.967914618245713,CBO-matched,False,0de0b3b19ee542dfb3eb1f54cdcb18941794254f61d723b184943edd017370c4,coarse,154,ClusterChain,2018,145,0,ClusterChain-K0-CBO-matched-coarse-seed2018,0,26.212008237838745
800,7de896507ae118b7d1384450b0b083dfe4394f072662ac60d2a136e4cd1e4137,K0,3654.723748590702,4.0818579753462965,CBO-matched,False,741b0e284016c45b293cba6433ee9f4e74a1179a782b4fe4bcdfefa2d9188b8b,coarse,152,ClusterChain,2019,143,0,ClusterChain-K0-CBO-matched-coarse-seed2019,0,20.328493356704712
800,7de896507ae118b7d1384450b0b083dfe4394f072662ac60d2a136e4cd1e4137,K0,3282.928912238616,3.970525217519664,CBO-matched,False,913982948d4c101cb9719ba78e790ab530564d06b070f0158c5758171142f219,coarse,151,ClusterChain,2020,142,0,ClusterChain-K0-CBO-matched-coarse-seed2020,0,21.64759612083435
800,7de896507ae118b7d1384450b0b083dfe4394f072662ac60d2a136e4cd1e4137,K0,3265.4427530501143,3.9638191137251564,CBO-matched,False,0dc02867c0e602a3db1102b06b7db7ca677820e8925adecb134ed41b4cee63e4,coarse,149,ClusterChain,2021,140,0,ClusterChain-K0-CBO-matched-coarse-seed2021,0,22.366610765457153
800,7de896507ae118b7d1384450b0b083dfe4394f072662ac60d2a136e4cd1e4137,K0,3251.9076563154504,3.9610451385484966,CBO-matched,False,f4c0b6956b0f9c29a7513365ca18cd49ea39fbc0c4a2372a21ddc0fa6b8c72f7,coarse,150,ClusterChain,2022,141,0,ClusterChain-K0-CBO-matched-coarse-seed2022,0,22.913477420806885
800,7de896507ae118b7d1384450b0b083dfe4394f072662ac60d2a136e4cd1e4137,K0,3286.567043693324,3.973718374086374,CBO-matched,False,76f6b9270a90a24af791864a9ccff8bf54607f7c212dd8d726188e5b1c38e55e,coarse,151,ClusterChain,2023,142,0,ClusterChain-K0-CBO-matched-coarse-seed2023,0,25.50304865837097
800,7de896507ae118b7d1384450b0b083dfe4394f072662ac60d2a136e4cd1e4137,K0,3293.621206812241,3.965453221219585,CBO-matched,False,6bceaf96787e7817cdad11ea1a53af75aebe2b3ebc20b8d9a8a724a76cf478ea,coarse,147,ClusterChain,2024,138,0,ClusterChain-K0-CBO-matched-coarse-seed2024,0,21.63360905647278
800,7de896507ae118b7d1384450b0b083dfe4394f072662ac60d2a136e4cd1e4137,K0,3336.4987480185814,3.962990816291261,CBO-matched,False,f2066487c61bccea9b6085a867b5fdd055a6a8cf0eeef2bd283c6139aa52288e,coarse,149,ClusterChain,2025,140,0,ClusterChain-K0-CBO-matched-coarse-seed2025,0,24.79881763458252
800,7de896507ae118b7d1384450b0b083dfe4394f072662ac60d2a136e4cd1e4137,K0,3263.1473208514826,3.96057990148997,CBO-matched,False,56ef366e7a288b01e860dfd3ce3d81d5afa602ba5001e4335aa8693c9361757a,coarse,151,ClusterChain,2026,142,0,ClusterChain-K0-CBO-matched-coarse-seed2026,0,23.36779260635376
800,7de896507ae118b7d1384450b0b083dfe4394f072662ac60d2a136e4cd1e4137,K0,3533.826914197407,4.103783082448441,CBO-matched,False,6843c8b93a05db5856fcf2053eef547ac069c8aedfc7fa2470885444b5ea1eaf,coarse,153,ClusterChain,2027,144,0,ClusterChain-K0-CBO-matched-coarse-seed2027,0,22.479415893554688
800,7de896507ae118b7d1384450b0b083dfe4394f072662ac60d2a136e4cd1e4137,K0,3253.774365946113,3.960882573896167,CBO-matched,False,7344d0630c4d534767b982960d46fb57ee3014acf2ba544d09c3bd5f5fe17ee2,coarse,151,ClusterChain,2028,142,0,ClusterChain-K0-CBO-matched-coarse-seed2028,0,21.6524498462677
800,7de896507ae118b7d1384450b0b083dfe4394f072662ac60d2a136e4cd1e4137,K0,3265.56437506346,3.9672634298103686,CBO-matched,False,e153eaf92d0862583adb10a8e0b74e5db3aaf0ad975c778b5ee961e8eaa85340,coarse,151,ClusterChain,2029,142,0,ClusterChain-K0-CBO-matched-coarse-seed2029,0,22.967462062835693
800,7de896507ae118b7d1384450b0b083dfe4394f072662ac60d2a136e4cd1e4137,K0,1131.4755735841595,1.2526886010205873,CBO-matched,False,b7c186e223169dbab1f0a322cb5eeb5ae69e01a0969ad311b40bc035897a0709,pairs,189,ClusterChain,2000,168,0,ClusterChain-K0-CBO-matched-pairs-seed2000,0,38.90412926673889
800,7de896507ae118b7d1384450b0b083dfe4394f072662ac60d2a136e4cd1e4137,K0,1177.696121375505,1.324429050000635,CBO-matched,False,9d005a0c4786bfcf65e2d9d0d1836f57e6d1942b32ad847c20e2c9bc9c60b67a,pairs,190,ClusterChain,2001,169,0,ClusterChain-K0-CBO-matched-pairs-seed2001,0,38.838082790374756
800,7de896507ae118b7d1384450b0b083dfe4394f072662ac60d2a136e4cd1e4137,K0,1737.8017939274373,1.287949625262314,CBO-matched,False,4e340053dade88aaf91c8c6deef4c45a8f9344adb29939d6116ff4c2a48d37d5,pairs,186,ClusterChain,2002,165,0,ClusterChain-K0-CBO-matched-pairs-seed2002,0,43.03702354431152
800,7de896507ae118b7d1384450b0b083dfe4394f072662ac60d2a136e4cd1e4137,K0,1416.924651649992,1.309494379041976,CBO-matched,False,967d6c1f54b5d00830842f883c3e074492d9489ff372a84801884c33e100d4cf,pairs,185,ClusterChain,2003,164,0,ClusterChain-K0-CBO-matched-pairs-seed2003,0,39.81787300109863
800,7de896507ae118b7d1384450b0b083dfe4394f072662ac60d2a136e4cd1e4137,K0,1343.3054552278486,1.2591057830966705,CBO-matched,False,fe48b3c52ee35996054ee8de9a634a46666d7fb0bc423caee0d84de832d5585b,pairs,184,ClusterChain,2004,163,0,ClusterChain-K0-CBO-matched-pairs-seed2004,0,38.727566957473755
800,7de896507ae118b7d1384450b0b083dfe4394f072662ac60d2a136e4cd1e4137,K0,1142.6934560509762,1.292140598508729,CBO-matched,False,a381726b36eaeb765c608461e4a863a219be22e5fa5f7c8c13bed9c7bc80162f,pairs,188,ClusterChain,2005,167,0,ClusterChain-K0-CBO-matched-pairs-seed2005,0,40.76307916641235
800,7de896507ae118b7d1384450b0b083dfe4394f072662ac60d2a136e4cd1e4137,K0,1209.6489664277349,1.259515968610093,CBO-matched,False,bb708dce34dd42fcfbb28fcdc14b3da1f87ff8ab7ac0d8c1bcd9cdecb27448bd,pairs,186,ClusterChain,2006,165,0,ClusterChain-K0-CBO-matched-pairs-seed2006,0,40.14804220199585
800,7de896507ae118b7d1384450b0b083dfe4394f072662ac60d2a136e4cd1e4137,K0,1237.9440636367972,1.2545427199542003,CBO-matched,False,f757dbd32ac8377c3eb94a493985b47bd0a5d6d660d6893cc1482e95fc3b6922,pairs,187,ClusterChain,2007,166,0,ClusterChain-K0-CBO-matched-pairs-seed2007,0,43.03701710700989
800,7de896507ae118b7d1384450b0b083dfe4394f072662ac60d2a136e4cd1e4137,K0,1135.2713058128536,1.2556351615527357,CBO-matched,False,33fae087d26a42438644d1baf59bb577bf62075328f4e35cb7cce89652b7faa3,pairs,183,ClusterChain,2008,162,0,ClusterChain-K0-CBO-matched-pairs-seed2008,0,40.10868501663208
800,7de896507ae118b7d1384450b0b083dfe4394f072662ac60d2a136e4cd1e4137,K0,1351.7401361723919,1.2597232057341818,CBO-matched,False,979ead175e112384f60fe2a83504d620c08a8777b2cc3e48ac38cae48c7f4ae7,pairs,189,ClusterChain,2009,168,0,ClusterChain-K0-CBO-matched-pairs-seed2009,0,41.79722499847412
800,7de896507ae118b7d1384450b0b083dfe4394f072662ac60d2a136e4cd1e4137,K0,1169.36886936723,1.2519473810496582,CBO-matched,False,a7d00727ac8a09971335e8543f3c0c7891afe6b8dac4b34c49ea0125f0fd9800,pairs,190,ClusterChain,2010,169,0,ClusterChain-K0-CBO-matched-pairs-seed2010,0,41.59338164329529
800,7de896507ae118b7d1384450b0b083dfe4394f072662ac60d2a136e4cd1e4137,K0,1649.9524692911186,1.4222758591382314,CBO-matched,False,b992b88b97b2cc1e68ee3896f07a432fd965eccb33c83348e28e5e2e79efd67c,pairs,187,ClusterChain,2011,166,0,ClusterChain-K0-CBO-matched-pairs-seed2011,0,41.60596466064453
800,7de896507ae118b7d1384450b0b083dfe4394f072662ac60d2a136e4cd1e4137,K0,1107.3211398696383,1.2522239944806033,CBO-matched,False,b72d261e3675764964dc52dff0b7ad5315675ae3f43d02a5ca66f176024589b0,pairs,187,ClusterChain,2012,166,0,ClusterChain-K0-CBO-matched-pairs-seed2012,0,39.35732579231262
800,7de896507ae118b7d1384450b0b083dfe4394f072662ac60d2a136e4cd1e4137,K0,1635.0922425818762,1.311278882487989,CBO-matched,False,85acd34be524542f3dfccf2b4c9c735746738ada51dc1f1a7321cc7b8340205f,pairs,186,ClusterChain,2013,165,0,ClusterChain-K0-CBO-matched-pairs-seed2013,0,43.771042346954346
800,7de896507ae118b7d1384450b0b083dfe4394f072662ac60d2a136e4cd1e4137,K0,2731.7491130810395,1.4417443093994577,CBO-matched,False,2cf80d642bd67142232fcfac143de13c15d98725cea0c0a77b12d694fac63017,pairs,287,ClusterChain,2014,266,0,ClusterChain-K0-CBO-matched-pairs-seed2014,0,84.8846983909607
800,7de896507ae118b7d1384450b0b083dfe4394f072662ac60d2a136e4cd1e4137,K0,1154.7208987650617,1.2848334439071643,CBO-matched,False,4ec9d63af74e61ad5ab8121d7ec1e6bf7d20ac97468864a210b0f290a2e3d7ed,pairs,189,ClusterChain,2015,168,0,ClusterChain-K0-CBO-matched-pairs-seed2015,0,42.222981691360474
800,7de896507ae118b7d1384450b0b083dfe4394f072662ac60d2a136e4cd1e4137,K0,1912.6391348045297,1.464338689118709,CBO-matched,False,c26b643a2408126fdd57f3fa40534cfb1e2ca0fc7afcac37d65b7ce58ad5af71,pairs,190,ClusterChain,2016,169,0,ClusterChain-K0-CBO-matched-pairs-seed2016,0,41.61339592933655
800,7de896507ae118b7d1384450b0b083dfe4394f072662ac60d2a136e4cd1e4137,K0,1124.1900027421536,1.2855381812408582,CBO-matched,False,c12a07bdfb6332697be2541f9bdac34e769ca5250eb8c6d34489dcd723c07457,pairs,189,ClusterChain,2017,168,0,ClusterChain-K0-CBO-matched-pairs-seed2017,0,39.60830211639404
800,7de896507ae118b7d1384450b0b083dfe4394f072662ac60d2a136e4cd1e4137,K0,1387.7213525698332,1.3994573877297698,CBO-matched,False,0de0b3b19ee542dfb3eb1f54cdcb18941794254f61d723b184943edd017370c4,pairs,195,ClusterChain,2018,174,0,ClusterChain-K0-CBO-matched-pairs-seed2018,0,41.36296248435974
800,7de896507ae118b7d1384450b0b083dfe4394f072662ac60d2a136e4cd1e4137,K0,1073.5521109563406,1.2691436572063812,CBO-matched,False,741b0e284016c45b293cba6433ee9f4e74a1179a782b4fe4bcdfefa2d9188b8b,pairs,192,ClusterChain,2019,171,0,ClusterChain-K0-CBO-matched-pairs-seed2019,0,40.8099889755249
800,7de896507ae118b7d1384450b0b083dfe4394f072662ac60d2a136e4cd1e4137,K0,1385.885610002538,1.3928661981461328,CBO-matched,False,913982948d4c101cb9719ba78e790ab530564d06b070f0158c5758171142f219,pairs,187,ClusterChain,2020,166,0,ClusterChain-K0-CBO-matched-pairs-seed2020,0,40.13866329193115
800,7de896507ae118b7d1384450b0b083dfe4394f072662ac60d2a136e4cd1e4137,K0,1146.6877417795286,1.2716665458115006,CBO-matched,False,0dc02867c0e602a3db1102b06b7db7ca677820e8925adecb134ed41b4cee63e4,pairs,187,ClusterChain,2021,166,0,ClusterChain-K0-CBO-matched-pairs-seed2021,0,41.21741437911987
800,7de896507ae118b7d1384450b0b083dfe4394f072662ac60d2a136e4cd1e4137,K0,1140.8386893170778,1.2688588069749964,CBO-matched,False,f4c0b6956b0f9c29a7513365ca18cd49ea39fbc0c4a2372a21ddc0fa6b8c72f7,pairs,189,ClusterChain,2022,168,0,ClusterChain-K0-CBO-matched-pairs-seed2022,0,39.910919427871704
800,7de896507ae118b7d1384450b0b083dfe4394f072662ac60d2a136e4cd1e4137,K0,1891.9465974524967,1.2846009584281275,CBO-matched,False,76f6b9270a90a24af791864a9ccff8bf54607f7c212dd8d726188e5b1c38e55e,pairs,190,ClusterChain,2023,169,0,ClusterChain-K0-CBO-matched-pairs-seed2023,0,43.18381190299988
800,7de896507ae118b7d1384450b0b083dfe4394f072662ac60d2a136e4cd1e4137,K0,1108.7114675319303,1.2575208237516415,CBO-matched,False,6bceaf96787e7817cdad11ea1a53af75aebe2b3ebc20b8d9a8a724a76cf478ea,pairs,188,ClusterChain,2024,167,0,ClusterChain-K0-CBO-matched-pairs-seed2024,0,41.0707426071167
800,7de896507ae118b7d1384450b0b083dfe4394f072662ac60d2a136e4cd1e4137,K0,1559.1361889440295,1.2819562107168427,CBO-matched,False,f2066487c61bccea9b6085a867b5fdd055a6a8cf0eeef2bd283c6139aa52288e,pairs,187,ClusterChain,2025,166,0,ClusterChain-K0-CBO-matched-pairs-seed2025,0,42.771660804748535
800,7de896507ae118b7d1384450b0b083dfe4394f072662ac60d2a136e4cd1e4137,K0,1774.4053094681335,1.3469493486995072,CBO-matched,False,56ef366e7a288b01e860dfd3ce3d81d5afa602ba5001e4335aa8693c9361757a,pairs,187,ClusterChain,2026,166,0,ClusterChain-K0-CBO-matched-pairs-seed2026,0,41.21622133255005
800,7de896507ae118b7d1384450b0b083dfe4394f072662ac60d2a136e4cd1e4137,K0,1125.7823593445924,1.2647498195183093,CBO-matched,False,6843c8b93a05db5856fcf2053eef547ac069c8aedfc7fa2470885444b5ea1eaf,pairs,190,ClusterChain,2027,169,0,ClusterChain-K0-CBO-matched-pairs-seed2027,0,41.467252016067505
800,7de896507ae118b7d1384450b0b083dfe4394f072662ac60d2a136e4cd1e4137,K0,1156.8735620944562,1.2551599415081527,CBO-matched,False,7344d0630c4d534767b982960d46fb57ee3014acf2ba544d09c3bd5f5fe17ee2,pairs,188,ClusterChain,2028,167,0,ClusterChain-K0-CBO-matched-pairs-seed2028,0,41.5194787979126
800,7de896507ae118b7d1384450b0b083dfe4394f072662ac60d2a136e4cd1e4137,K0,1341.1549214192917,1.2592242408085248,CBO-matched,False,e153eaf92d0862583adb10a8e0b74e5db3aaf0ad975c778b5ee961e8eaa85340,pairs,188,ClusterChain,2029,167,0,ClusterChain-K0-CBO-matched-pairs-seed2029,0,40.949129819869995
800,7de896507ae118b7d1384450b0b083dfe4394f072662ac60d2a136e4cd1e4137,K0,944.8050177657515,0.29443147234144046,CBO,False,b7c186e223169dbab1f0a322cb5eeb5ae69e01a0969ad311b40bc035897a0709,fine,335,ClusterChain,2000,194,0,ClusterChain-K0-CBO-seed2000,0,257.4224865436554
800,7de896507ae118b7d1384450b0b083dfe4394f072662ac60d2a136e4cd1e4137,K0,653.0309935374086,0.13791027071863032,CBO,False,9d005a0c4786bfcf65e2d9d0d1836f57e6d1942b32ad847c20e2c9bc9c60b67a,fine,334,ClusterChain,2001,193,0,ClusterChain-K0-CBO-seed2001,0,282.2783553600311
800,7de896507ae118b7d1384450b0b083dfe4394f072662ac60d2a136e4cd1e4137,K0,670.7147061831428,0.270685771157446,CBO,False,4e340053dade88aaf91c8c6deef4c45a8f9344adb29939d6116ff4c2a48d37d5,fine,326,ClusterChain,2002,185,0,ClusterChain-K0-CBO-seed2002,0,253.1923804283142
800,7de896507ae118b7d1384450b0b083dfe4394f072662ac60d2a136e4cd1e4137,K0,358.1517970499487,0.009429661942147477,CBO,False,967d6c1f54b5d00830842f883c3e074492d9489ff372a84801884c33e100d4cf,fine,325,ClusterChain,2003,184,0,ClusterChain-K0-CBO-seed2003,0,251.4438328742981
800,7de896507ae118b7d1384450b0b083dfe4394f072662ac60d2a136e4cd1e4137,K0,471.2782904829456,0.15730950396849255,CBO,False,fe48b3c52ee35996054ee8de9a634a46666d7fb0bc423caee0d84de832d5585b,fine,323,ClusterChain,2004,182,0,ClusterChain-K0-CBO-seed2004,0,239.802099943161
800,7de896507ae118b7d1384450b0b083dfe4394f072662ac60d2a136e4cd1e4137,K0,543.0273924405088,0.04271815536502999,CBO,False,a381726b36eaeb765c608461e4a863a219be22e5fa5f7c8c13bed9c7bc80162f,fine,330,ClusterChain,2005,189,0,ClusterChain-K0-CBO-seed2005,0,273.72975516319275
800,7de896507ae118b7d1384450b0b083dfe4394f072662ac60d2a136e4cd1e4137,K0,397.9465184408874,0.02052077908675838,CBO,False,bb708dce34dd42fcfbb28fcdc14b3da1f87ff8ab7ac0d8c1bcd9cdecb27448bd,fine,333,ClusterChain,2006,192,0,ClusterChain-K0-CBO-seed2006,0,265.2889256477356
800,7de896507ae118b7d1384450b0b083dfe4394f072662ac60d2a136e4cd1e4137,K0,806.490669495324,0.07202481026024674,CBO,False,f757dbd32ac8377c3eb94a493985b47bd0a5d6d660d6893cc1482e95fc3b6922,fine,332,ClusterChain,2007,191,0,ClusterChain-K0-CBO-seed2007,0,269.9675624370575
800,7de896507ae118b7d1384450b0b083dfe4394f072662ac60d2a136e4cd1e4137,K0,278.3430387274246,0.012574009592044674,CBO,False,33fae087d26a42438644d1baf59bb577bf62075328f4e35cb7cce89652b7faa3,fine,328,ClusterChain,2008,187,0,ClusterChain-K0-CBO-seed2008,0,251.73028922080994
800,7de896507ae118b7d1384450b0b083dfe4394f072662ac60d2a136e4cd1e4137,K0,428.65071582374026,0.03291481566875724,CBO,False,979ead175e112384f60fe2a83504d620c08a8777b2cc3e48ac38cae48c7f4ae7,fine,334,ClusterChain,2009,193,0,ClusterChain-K0-CBO-seed2009,0,269.03498554229736
800,7de896507ae118b7d1384450b0b083dfe4394f072662ac60d2a136e4cd1e4137,K0,1439.5031235119839,1.2504101552562505,CBO,False,a7d00727ac8a09971335e8543f3c0c7891afe6b8dac4b34c49ea0125f0fd9800,fine,352,ClusterChain,2010,211,0,ClusterChain-K0-CBO-seed2010,0,295.3801007270813
800,7de896507ae118b7d1384450b0b083dfe4394f072662ac60d2a136e4cd1e4137,K0,122.39295388337253,0.01741220624437107,CBO,False,b992b88b97b2cc1e68ee3896f07a432fd965eccb33c83348e28e5e2e79efd67c,fine,326,ClusterChain,2011,185,0,ClusterChain-K0-CBO-seed2011,0,247.2662398815155
800,7de896507ae118b7d1384450b0b083dfe4394f072662ac60d2a136e4cd1e4137,K0,173.02694534616757,0.003658501865513114,CBO,False,b72d261e3675764964dc52dff0b7ad5315675ae3f43d02a5ca66f176024589b0,fine,332,ClusterChain,2012,191,0,ClusterChain-K0-CBO-seed2012,0,258.889532327652
800,7de896507ae118b7d1384450b0b083dfe4394f072662ac60d2a136e4cd1e4137,K0,1265.651750480821,0.26563618156956403,CBO,False,85acd34be524542f3dfccf2b4c9c735746738ada51dc1f1a7321cc7b8340205f,fine,332,ClusterChain,2013,191,0,ClusterChain-K0-CBO-seed2013,0,268.89748096466064
800,7de896507ae118b7d1384450b0b083dfe4394f072662ac60d2a136e4cd1e4137,K0,189.96206402178214,0.0443763841118815,CBO,False,2cf80d642bd67142232fcfac143de13c15d98725cea0c0a77b12d694fac63017,fine,422,ClusterChain,2014,281,0,ClusterChain-K0-CBO-seed2014,0,399.7842082977295
800,7de896507ae118b7d1384450b0b083dfe4394f072662ac60d2a136e4cd1e4137,K0,721.4002574531746,0.043685417264044464,CBO,False,4ec9d63af74e61ad5ab8121d7ec1e6bf7d20ac97468864a210b0f290a2e3d7ed,fine,332,ClusterChain,2015,191,0,ClusterChain-K0-CBO-seed2015,0,266.97144079208374
800,7de896507ae118b7d1384450b0b083dfe4394f072662ac60d2a136e4cd1e4137,K0,985.8748209299977,0.09853235492303827,CBO,False,c26b643a2408126fdd57f3fa40534cfb1e2ca0fc7afcac37d65b7ce58ad5af71,fine,345,ClusterChain,2016,204,0,ClusterChain-K0-CBO-seed2016,0,282.6001923084259
800,7de896507ae118b7d1384450b0b083dfe4394f072662ac60d2a136e4cd1e4137,K0,848.1054825944607,0.0666423745541535,CBO,False,c12a07bdfb6332697be2541f9bdac34e769ca5250eb8c6d34489dcd723c07457,fine,335,ClusterChain,2017,194,0,ClusterChain-K0-CBO-seed2017,0,265.0677242279053
800,7de896507ae118b7d1384450b0b083dfe4394f072662ac60d2a136e4cd1e4137,K0,783.7006229983896,0.13554331228350486,CBO,False,0de0b3b19ee542dfb3eb1f54cdcb18941794254f61d723b184943edd017370c4,fine,332,ClusterChain,2018,191,0,ClusterChain-K0-CBO-seed2018,0,259.55349254608154
800,7de896507ae118b7d1384450b0b083dfe4394f072662ac60d2a136e4cd1e4137,K0,129.57639776001588,0.042793221725424,CBO,False,741b0e284016c45b293cba6433ee9f4e74a1179a782b4fe4bcdfefa2d9188b8b,fine,329,ClusterChain,2019,188,0,ClusterChain-K0-CBO-seed2019,0,255.96059584617615
800,7de896507ae118b7d1384450b0b083dfe4394f072662ac60d2a136e4cd1e4137,K0,502.842328903347,0.010719163582857155,CBO,False,913982948d4c101cb9719ba78e790ab530564d06b070f0158c5758171142f219,fine,327,ClusterChain,2020,186,0,ClusterChain-K0-CBO-seed2020,0,250.65752959251404
800,7de896507ae118b7d1384450b0b083dfe4394f072662ac60d2a136e4cd1e4137,K0,927.401534854768,0.289860612419516,CBO,False,0dc02867c0e602a3db1102b06b7db7ca677820e8925adecb134ed41b4cee63e4,fine,335,ClusterChain,2021,194,0,ClusterChain-K0-CBO-seed2021,0,271.42270064353943
800,7de896507ae118b7d1384450b0b083dfe4394f072662ac60d2a136e4cd1e4137,K0,1459.1238227740287,0.21000928805030614,CBO,False,f4c0b6956b0f9c29a7513365ca18cd49ea39fbc0c4a2372a21ddc0fa6b8c72f7,fine,398,ClusterChain,2022,257,0,ClusterChain-K0-CBO-seed2022,0,403.92116928100586
800,7de896507ae118b7d1384450b0b083dfe4394f072662ac60d2a136e4cd1e4137,K0,1002.0099799374304,0.24576092122259666,CBO,False,76f6b9270a90a24af791864a9ccff8bf54607f7c212dd8d726188e5b1c38e55e,fine,341,ClusterChain,2023,200,0,ClusterChain-K0-CBO-seed2023,0,276.3471245765686
800,7de896507ae118b7d1384450b0b083dfe4394f072662ac60d2a136e4cd1e4137,K0,1034.3291247423265,0.3127437381489191,CBO,False,6bceaf96787e7817cdad11ea1a53af75aebe2b3ebc20b8d9a8a724a76cf478ea,fine,343,ClusterChain,2024,202,0,ClusterChain-K0-CBO-seed2024,0,263.7393229007721
800,7de896507ae118b7d1384450b0b083dfe4394f072662ac60d2a136e4cd1e4137,K0,1158.3357885951211,0.8875744186501316,CBO,False,f2066487c61bccea9b6085a867b5fdd055a6a8cf0eeef2bd283c6139aa52288e,fine,345,ClusterChain,2025,204,0,ClusterChain-K0-CBO-seed2025,0,274.99295377731323
800,7de896507ae118b7d1384450b0b083dfe4394f072662ac60d2a136e4cd1e4137,K0,348.13013014900986,0.05147881378058284,CBO,False,56ef366e7a288b01e860dfd3ce3d81d5afa602ba5001e4335aa8693c9361757a,fine,324,ClusterChain,2026,183,0,ClusterChain-K0-CBO-seed2026,0,246.08820962905884
800,7de896507ae118b7d1384450b0b083dfe4394f072662ac60d2a136e4cd1e4137,K0,814.5985315740423,0.5052578050479484,CBO,False,6843c8b93a05db5856fcf2053eef547ac069c8aedfc7fa2470885444b5ea1eaf,fine,332,ClusterChain,2027,191,0,ClusterChain-K0-CBO-seed2027,0,266.4041097164154
800,7de896507ae118b7d1384450b0b083dfe4394f072662ac60d2a136e4cd1e4137,K0,912.3616292050435,0.0733221833652343,CBO,False,7344d0630c4d534767b982960d46fb57ee3014acf2ba544d09c3bd5f5fe17ee2,fine,338,ClusterChain,2028,197,0,ClusterChain-K0-CBO-seed2028,0,275.58274602890015
800,7de896507ae118b7d1384450b0b083dfe4394f072662ac60d2a136e4cd1e4137,K0,1249.062377277763,1.2583192785303623,CBO,False,e153eaf92d0862583adb10a8e0b74e5db3aaf0ad975c778b5ee961e8eaa85340,fine,357,ClusterChain,2029,216,0,ClusterChain-K0-CBO-seed2029,0,304.572966337204
800,7de896507ae118b7d1384450b0b083dfe4394f072662ac60d2a136e4cd1e4137,K0,1720.0130981866373,2.081953930739191,HQCBO,False,b7c186e223169dbab1f0a322cb5eeb5ae69e01a0969ad311b40bc035897a0709,pairs,310,ClusterChain,2000,289,0,ClusterChain-K0-HQCBO-pairs-seed2000,0,119.0849335193634
800,7de896507ae118b7d1384450b0b083dfe4394f072662ac60d2a136e4cd1e4137,K0,1370.4116285716666,1.6451427058628068,HQCBO,False,9d005a0c4786bfcf65e2d9d0d1836f57e6d1942b32ad847c20e2c9bc9c60b67a,pairs,311,ClusterChain,2001,290,0,ClusterChain-K0-HQCBO-pairs-seed2001,0,117.7096300125122
800,7de896507ae118b7d1384450b0b083dfe4394f072662ac60d2a136e4cd1e4137,K0,3251.285126850733,3.981297790646545,HQCBO,False,4e340053dade88aaf91c8c6deef4c45a8f9344adb29939d6116ff4c2a48d37d5,pairs,314,ClusterChain,2002,293,0,ClusterChain-K0-HQCBO-pairs-seed2002,0,130.91835689544678
800,7de896507ae118b7d1384450b0b083dfe4394f072662ac60d2a136e4cd1e4137,K0,2283.506055962385,2.7508208816827415,HQCBO,False,967d6c1f54b5d00830842f883c3e074492d9489ff372a84801884c33e100d4cf,pairs,309,ClusterChain,2003,288,0,ClusterChain-K0-HQCBO-pairs-seed2003,0,114.66201043128967
800,7de896507ae118b7d1384450b0b083dfe4394f072662ac60d2a136e4cd1e4137,K0,1677.7178354694793,1.8366504457943018,HQCBO,False,fe48b3c52ee35996054ee8de9a634a46666d7fb0bc423caee0d84de832d5585b,pairs,297,ClusterChain,2004,276,0,ClusterChain-K0-HQCBO-pairs-seed2004,0,98.45148825645447
800,7de896507ae118b7d1384450b0b083dfe4394f072662ac60d2a136e4cd1e4137,K0,1175.042863536104,1.384066696141985,HQCBO,False,a381726b36eaeb765c608461e4a863a219be22e5fa5f7c8c13bed9c7bc80162f,pairs,307,ClusterChain,2005,286,0,ClusterChain-K0-HQCBO-pairs-seed2005,0,114.74012541770935
800,7de896507ae118b7d1384450b0b083dfe4394f072662ac60d2a136e4cd1e4137,K0,2594.464925077356,3.184430113492001,HQCBO,False,bb708dce34dd42fcfbb28fcdc14b3da1f87ff8ab7ac0d8c1bcd9cdecb27448bd,pairs,317,ClusterChain,2006,296,0,ClusterChain-K0-HQCBO-pairs-seed2006,0,126.75010347366333
800,7de896507ae118b7d1384450b0b083dfe4394f072662ac60d2a136e4cd1e4137,K0,2318.8963887929317,2.854238261190964,HQCBO,False,f757dbd32ac8377c3eb94a493985b47bd0a5d6d660d6893cc1482e95fc3b6922,pairs,317,ClusterChain,2007,296,0,ClusterChain-K0-HQCBO-pairs-seed2007,0,134.62907004356384
800,7de896507ae118b7d1384450b0b083dfe4394f072662ac60d2a136e4cd1e4137,K0,1584.5958320388363,1.890012779964265,HQCBO,False,33fae087d26a42438644d1baf59bb577bf62075328f4e35cb7cce89652b7faa3,pairs,309,ClusterChain,2008,288,0,ClusterChain-K0-HQCBO-pairs-seed2008,0,115.97123098373413
800,7de896507ae118b7d1384450b0b083dfe4394f072662ac60d2a136e4cd1e4137,K0,2455.2707527934485,2.93079455857284,HQCBO,False,979ead175e112384f60fe2a83504d620c08a8777b2cc3e48ac38cae48c7f4ae7,pairs,316,ClusterChain,2009,295,0,ClusterChain-K0-HQCBO-pairs-seed2009,0,124.11361575126648
800,7de896507ae118b7d1384450b0b083dfe4394f072662ac60d2a136e4cd1e4137,K0,1169.7166902340875,1.2640787587389828,HQCBO,False,a7d00727ac8a09971335e8543f3c0c7891afe6b8dac4b34c49ea0125f0fd9800,pairs,306,ClusterChain,2010,285,0,ClusterChain-K0-HQCBO-pairs-seed2010,0,105.31918597221375
800,7de896507ae118b7d1384450b0b083dfe4394f072662ac60d2a136e4cd1e4137,K0,3206.7192254463534,3.971013361195915,HQCBO,False,b992b88b97b2cc1e68ee3896f07a432fd965eccb33c83348e28e5e2e79efd67c,pairs,317,ClusterChain,2011,296,0,ClusterChain-K0-HQCBO-pairs-seed2011,0,141.53933000564575
800,7de896507ae118b7d1384450b0b083dfe4394f072662ac60d2a136e4cd1e4137,K0,1586.83916641373,1.9219937102333526,HQCBO,False,b72d261e3675764964dc52dff0b7ad5315675ae3f43d02a5ca66f176024589b0,pairs,313,ClusterChain,2012,292,0,ClusterChain-K0-HQCBO-pairs-seed2012,0,123.14227628707886
800,7de896507ae118b7d1384450b0b083dfe4394f072662ac60d2a136e4cd1e4137,K0,3227.151924546904,3.980059817062875,HQCBO,False,85acd34be524542f3dfccf2b4c9c735746738ada51dc1f1a7321cc7b8340205f,pairs,318,ClusterChain,2013,297,0,ClusterChain-K0-HQCBO-pairs-seed2013,0,121.38169312477112
800,7de896507ae118b7d1384450b0b083dfe4394f072662ac60d2a136e4cd1e4137,K0,3232.78490368006,3.9680207662963793,HQCBO,False,2cf80d642bd67142232fcfac143de13c15d98725cea0c0a77b12d694fac63017,pairs,367,ClusterChain,2014,346,0,ClusterChain-K0-HQCBO-pairs-seed2014,0,154.40870094299316
800,7de896507ae118b7d1384450b0b083dfe4394f072662ac60d2a136e4cd1e4137,K0,2063.430238614857,2.5276844290256872,HQCBO,False,4ec9d63af74e61ad5ab8121d7ec1e6bf7d20ac97468864a210b0f290a2e3d7ed,pairs,315,ClusterChain,2015,294,0,ClusterChain-K0-HQCBO-pairs-seed2015,0,140.98823356628418
800,7de896507ae118b7d1384450b0b083dfe4394f072662ac60d2a136e4cd1e4137,K0,3466.7627957072673,4.2503445938356155,HQCBO,False,c26b643a2408126fdd57f3fa40534cfb1e2ca0fc7afcac37d65b7ce58ad5af71,pairs,318,ClusterChain,2016,297,0,ClusterChain-K0-HQCBO-pairs-seed2016,0,116.65958523750305
800,7de896507ae118b7d1384450b0b083dfe4394f072662ac60d2a136e4cd1e4137,K0,1648.4144003781,2.057945568512017,HQCBO,False,c12a07bdfb6332697be2541f9bdac34e769ca5250eb8c6d34489dcd723c07457,pairs,315,ClusterChain,2017,294,0,ClusterChain-K0-HQCBO-pairs-seed2017,0,123.47381567955017
800,7de896507ae118b7d1384450b0b083dfe4394f072662ac60d2a136e4cd1e4137,K0,3442.6020816739524,4.276697674882626,HQCBO,False,0de0b3b19ee542dfb3eb1f54cdcb18941794254f61d723b184943edd017370c4,pairs,320,ClusterChain,2018,299,0,ClusterChain-K0-HQCBO-pairs-seed2018,0,123.13463187217712
800,7de896507ae118b7d1384450b0b083dfe4394f072662ac60d2a136e4cd1e4137,K0,1097.012236625336,1.3059727398892953,HQCBO,False,741b0e284016c45b293cba6433ee9f4e74a1179a782b4fe4bcdfefa2d9188b8b,pairs,309,ClusterChain,2019,288,0,ClusterChain-K0-HQCBO-pairs-seed2019,0,115.5393180847168
800,7de896507ae118b7d1384450b0b083dfe4394f072662ac60d2a136e4cd1e4137,K0,1871.3259981440692,2.1749802509213016,HQCBO,False,913982948d4c101cb9719ba78e790ab530564d06b070f0158c5758171142f219,pairs,302,ClusterChain,2020,281,0,ClusterChain-K0-HQCBO-pairs-seed2020,0,107.92027425765991
800,7de896507ae118b7d1384450b0b083dfe4394f072662ac60d2a136e4cd1e4137,K0,1537.6746220519874,1.8274618829008853,HQCBO,False,0dc02867c0e602a3db1102b06b7db7ca677820e8925adecb134ed41b4cee63e4,pairs,313,ClusterChain,2021,292,0,ClusterChain-K0-HQCBO-pairs-seed2021,0,118.16404104232788
800,7de896507ae118b7d1384450b0b083dfe4394f072662ac60d2a136e4cd1e4137,K0,1272.4579492709909,1.487340662589449,HQCBO,False,f4c0b6956b0f9c29a7513365ca18cd49ea39fbc0c4a2372a21ddc0fa6b8c72f7,pairs,310,ClusterChain,2022,289,0,ClusterChain-K0-HQCBO-pairs-seed2022,0,113.13030409812927
800,7de896507ae118b7d1384450b0b083dfe4394f072662ac60d2a136e4cd1e4137,K0,3237.128098792025,3.985172337149568,HQCBO,False,76f6b9270a90a24af791864a9ccff8bf54607f7c212dd8d726188e5b1c38e55e,pairs,318,ClusterChain,2023,297,0,ClusterChain-K0-HQCBO-pairs-seed2023,0,124.32185983657837
800,7de896507ae118b7d1384450b0b083dfe4394f072662ac60d2a136e4cd1e4137,K0,1262.6382034981923,1.4746324185826731,HQCBO,False,6bceaf96787e7817cdad11ea1a53af75aebe2b3ebc20b8d9a8a724a76cf478ea,pairs,310,ClusterChain,2024,289,0,ClusterChain-K0-HQCBO-pairs-seed2024,0,125.2387285232544
800,7de896507ae118b7d1384450b0b083dfe4394f072662ac60d2a136e4cd1e4137,K0,3313.715481802833,4.062941972753494,HQCBO,False,f2066487c61bccea9b6085a867b5fdd055a6a8cf0eeef2bd283c6139aa52288e,pairs,311,ClusterChain,2025,290,0,ClusterChain-K0-HQCBO-pairs-seed2025,0,125.02056574821472
800,7de896507ae118b7d1384450b0b083dfe4394f072662ac60d2a136e4cd1e4137,K0,3198.7385616236397,3.9687707989745853,HQCBO,False,56ef366e7a288b01e860dfd3ce3d81d5afa602ba5001e4335aa8693c9361757a,pairs,312,ClusterChain,2026,291,0,ClusterChain-K0-HQCBO-pairs-seed2026,0,129.06916403770447
800,7de896507ae118b7d1384450b0b083dfe4394f072662ac60d2a136e4cd1e4137,K0,2011.7943991210075,2.460683718219014,HQCBO,False,6843c8b93a05db5856fcf2053eef547ac069c8aedfc7fa2470885444b5ea1eaf,pairs,317,ClusterChain,2027,296,0,ClusterChain-K0-HQCBO-pairs-seed2027,0,142.49154829978943
800,7de896507ae118b7d1384450b0b083dfe4394f072662ac60d2a136e4cd1e4137,K0,1321.1824494787545,1.5199467876669586,HQCBO,False,7344d0630c4d534767b982960d46fb57ee3014acf2ba544d09c3bd5f5fe17ee2,pairs,306,ClusterChain,2028,285,0,ClusterChain-K0-HQCBO-pairs-seed2028,0,124.58574914932251
800,7de896507ae118b7d1384450b0b083dfe4394f072662ac60d2a136e4cd1e4137,K0,2827.3576896406507,3.4551301372904994,HQCBO,False,e153eaf92d0862583adb10a8e0b74e5db3aaf0ad975c778b5ee961e8eaa85340,pairs,310,ClusterChain,2029,289,0,ClusterChain-K0-HQCBO-pairs-seed2029,0,131.20225143432617
800,7de896507ae118b7d1384450b0b083dfe4394f072662ac60d2a136e4cd1e4137,K0,3789.2126812614406,4.730602598328835,QCBO-NP,False,b7c186e223169dbab1f0a322cb5eeb5ae69e01a0969ad311b40bc035897a0709,alt,246,ClusterChain,2000,201,0,ClusterChain-K0-QCBO-NP-alt-seed2000,0,21.850337266921997
800,7de896507ae118b7d1384450b0b083dfe4394f072662ac60d2a136e4cd1e4137,K0,3731.9106363651367,4.659064464875262,QCBO-NP,False,9d005a0c4786bfcf65e2d9d0d1836f57e6d1942b32ad847c20e2c9bc9c60b67a,alt,248,ClusterChain,2001,203,0,ClusterChain-K0-QCBO-NP-alt-seed2001,0,21.87782335281372
800,7de896507ae118b7d1384450b0b083dfe4394f072662ac60d2a136e4cd1e4137,K0,6005.154051486017,5.736513814340631,QCBO-NP,False,4e340053dade88aaf91c8c6deef4c45a8f9344adb29939d6116ff4c2a48d37d5,alt,254,ClusterChain,2002,209,0,ClusterChain-K0-QCBO-NP-alt-seed2002,0,21.704692363739014
800,7de896507ae118b7d1384450b0b083dfe4394f072662ac60d2a136e4cd1e4137,K0,3111.0997206902857,3.8840196263299105,QCBO-NP,False,967d6c1f54b5d00830842f883c3e074492d9489ff372a84801884c33e100d4cf,alt,246,ClusterChain,2003,201,0,ClusterChain-K0-QCBO-NP-alt-seed2003,0,21.813546657562256
800,7de896507ae118b7d1384450b0b083dfe4394f072662ac60d2a136e4cd1e4137,K0,5361.314383169121,6.693276383482086,QCBO-NP,False,fe48b3c52ee35996054ee8de9a634a46666d7fb0bc423caee0d84de832d5585b,alt,251,ClusterChain,2004,206,0,ClusterChain-K0-QCBO-NP-alt-seed2004,0,22.761528730392456
800,7de896507ae118b7d1384450b0b083dfe4394f072662ac60d2a136e4cd1e4137,K0,3712.4829810174315,4.634810213504967,QCBO-NP,False,a381726b36eaeb765c608461e4a863a219be22e5fa5f7c8c13bed9c7bc80162f,alt,245,ClusterChain,2005,200,0,ClusterChain-K0-QCBO-NP-alt-seed2005,0,22.753267526626587
800,7de896507ae118b7d1384450b0b083dfe4394f072662ac60d2a136e4cd1e4137,K0,4250.806740106866,5.062174972550091,QCBO-NP,False,bb708dce34dd42fcfbb28fcdc14b3da1f87ff8ab7ac0d8c1bcd9cdecb27448bd,alt,250,ClusterChain,2006,205,0,ClusterChain-K0-QCBO-NP-alt-seed2006,0,21.692394495010376
800,7de896507ae118b7d1384450b0b083dfe4394f072662ac60d2a136e4cd1e4137,K0,5857.598099861376,6.182916251066038,QCBO-NP,False,f757dbd32ac8377c3eb94a493985b47bd0a5d6d660d6893cc1482e95fc3b6922,alt,253,ClusterChain,2007,208,0,ClusterChain-K0-QCBO-NP-alt-seed2007,0,22.37157917022705
800,7de896507ae118b7d1384450b0b083dfe4394f072662ac60d2a136e4cd1e4137,K0,3699.3948558218394,4.6184704816752635,QCBO-NP,False,33fae087d26a42438644d1baf59bb577bf62075328f4e35cb7cce89652b7faa3,alt,248,ClusterChain,2008,203,0,ClusterChain-K0-QCBO-NP-alt-seed2008,0,21.416237354278564
800,7de896507ae118b7d1384450b0b083dfe4394f072662ac60d2a136e4cd1e4137,K0,4393.873796146019,5.477086174685266,QCBO-NP,False,979ead175e112384f60fe2a83504d620c08a8777b2cc3e48ac38cae48c7f4ae7,alt,252,ClusterChain,2009,207,0,ClusterChain-K0-QCBO-NP-alt-seed2009,0,22.51950478553772
800,7de896507ae118b7d1384450b0b083dfe4394f072662ac60d2a136e4cd1e4137,K0,5389.65570322608,6.08348998008292,QCBO-NP,False,a7d00727ac8a09971335e8543f3c0c7891afe6b8dac4b34c49ea0125f0fd9800,alt,255,ClusterChain,2010,210,0,ClusterChain-K0-QCBO-NP-alt-seed2010,0,22.34149670600891
800,7de896507ae118b7d1384450b0b083dfe4394f072662ac60d2a136e4cd1e4137,K0,4693.99196741523,5.49426541574683,QCBO-NP,False,b992b88b97b2cc1e68ee3896f07a432fd965eccb33c83348e28e5e2e79efd67c,alt,250,ClusterChain,2011,205,0,ClusterChain-K0-QCBO-NP-alt-seed2011,0,22.000508785247803
800,7de896507ae118b7d1384450b0b083dfe4394f072662ac60d2a136e4cd1e4137,K0,5084.9028600419315,5.246794452697338,QCBO-NP,False,b72d261e3675764964dc52dff0b7ad5315675ae3f43d02a5ca66f176024589b0,alt,253,ClusterChain,2012,208,0,ClusterChain-K0-QCBO-NP-alt-seed2012,0,22.04477834701538
800,7de896507ae118b7d1384450b0b083dfe4394f072662ac60d2a136e4cd1e4137,K0,5784.283522810391,4.153607025163931,QCBO-NP,False,85acd34be524542f3dfccf2b4c9c735746738ada51dc1f1a7321cc7b8340205f,alt,256,ClusterChain,2013,211,0,ClusterChain-K0-QCBO-NP-alt-seed2013,0,22.954073429107666
800,7de896507ae118b7d1384450b0b083dfe4394f072662ac60d2a136e4cd1e4137,K0,614.2836012346573,0.7668958816912164,QCBO-NP,False,2cf80d642bd67142232fcfac143de13c15d98725cea0c0a77b12d694fac63017,alt,236,ClusterChain,2014,191,0,ClusterChain-K0-QCBO-NP-alt-seed2014,0,22.92904782295227
800,7de896507ae118b7d1384450b0b083dfe4394f072662ac60d2a136e4cd1e4137,K0,6021.4445969419085,6.162881335969374,QCBO-NP,False,4ec9d63af74e61ad5ab8121d7ec1e6bf7d20ac97468864a210b0f290a2e3d7ed,alt,255,ClusterChain,2015,210,0,ClusterChain-K0-QCBO-NP-alt-seed2015,0,24.453251600265503
800,7de896507ae118b7d1384450b0b083dfe4394f072662ac60d2a136e4cd1e4137,K0,4255.621683201348,5.29479120624756,QCBO-NP,False,c26b643a2408126fdd57f3fa40534cfb1e2ca0fc7afcac37d65b7ce58ad5af71,alt,249,ClusterChain,2016,204,0,ClusterChain-K0-QCBO-NP-alt-seed2016,0,22.807859659194946
800,7de896507ae118b7d1384450b0b083dfe4394f072662ac60d2a136e4cd1e4137,K0,1648.4144003781,2.057945568512017,QCBO-NP,False,c12a07bdfb6332697be2541f9bdac34e769ca5250eb8c6d34489dcd723c07457,alt,240,ClusterChain,2017,195,0,ClusterChain-K0-QCBO-NP-alt-seed2017,0,21.79328417778015
800,7de896507ae118b7d1384450b0b083dfe4394f072662ac60d2a136e4cd1e4137,K0,4130.5351529358,5.156723037373076,QCBO-NP,False,0de0b3b19ee542dfb3eb1f54cdcb18941794254f61d723b184943edd017370c4,alt,249,ClusterChain,2018,204,0,ClusterChain-K0-QCBO-NP-alt-seed2018,0,23.036291360855103
800,7de896507ae118b7d1384450b0b083dfe4394f072662ac60d2a136e4cd1e4137,K0,1618.0499497353444,2.0200373904311713,QCBO-NP,False,741b0e284016c45b293cba6433ee9f4e74a1179a782b4fe4bcdfefa2d9188b8b,alt,239,ClusterChain,2019,194,0,ClusterChain-K0-QCBO-NP-alt-seed2019,0,22.0410897731781
800,7de896507ae118b7d1384450b0b083dfe4394f072662ac60d2a136e4cd1e4137,K0,6316.850797711583,7.085704573247113,QCBO-NP,False,913982948d4c101cb9719ba78e790ab530564d06b070f0158c5758171142f219,alt,253,ClusterChain,2020,208,0,ClusterChain-K0-QCBO-NP-alt-seed2020,0,22.02242922782898
800,7de896507ae118b7d1384450b0b083dfe4394f072662ac60d2a136e4cd1e4137,K0,4234.69577424996,4.570956226764646,QCBO-NP,False,0dc02867c0e602a3db1102b06b7db7ca677820e8925adecb134ed41b4cee63e4,alt,251,ClusterChain,2021,206,0,ClusterChain-K0-QCBO-NP-alt-seed2021,0,23.020453214645386
800,7de896507ae118b7d1384450b0b083dfe4394f072662ac60d2a136e4cd1e4137,K0,3899.1219974181117,4.718197025822437,QCBO-NP,False,f4c0b6956b0f9c29a7513365ca18cd49ea39fbc0c4a2372a21ddc0fa6b8c72f7,alt,246,ClusterChain,2022,201,0,ClusterChain-K0-QCBO-NP-alt-seed2022,0,21.468998432159424
800,7de896507ae118b7d1384450b0b083dfe4394f072662ac60d2a136e4cd1e4137,K0,5599.952428195861,5.075724316519963,QCBO-NP,False,76f6b9270a90a24af791864a9ccff8bf54607f7c212dd8d726188e5b1c38e55e,alt,251,ClusterChain,2023,206,0,ClusterChain-K0-QCBO-NP-alt-seed2023,0,22.263019323349
800,7de896507ae118b7d1384450b0b083dfe4394f072662ac60d2a136e4cd1e4137,K0,4869.191136103073,6.064640557601171,QCBO-NP,False,6bceaf96787e7817cdad11ea1a53af75aebe2b3ebc20b8d9a8a724a76cf478ea,alt,249,ClusterChain,2024,204,0,ClusterChain-K0-QCBO-NP-alt-seed2024,0,22.37039303779602
800,7de896507ae118b7d1384450b0b083dfe4394f072662ac60d2a136e4cd1e4137,K0,4367.903712916798,5.225269620546105,QCBO-NP,False,f2066487c61bccea9b6085a867b5fdd055a6a8cf0eeef2bd283c6139aa52288e,alt,250,ClusterChain,2025,205,0,ClusterChain-K0-QCBO-NP-alt-seed2025,0,22.405630826950073
800,7de896507ae118b7d1384450b0b083dfe4394f072662ac60d2a136e4cd1e4137,K0,5897.185547808693,6.382195001048234,QCBO-NP,False,56ef366e7a288b01e860dfd3ce3d81d5afa602ba5001e4335aa8693c9361757a,alt,252,ClusterChain,2026,207,0,ClusterChain-K0-QCBO-NP-alt-seed2026,0,22.861709356307983
800,7de896507ae118b7d1384450b0b083dfe4394f072662ac60d2a136e4cd1e4137,K0,4721.447431241923,4.220830554710372,QCBO-NP,False,6843c8b93a05db5856fcf2053eef547ac069c8aedfc7fa2470885444b5ea1eaf,alt,252,ClusterChain,2027,207,0,ClusterChain-K0-QCBO-NP-alt-seed2027,0,22.555171251296997
800,7de896507ae118b7d1384450b0b083dfe4394f072662ac60d2a136e4cd1e4137,K0,4727.015606168962,3.7045590081379425,QCBO-NP,False,7344d0630c4d534767b982960d46fb57ee3014acf2ba544d09c3bd5f5fe17ee2,alt,251,ClusterChain,2028,206,0,ClusterChain-K0-QCBO-NP-alt-seed2028,0,21.790913581848145
800,7de896507ae118b7d1384450b0b083dfe4394f072662ac60d2a136e4cd1e4137,K0,4008.521412630084,5.004396270449615,QCBO-NP,False,e153eaf92d0862583adb10a8e0b74e5db3aaf0ad975c778b5ee961e8eaa85340,alt,245,ClusterChain,2029,200,0,ClusterChain-K0-QCBO-NP-alt-seed2029,0,21.10795760154724
800,7de896507ae118b7d1384450b0b083dfe4394f072662ac60d2a136e4cd1e4137,K0,5846.813752611051,6.288324519542951,QCBO-NP,False,b7c186e223169dbab1f0a322cb5eeb5ae69e01a0969ad311b40bc035897a0709,coarse,158,ClusterChain,2000,149,0,ClusterChain-K0-QCBO-NP-coarse-seed2000,0,10.579948425292969
800,7de896507ae118b7d1384450b0b083dfe4394f072662ac60d2a136e4cd1e4137,K0,5782.338775838545,5.969204122875085,QCBO-NP,False,9d005a0c4786bfcf65e2d9d0d1836f57e6d1942b32ad847c20e2c9bc9c60b67a,coarse,158,ClusterChain,2001,149,0,ClusterChain-K0-QCBO-NP-coarse-seed2001,0,10.670440673828125
800,7de896507ae118b7d1384450b0b083dfe4394f072662ac60d2a136e4cd1e4137,K0,6951.245203477564,6.348400207385613,QCBO-NP,False,4e340053dade88aaf91c8c6deef4c45a8f9344adb29939d6116ff4c2a48d37d5,coarse,159,ClusterChain,2002,150,0,ClusterChain-K0-QCBO-NP-coarse-seed2002,0,10.497015476226807
800,7de896507ae118b7d1384450b0b083dfe4394f072662ac60d2a136e4cd1e4137,K0,7234.810502486624,7.599838662428056,QCBO-NP,False,967d6c1f54b5d00830842f883c3e074492d9489ff372a84801884c33e100d4cf,coarse,159,ClusterChain,2003,150,0,ClusterChain-K0-QCBO-NP-coarse-seed2003,0,10.399551391601562
800,7de896507ae118b7d1384450b0b083dfe4394f072662ac60d2a136e4cd1e4137,K0,6196.601605852695,6.986927943781364,QCBO-NP,False,fe48b3c52ee35996054ee8de9a634a46666d7fb0bc423caee0d84de832d5585b,coarse,158,ClusterChain,2004,149,0,ClusterChain-K0-QCBO-NP-coarse-seed2004,0,10.237113237380981
800,7de896507ae118b7d1384450b0b083dfe4394f072662ac60d2a136e4cd1e4137,K0,6876.4325418770995,6.910987105288413,QCBO-NP,False,a381726b36eaeb765c608461e4a863a219be22e5fa5f7c8c13bed9c7bc80162f,coarse,159,ClusterChain,2005,150,0,ClusterChain-K0-QCBO-NP-coarse-seed2005,0,10.550405025482178
800,7de896507ae118b7d1384450b0b083dfe4394f072662ac60d2a136e4cd1e4137,K0,6787.58787006847,6.040233228355711,QCBO-NP,False,bb708dce34dd42fcfbb28fcdc14b3da1f87ff8ab7ac0d8c1bcd9cdecb27448bd,coarse,158,ClusterChain,2006,149,0,ClusterChain-K0-QCBO-NP-coarse-seed2006,0,10.250525951385498
800,7de896507ae118b7d1384450b0b083dfe4394f072662ac60d2a136e4cd1e4137,K0,5616.248267181346,5.87848419529484,QCBO-NP,False,f757dbd32ac8377c3eb94a493985b47bd0a5d6d660d6893cc1482e95fc3b6922,coarse,158,ClusterChain,2007,149,0,ClusterChain-K0-QCBO-NP-coarse-seed2007,0,10.806356430053711
800,7de896507ae118b7d1384450b0b083dfe4394f072662ac60d2a136e4cd1e4137,K0,7368.8785935710575,8.452184057920695,QCBO-NP,False,33fae087d26a42438644d1baf59bb577bf62075328f4e35cb7cce89652b7faa3,coarse,158,ClusterChain,2008,149,0,ClusterChain-K0-QCBO-NP-coarse-seed2008,0,9.75612759590149
800,7de896507ae118b7d1384450b0b083dfe4394f072662ac60d2a136e4cd1e4137,K0,6037.7376521285405,5.986661827703446,QCBO-NP,False,979ead175e112384f60fe2a83504d620c08a8777b2cc3e48ac38cae48c7f4ae7,coarse,158,ClusterChain,2009,149,0,ClusterChain-K0-QCBO-NP-coarse-seed2009,0,10.538462162017822
800,7de896507ae118b7d1384450b0b083dfe4394f072662ac60d2a136e4cd1e4137,K0,6559.3826197656645,4.529687473670781,QCBO-NP,False,a7d00727ac8a09971335e8543f3c0c7891afe6b8dac4b34c49ea0125f0fd9800,coarse,158,ClusterChain,2010,149,0,ClusterChain-K0-QCBO-NP-coarse-seed2010,0,10.47006893157959
800,7de896507ae118b7d1384450b0b083dfe4394f072662ac60d2a136e4cd1e4137,K0,7382.566877295766,7.628815035222827,QCBO-NP,False,b992b88b97b2cc1e68ee3896f07a432fd965eccb33c83348e28e5e2e79efd67c,coarse,159,ClusterChain,2011,150,0,ClusterChain-K0-QCBO-NP-coarse-seed2011,0,10.287511348724365
800,7de896507ae118b7d1384450b0b083dfe4394f072662ac60d2a136e4cd1e4137,K0,7049.939912049871,8.364085223134804,QCBO-NP,False,b72d261e3675764964dc52dff0b7ad5315675ae3f43d02a5ca66f176024589b0,coarse,159,ClusterChain,2012,150,0,ClusterChain-K0-QCBO-NP-coarse-seed2012,0,9.731477737426758
800,7de896507ae118b7d1384450b0b083dfe4394f072662ac60d2a136e4cd1e4137,K0,6390.749991305149,5.707627100071708,QCBO-NP,False,85acd34be524542f3dfccf2b4c9c735746738ada51dc1f1a7321cc7b8340205f,coarse,159,ClusterChain,2013,150,0,ClusterChain-K0-QCBO-NP-coarse-seed2013,0,10.736352682113647
800,7de896507ae118b7d1384450b0b083dfe4394f072662ac60d2a136e4cd1e4137,K0,5984.191625766489,6.5488996380953965,QCBO-NP,False,2cf80d642bd67142232fcfac143de13c15d98725cea0c0a77b12d694fac63017,coarse,159,ClusterChain,2014,150,0,ClusterChain-K0-QCBO-NP-coarse-seed2014,0,9.970530033111572
800,7de896507ae118b7d1384450b0b083dfe4394f072662ac60d2a136e4cd1e4137,K0,6079.172956017004,6.408089285714054,QCBO-NP,False,4ec9d63af74e61ad5ab8121d7ec1e6bf7d20ac97468864a210b0f290a2e3d7ed,coarse,158,ClusterChain,2015,149,0,ClusterChain-K0-QCBO-NP-coarse-seed2015,0,10.400562763214111
800,7de896507ae118b7d1384450b0b083dfe4394f072662ac60d2a136e4cd1e4137,K0,6548.2505522299125,7.513718111749012,QCBO-NP,False,c26b643a2408126fdd57f3fa40534cfb1e2ca0fc7afcac37d65b7ce58ad5af71,coarse,159,ClusterChain,2016,150,0,ClusterChain-K0-QCBO-NP-coarse-seed2016,0,11.94632601737976
800,7de896507ae118b7d1384450b0b083dfe4394f072662ac60d2a136e4cd1e4137,K0,6701.888198773017,6.498928649573463,QCBO-NP,False,c12a07bdfb6332697be2541f9bdac34e769ca5250eb8c6d34489dcd723c07457,coarse,158,ClusterChain,2017,149,0,ClusterChain-K0-QCBO-NP-coarse-seed2017,0,10.469474792480469
800,7de896507ae118b7d1384450b0b083dfe4394f072662ac60d2a136e4cd1e4137,K0,6804.720369203599,7.57595401201727,QCBO-NP,False,0de0b3b19ee542dfb3eb1f54cdcb18941794254f61d723b184943edd017370c4,coarse,159,ClusterChain,2018,150,0,ClusterChain-K0-QCBO-NP-coarse-seed2018,0,11.1136953830719
800,7de896507ae118b7d1384450b0b083dfe4394f072662ac60d2a136e4cd1e4137,K0,5924.687604908662,6.351293138300069,QCBO-NP,False,741b0e284016c45b293cba6433ee9f4e74a1179a782b4fe4bcdfefa2d9188b8b,coarse,159,ClusterChain,2019,150,0,ClusterChain-K0-QCBO-NP-coarse-seed2019,0,9.841222763061523
800,7de896507ae118b7d1384450b0b083dfe4394f072662ac60d2a136e4cd1e4137,K0,6588.786724382898,6.2985916557994335,QCBO-NP,False,913982948d4c101cb9719ba78e790ab530564d06b070f0158c5758171142f219,coarse,160,ClusterChain,2020,151,0,ClusterChain-K0-QCBO-NP-coarse-seed2020,0,12.153135776519775
800,7de896507ae118b7d1384450b0b083dfe4394f072662ac60d2a136e4cd1e4137,K0,6787.685450330262,7.1876248774612685,QCBO-NP,False,0dc02867c0e602a3db1102b06b7db7ca677820e8925adecb134ed41b4cee63e4,coarse,158,ClusterChain,2021,149,0,ClusterChain-K0-QCBO-NP-coarse-seed2021,0,10.864553451538086
800,7de896507ae118b7d1384450b0b083dfe4394f072662ac60d2a136e4cd1e4137,K0,6039.428790840592,6.028026683403205,QCBO-NP,False,f4c0b6956b0f9c29a7513365ca18cd49ea39fbc0c4a2372a21ddc0fa6b8c72f7,coarse,157,ClusterChain,2022,148,0,ClusterChain-K0-QCBO-NP-coarse-seed2022,0,10.464669704437256
800,7de896507ae118b7d1384450b0b083dfe4394f072662ac60d2a136e4cd1e4137,K0,6017.693195061749,6.363216815612931,QCBO-NP,False,76f6b9270a90a24af791864a9ccff8bf54607f7c212dd8d726188e5b1c38e55e,coarse,157,ClusterChain,2023,148,0,ClusterChain-K0-QCBO-NP-coarse-seed2023,0,10.794963598251343
800,7de896507ae118b7d1384450b0b083dfe4394f072662ac60d2a136e4cd1e4137,K0,6849.4053119599,8.253310223771837,QCBO-NP,False,6bceaf96787e7817cdad11ea1a53af75aebe2b3ebc20b8d9a8a724a76cf478ea,coarse,158,ClusterChain,2024,149,0,ClusterChain-K0-QCBO-NP-coarse-seed2024,0,10.640381574630737
800,7de896507ae118b7d1384450b0b083dfe4394f072662ac60d2a136e4cd1e4137,K0,5700.980879406468,6.044510951674915,QCBO-NP,False,f2066487c61bccea9b6085a867b5fdd055a6a8cf0eeef2bd283c6139aa52288e,coarse,159,ClusterChain,2025,150,0,ClusterChain-K0-QCBO-NP-coarse-seed2025,0,10.453030586242676
800,7de896507ae118b7d1384450b0b083dfe4394f072662ac60d2a136e4cd1e4137,K0,6515.599858388268,6.608144081230583,QCBO-NP,False,56ef366e7a288b01e860dfd3ce3d81d5afa602ba5001e4335aa8693c9361757a,coarse,160,ClusterChain,2026,151,0,ClusterChain-K0-QCBO-NP-coarse-seed2026,0,10.397207260131836
800,7de896507ae118b7d1384450b0b083dfe4394f072662ac60d2a136e4cd1e4137,K0,6462.437769504783,7.118075869681004,QCBO-NP,False,6843c8b93a05db5856fcf2053eef547ac069c8aedfc7fa2470885444b5ea1eaf,coarse,159,ClusterChain,2027,150,0,ClusterChain-K0-QCBO-NP-coarse-seed2027,0,11.226763486862183
800,7de896507ae118b7d1384450b0b083dfe4394f072662ac60d2a136e4cd1e4137,K0,6173.261991064321,6.781949540984596,QCBO-NP,False,7344d0630c4d534767b982960d46fb57ee3014acf2ba544d09c3bd5f5fe17ee2,coarse,157,ClusterChain,2028,148,0,ClusterChain-K0-QCBO-NP-coarse-seed2028,0,11.188112020492554
800,7de896507ae118b7d1384450b0b083dfe4394f072662ac60d2a136e4cd1e4137,K0,6988.722064916855,8.123042714880503,QCBO-NP,False,e153eaf92d0862583adb10a8e0b74e5db3aaf0ad975c778b5ee961e8eaa85340,coarse,159,ClusterChain,2029,150,0,ClusterChain-K0-QCBO-NP-coarse-seed2029,0,10.16802167892456
800,7de896507ae118b7d1384450b0b083dfe4394f072662ac60d2a136e4cd1e4137,K0,4425.306557751657,4.3800465003494296,QCBO-NP,False,b7c186e223169dbab1f0a322cb5eeb5ae69e01a0969ad311b40bc035897a0709,pairs,196,ClusterChain,2000,175,0,ClusterChain-K0-QCBO-NP-pairs-seed2000,0,15.58840274810791
800,7de896507ae118b7d1384450b0b083dfe4394f072662ac60d2a136e4cd1e4137,K0,3731.9106363651367,4.659064464875262,QCBO-NP,False,9d005a0c4786bfcf65e2d9d0d1836f57e6d1942b32ad847c20e2c9bc9c60b67a,pairs,195,ClusterChain,2001,174,0,ClusterChain-K0-QCBO-NP-pairs-seed2001,0,14.048495531082153
800,7de896507ae118b7d1384450b0b083dfe4394f072662ac60d2a136e4cd1e4137,K0,5932.1248535246195,6.892224506199469,QCBO-NP,False,4e340053dade88aaf91c8c6deef4c45a8f9344adb29939d6116ff4c2a48d37d5,pairs,201,ClusterChain,2002,180,0,ClusterChain-K0-QCBO-NP-pairs-seed2002,0,14.43190336227417
800,7de896507ae118b7d1384450b0b083dfe4394f072662ac60d2a136e4cd1e4137,K0,5086.903562327164,6.096499694337352,QCBO-NP,False,967d6c1f54b5d00830842f883c3e074492d9489ff372a84801884c33e100d4cf,pairs,200,ClusterChain,2003,179,0,ClusterChain-K0-QCBO-NP-pairs-seed2003,0,15.158791780471802
800,7de896507ae118b7d1384450b0b083dfe4394f072662ac60d2a136e4cd1e4137,K0,5691.668513637741,5.267419266331272,QCBO-NP,False,fe48b3c52ee35996054ee8de9a634a46666d7fb0bc423caee0d84de832d5585b,pairs,200,ClusterChain,2004,179,0,ClusterChain-K0-QCBO-NP-pairs-seed2004,0,14.437166929244995
800,7de896507ae118b7d1384450b0b083dfe4394f072662ac60d2a136e4cd1e4137,K0,3712.4829810174315,4.634810213504967,QCBO-NP,False,a381726b36eaeb765c608461e4a863a219be22e5fa5f7c8c13bed9c7bc80162f,pairs,193,ClusterChain,2005,172,0,ClusterChain-K0-QCBO-NP-pairs-seed2005,0,15.469746351242065
800,7de896507ae118b7d1384450b0b083dfe4394f072662ac60d2a136e4cd1e4137,K0,4171.866014526633,5.062183822222434,QCBO-NP,False,bb708dce34dd42fcfbb28fcdc14b3da1f87ff8ab7ac0d8c1bcd9cdecb27448bd,pairs,198,ClusterChain,2006,177,0,ClusterChain-K0-QCBO-NP-pairs-seed2006,0,14.055023431777954
800,7de896507ae118b7d1384450b0b083dfe4394f072662ac60d2a136e4cd1e4137,K0,4724.242997300956,4.351586874316216,QCBO-NP,False,f757dbd32ac8377c3eb94a493985b47bd0a5d6d660d6893cc1482e95fc3b6922,pairs,195,ClusterChain,2007,174,0,ClusterChain-K0-QCBO-NP-pairs-seed2007,0,14.812788486480713
800,7de896507ae118b7d1384450b0b083dfe4394f072662ac60d2a136e4cd1e4137,K0,3697.807627513396,3.0312421732313024,QCBO-NP,False,33fae087d26a42438644d1baf59bb577bf62075328f4e35cb7cce89652b7faa3,pairs,193,ClusterChain,2008,172,0,ClusterChain-K0-QCBO-NP-pairs-seed2008,0,14.737676620483398
800,7de896507ae118b7d1384450b0b083dfe4394f072662ac60d2a136e4cd1e4137,K0,4398.850631809401,5.477086174685266,QCBO-NP,False,979ead175e112384f60fe2a83504d620c08a8777b2cc3e48ac38cae48c7f4ae7,pairs,199,ClusterChain,2009,178,0,ClusterChain-K0-QCBO-NP-pairs-seed2009,0,14.97411060333252
800,7de896507ae118b7d1384450b0b083dfe4394f072662ac60d2a136e4cd1e4137,K0,4201.034166962003,4.734764022416907,QCBO-NP,False,a7d00727ac8a09971335e8543f3c0c7891afe6b8dac4b34c49ea0125f0fd9800,pairs,198,ClusterChain,2010,177,0,ClusterChain-K0-QCBO-NP-pairs-seed2010,0,15.000714540481567
800,7de896507ae118b7d1384450b0b083dfe4394f072662ac60d2a136e4cd1e4137,K0,4520.648322935599,5.494249106835877,QCBO-NP,False,b992b88b97b2cc1e68ee3896f07a432fd965eccb33c83348e28e5e2e79efd67c,pairs,198,ClusterChain,2011,177,0,ClusterChain-K0-QCBO-NP-pairs-seed2011,0,15.048089504241943
800,7de896507ae118b7d1384450b0b083dfe4394f072662ac60d2a136e4cd1e4137,K0,5324.583629308276,4.850652874144345,QCBO-NP,False,b72d261e3675764964dc52dff0b7ad5315675ae3f43d02a5ca66f176024589b0,pairs,202,ClusterChain,2012,181,0,ClusterChain-K0-QCBO-NP-pairs-seed2012,0,14.632744789123535
800,7de896507ae118b7d1384450b0b083dfe4394f072662ac60d2a136e4cd1e4137,K0,6222.425641756395,7.5839218026370885,QCBO-NP,False,85acd34be524542f3dfccf2b4c9c735746738ada51dc1f1a7321cc7b8340205f,pairs,202,ClusterChain,2013,181,0,ClusterChain-K0-QCBO-NP-pairs-seed2013,0,15.418296098709106
800,7de896507ae118b7d1384450b0b083dfe4394f072662ac60d2a136e4cd1e4137,K0,4613.966926019768,4.29475500828104,QCBO-NP,False,2cf80d642bd67142232fcfac143de13c15d98725cea0c0a77b12d694fac63017,pairs,200,ClusterChain,2014,179,0,ClusterChain-K0-QCBO-NP-pairs-seed2014,0,15.59021544456482
800,7de896507ae118b7d1384450b0b083dfe4394f072662ac60d2a136e4cd1e4137,K0,5927.552508961639,7.318895222201024,QCBO-NP,False,4ec9d63af74e61ad5ab8121d7ec1e6bf7d20ac97468864a210b0f290a2e3d7ed,pairs,202,ClusterChain,2015,181,0,ClusterChain-K0-QCBO-NP-pairs-seed2015,0,14.944796800613403
800,7de896507ae118b7d1384450b0b083dfe4394f072662ac60d2a136e4cd1e4137,K0,4333.575739725442,5.386212244878226,QCBO-NP,False,c26b643a2408126fdd57f3fa40534cfb1e2ca0fc7afcac37d65b7ce58ad5af71,pairs,198,ClusterChain,2016,177,0,ClusterChain-K0-QCBO-NP-pairs-seed2016,0,15.541687726974487
800,7de896507ae118b7d1384450b0b083dfe4394f072662ac60d2a136e4cd1e4137,K0,1648.4144003781,2.057945568512017,QCBO-NP,False,c12a07bdfb6332697be2541f9bdac34e769ca5250eb8c6d34489dcd723c07457,pairs,187,ClusterChain,2017,166,0,ClusterChain-K0-QCBO-NP-pairs-seed2017,0,14.458602905273438
800,7de896507ae118b7d1384450b0b083dfe4394f072662ac60d2a136e4cd1e4137,K0,4962.643598829242,5.915684791473773,QCBO-NP,False,0de0b3b19ee542dfb3eb1f54cdcb18941794254f61d723b184943edd017370c4,pairs,200,ClusterChain,2018,179,0,ClusterChain-K0-QCBO-NP-pairs-seed2018,0,15.724237203598022
800,7de896507ae118b7d1384450b0b083dfe4394f072662ac60d2a136e4cd1e4137,K0,4847.4518882624725,4.179662829628504,QCBO-NP,False,741b0e284016c45b293cba6433ee9f4e74a1179a782b4fe4bcdfefa2d9188b8b,pairs,196,ClusterChain,2019,175,0,ClusterChain-K0-QCBO-NP-pairs-seed2019,0,15.757627964019775
800,7de896507ae118b7d1384450b0b083dfe4394f072662ac60d2a136e4cd1e4137,K0,5041.127867359153,6.178380042326846,QCBO-NP,False,913982948d4c101cb9719ba78e790ab530564d06b070f0158c5758171142f219,pairs,199,ClusterChain,2020,178,0,ClusterChain-K0-QCBO-NP-pairs-seed2020,0,15.195671081542969
800,7de896507ae118b7d1384450b0b083dfe4394f072662ac60d2a136e4cd1e4137,K0,3747.3917798645016,4.512576138694155,QCBO-NP,False,0dc02867c0e602a3db1102b06b7db7ca677820e8925adecb134ed41b4cee63e4,pairs,196,ClusterChain,2021,175,0,ClusterChain-K0-QCBO-NP-pairs-seed2021,0,15.37666130065918
800,7de896507ae118b7d1384450b0b083dfe4394f072662ac60d2a136e4cd1e4137,K0,5265.969048638352,6.4818411358299315,QCBO-NP,False,f4c0b6956b0f9c29a7513365ca18cd49ea39fbc0c4a2372a21ddc0fa6b8c72f7,pairs,198,ClusterChain,2022,177,0,ClusterChain-K0-QCBO-NP-pairs-seed2022,0,14.762634038925171
800,7de896507ae118b7d1384450b0b083dfe4394f072662ac60d2a136e4cd1e4137,K0,5508.540176287469,6.333609436833263,QCBO-NP,False,76f6b9270a90a24af791864a9ccff8bf54607f7c212dd8d726188e5b1c38e55e,pairs,198,ClusterChain,2023,177,0,ClusterChain-K0-QCBO-NP-pairs-seed2023,0,15.359865188598633
800,7de896507ae118b7d1384450b0b083dfe4394f072662ac60d2a136e4cd1e4137,K0,4987.178751490443,6.019494510722046,QCBO-NP,False,6bceaf96787e7817cdad11ea1a53af75aebe2b3ebc20b8d9a8a724a76cf478ea,pairs,199,ClusterChain,2024,178,0,ClusterChain-K0-QCBO-NP-pairs-seed2024,0,14.922558546066284
800,7de896507ae118b7d1384450b0b083dfe4394f072662ac60d2a136e4cd1e4137,K0,4105.596915531521,4.369216464575929,QCBO-NP,False,f2066487c61bccea9b6085a867b5fdd055a6a8cf0eeef2bd283c6139aa52288e,pairs,195,ClusterChain,2025,174,0,ClusterChain-K0-QCBO-NP-pairs-seed2025,0,14.80441689491272
800,7de896507ae118b7d1384450b0b083dfe4394f072662ac60d2a136e4cd1e4137,K0,6098.893967876591,5.903857293435588,QCBO-NP,False,56ef366e7a288b01e860dfd3ce3d81d5afa602ba5001e4335aa8693c9361757a,pairs,201,ClusterChain,2026,180,0,ClusterChain-K0-QCBO-NP-pairs-seed2026,0,15.937365293502808
800,7de896507ae118b7d1384450b0b083dfe4394f072662ac60d2a136e4cd1e4137,K0,4837.571025910438,4.562029944349163,QCBO-NP,False,6843c8b93a05db5856fcf2053eef547ac069c8aedfc7fa2470885444b5ea1eaf,pairs,196,ClusterChain,2027,175,0,ClusterChain-K0-QCBO-NP-pairs-seed2027,0,13.993182897567749
800,7de896507ae118b7d1384450b0b083dfe4394f072662ac60d2a136e4cd1e4137,K0,4942.357528992762,4.332941668387394,QCBO-NP,False,7344d0630c4d534767b982960d46fb57ee3014acf2ba544d09c3bd5f5fe17ee2,pairs,199,ClusterChain,2028,178,0,ClusterChain-K0-QCBO-NP-pairs-seed2028,0,14.654826164245605
800,7de896507ae118b7d1384450b0b083dfe4394f072662ac60d2a136e4cd1e4137,K0,6069.666016064471,7.506915568316425,QCBO-NP,False,e153eaf92d0862583adb10a8e0b74e5db3aaf0ad975c778b5ee961e8eaa85340,pairs,199,ClusterChain,2029,178,0,ClusterChain-K0-QCBO-NP-pairs-seed2029,0,14.651742696762085
800,7de896507ae118b7d1384450b0b083dfe4394f072662ac60d2a136e4cd1e4137,K0,507.0018082236137,0.06566574393967478,QCBO,False,b7c186e223169dbab1f0a322cb5eeb5ae69e01a0969ad311b40bc035897a0709,alt,213,ClusterChain,2000,168,0,ClusterChain-K0-QCBO-alt-seed2000,0,81.24402976036072
800,7de896507ae118b7d1384450b0b083dfe4394f072662ac60d2a136e4cd1e4137,K0,458.5475407484113,0.10737680147384726,QCBO,False,9d005a0c4786bfcf65e2d9d0d1836f57e6d1942b32ad847c20e2c9bc9c60b67a,alt,216,ClusterChain,2001,171,0,ClusterChain-K0-QCBO-alt-seed2001,0,87.60361957550049
800,7de896507ae118b7d1384450b0b083dfe4394f072662ac60d2a136e4cd1e4137,K0,321.94988331352863,0.04036302859112594,QCBO,False,4e340053dade88aaf91c8c6deef4c45a8f9344adb29939d6116ff4c2a48d37d5,alt,208,ClusterChain,2002,163,0,ClusterChain-K0-QCBO-alt-seed2002,0,87.00983428955078
800,7de896507ae118b7d1384450b0b083dfe4394f072662ac60d2a136e4cd1e4137,K0,312.86252174317355,0.026656374397213863,QCBO,False,967d6c1f54b5d00830842f883c3e074492d9489ff372a84801884c33e100d4cf,alt,209,ClusterChain,2003,164,0,ClusterChain-K0-QCBO-alt-seed2003,0,90.07874464988708
800,7de896507ae118b7d1384450b0b083dfe4394f072662ac60d2a136e4cd1e4137,K0,317.40441261379993,0.07738530427081633,QCBO,False,fe48b3c52ee35996054ee8de9a634a46666d7fb0bc423caee0d84de832d5585b,alt,211,ClusterChain,2004,166,0,ClusterChain-K0-QCBO-alt-seed2004,0,75.44793629646301
800,7de896507ae118b7d1384450b0b083dfe4394f072662ac60d2a136e4cd1e4137,K0,401.95478627445,0.015863553500055652,QCBO,False,a381726b36eaeb765c608461e4a863a219be22e5fa5f7c8c13bed9c7bc80162f,alt,216,ClusterChain,2005,171,0,ClusterChain-K0-QCBO-alt-seed2005,0,86.1832230091095
800,7de896507ae118b7d1384450b0b083dfe4394f072662ac60d2a136e4cd1e4137,K0,283.7118010283456,0.06535606106232306,QCBO,False,bb708dce34dd42fcfbb28fcdc14b3da1f87ff8ab7ac0d8c1bcd9cdecb27448bd,alt,215,ClusterChain,2006,170,0,ClusterChain-K0-QCBO-alt-seed2006,0,83.31363892555237
800,7de896507ae118b7d1384450b0b083dfe4394f072662ac60d2a136e4cd1e4137,K0,639.0329124668036,0.05811502296987662,QCBO,False,f757dbd32ac8377c3eb94a493985b47bd0a5d6d660d6893cc1482e95fc3b6922,alt,214,ClusterChain,2007,169,0,ClusterChain-K0-QCBO-alt-seed2007,0,83.67740726470947
800,7de896507ae118b7d1384450b0b083dfe4394f072662ac60d2a136e4cd1e4137,K0,247.68272353559448,0.10281248991950892,QCBO,False,33fae087d26a42438644d1baf59bb577bf62075328f4e35cb7cce89652b7faa3,alt,208,ClusterChain,2008,163,0,ClusterChain-K0-QCBO-alt-seed2008,0,80.67142868041992
800,7de896507ae118b7d1384450b0b083dfe4394f072662ac60d2a136e4cd1e4137,K0,594.7369826276541,0.14965725758273887,QCBO,False,979ead175e112384f60fe2a83504d620c08a8777b2cc3e48ac38cae48c7f4ae7,alt,215,ClusterChain,2009,170,0,ClusterChain-K0-QCBO-alt-seed2009,0,82.26523280143738
800,7de896507ae118b7d1384450b0b083dfe4394f072662ac60d2a136e4cd1e4137,K0,1215.983905304229,0.4703633341955534,QCBO,False,a7d00727ac8a09971335e8543f3c0c7891afe6b8dac4b34c49ea0125f0fd9800,alt,220,ClusterChain,2010,175,0,ClusterChain-K0-QCBO-alt-seed2010,0,89.21187043190002
800,7de896507ae118b7d1384450b0b083dfe4394f072662ac60d2a136e4cd1e4137,K0,97.81917927800657,0.010975039238463533,QCBO,False,b992b88b97b2cc1e68ee3896f07a432fd965eccb33c83348e28e5e2e79efd67c,alt,211,ClusterChain,2011,166,0,ClusterChain-K0-QCBO-alt-seed2011,0,85.33114123344421
800,7de896507ae118b7d1384450b0b083dfe4394f072662ac60d2a136e4cd1e4137,K0,172.55932766494695,0.030277093475996976,QCBO,False,b72d261e3675764964dc52dff0b7ad5315675ae3f43d02a5ca66f176024589b0,alt,215,ClusterChain,2012,170,0,ClusterChain-K0-QCBO-alt-seed2012,0,80.81622195243835
800,7de896507ae118b7d1384450b0b083dfe4394f072662ac60d2a136e4cd1e4137,K0,1323.0221536739134,0.7748966260659329,QCBO,False,85acd34be524542f3dfccf2b4c9c735746738ada51dc1f1a7321cc7b8340205f,alt,209,ClusterChain,2013,164,0,ClusterChain-K0-QCBO-alt-seed2013,0,82.954110622406
800,7de896507ae118b7d1384450b0b083dfe4394f072662ac60d2a136e4cd1e4137,K0,222.13484379488577,0.0937572606406242,QCBO,False,2cf80d642bd67142232fcfac143de13c15d98725cea0c0a77b12d694fac63017,alt,291,ClusterChain,2014,246,0,ClusterChain-K0-QCBO-alt-seed2014,0,127.89009833335876
800,7de896507ae118b7d1384450b0b083dfe4394f072662ac60d2a136e4cd1e4137,K0,488.8819318822595,0.04914130951177519,QCBO,False,4ec9d63af74e61ad5ab8121d7ec1e6bf7d20ac97468864a210b0f290a2e3d7ed,alt,214,ClusterChain,2015,169,0,ClusterChain-K0-QCBO-alt-seed2015,0,84.2288670539856
800,7de896507ae118b7d1384450b0b083dfe4394f072662ac60d2a136e4cd1e4137,K0,932.117135661095,0.11558295513739947,QCBO,False,c26b643a2408126fdd57f3fa40534cfb1e2ca0fc7afcac37d65b7ce58ad5af71,alt,215,ClusterChain,2016,170,0,ClusterChain-K0-QCBO-alt-seed2016,0,85.60747647285461
800,7de896507ae118b7d1384450b0b083dfe4394f072662ac60d2a136e4cd1e4137,K0,654.2317436455354,0.009009852013106515,QCBO,False,c12a07bdfb6332697be2541f9bdac34e769ca5250eb8c6d34489dcd723c07457,alt,216,ClusterChain,2017,171,0,ClusterChain-K0-QCBO-alt-seed2017,0,85.67656540870667
800,7de896507ae118b7d1384450b0b083dfe4394f072662ac60d2a136e4cd1e4137,K0,587.8238857304486,0.07205610458975104,QCBO,False,0de0b3b19ee542dfb3eb1f54cdcb18941794254f61d723b184943edd017370c4,alt,223,ClusterChain,2018,178,0,ClusterChain-K0-QCBO-alt-seed2018,0,85.21593999862671
800,7de896507ae118b7d1384450b0b083dfe4394f072662ac60d2a136e4cd1e4137,K0,96.77619350969002,0.020821770795164583,QCBO,False,741b0e284016c45b293cba6433ee9f4e74a1179a782b4fe4bcdfefa2d9188b8b,alt,219,ClusterChain,2019,174,0,ClusterChain-K0-QCBO-alt-seed2019,0,86.45032668113708
800,7de896507ae118b7d1384450b0b083dfe4394f072662ac60d2a136e4cd1e4137,K0,338.70709850525964,0.00731800503463239,QCBO,False,913982948d4c101cb9719ba78e790ab530564d06b070f0158c5758171142f219,alt,211,ClusterChain,2020,166,0,ClusterChain-K0-QCBO-alt-seed2020,0,78.86415672302246
800,7de896507ae118b7d1384450b0b083dfe4394f072662ac60d2a136e4cd1e4137,K0,739.7334761001252,0.08495154242474867,QCBO,False,0dc02867c0e602a3db1102b06b7db7ca677820e8925adecb134ed41b4cee63e4,alt,216,ClusterChain,2021,171,0,ClusterChain-K0-QCBO-alt-seed2021,0,81.88232517242432
800,7de896507ae118b7d1384450b0b083dfe4394f072662ac60d2a136e4cd1e4137,K0,683.0514094923343,0.08950787245128838,QCBO,False,f4c0b6956b0f9c29a7513365ca18cd49ea39fbc0c4a2372a21ddc0fa6b8c72f7,alt,214,ClusterChain,2022,169,0,ClusterChain-K0-QCBO-alt-seed2022,0,79.94460940361023
800,7de896507ae118b7d1384450b0b083dfe4394f072662ac60d2a136e4cd1e4137,K0,596.4472401338039,0.1867574152914482,QCBO,False,76f6b9270a90a24af791864a9ccff8bf54607f7c212dd8d726188e5b1c38e55e,alt,212,ClusterChain,2023,167,0,ClusterChain-K0-QCBO-alt-seed2023,0,95.77940773963928
800,7de896507ae118b7d1384450b0b083dfe4394f072662ac60d2a136e4cd1e4137,K0,1115.6254346101255,0.34968411719073333,QCBO,False,6bceaf96787e7817cdad11ea1a53af75aebe2b3ebc20b8d9a8a724a76cf478ea,alt,216,ClusterChain,2024,171,0,ClusterChain-K0-QCBO-alt-seed2024,0,78.26544165611267
800,7de896507ae118b7d1384450b0b083dfe4394f072662ac60d2a136e4cd1e4137,K0,1628.8740382068952,0.3329875017742419,QCBO,False,f2066487c61bccea9b6085a867b5fdd055a6a8cf0eeef2bd283c6139aa52288e,alt,220,ClusterChain,2025,175,0,ClusterChain-K0-QCBO-alt-seed2025,0,93.5649824142456
800,7de896507ae118b7d1384450b0b083dfe4394f072662ac60d2a136e4cd1e4137,K0,224.4441479475868,0.008279627707965316,QCBO,False,56ef366e7a288b01e860dfd3ce3d81d5afa602ba5001e4335aa8693c9361757a,alt,207,ClusterChain,2026,162,0,ClusterChain-K0-QCBO-alt-seed2026,0,77.4356906414032
800,7de896507ae118b7d1384450b0b083dfe4394f072662ac60d2a136e4cd1e4137,K0,658.3385772327457,0.35546797040026007,QCBO,False,6843c8b93a05db5856fcf2053eef547ac069c8aedfc7fa2470885444b5ea1eaf,alt,216,ClusterChain,2027,171,0,ClusterChain-K0-QCBO-alt-seed2027,0,82.612131357193
800,7de896507ae118b7d1384450b0b083dfe4394f072662ac60d2a136e4cd1e4137,K0,581.0517386988628,0.10858882069215256,QCBO,False,7344d0630c4d534767b982960d46fb57ee3014acf2ba544d09c3bd5f5fe17ee2,alt,216,ClusterChain,2028,171,0,ClusterChain-K0-QCBO-alt-seed2028,0,88.16743040084839
800,7de896507ae118b7d1384450b0b083dfe4394f072662ac60d2a136e4cd1e4137,K0,1360.0426561179959,1.2580299669791069,QCBO,False,e153eaf92d0862583adb10a8e0b74e5db3aaf0ad975c778b5ee961e8eaa85340,alt,220,ClusterChain,2029,175,0,ClusterChain-K0-QCBO-alt-seed2029,0,81.18403744697571
800,7de896507ae118b7d1384450b0b083dfe4394f072662ac60d2a136e4cd1e4137,K0,3247.944616831632,3.9661080707540943,QCBO,False,b7c186e223169dbab1f0a322cb5eeb5ae69e01a0969ad311b40bc035897a0709,coarse,151,ClusterChain,2000,142,0,ClusterChain-K0-QCBO-coarse-seed2000,0,20.474804639816284
800,7de896507ae118b7d1384450b0b083dfe4394f072662ac60d2a136e4cd1e4137,K0,3238.411925531026,3.9691864372141588,QCBO,False,9d005a0c4786bfcf65e2d9d0d1836f57e6d1942b32ad847c20e2c9bc9c60b67a,coarse,152,ClusterChain,2001,143,0,ClusterChain-K0-QCBO-coarse-seed2001,0,21.8721342086792
800,7de896507ae118b7d1384450b0b083dfe4394f072662ac60d2a136e4cd1e4137,K0,3278.9650721217427,3.9688037076507943,QCBO,False,4e340053dade88aaf91c8c6deef4c45a8f9344adb29939d6116ff4c2a48d37d5,coarse,149,ClusterChain,2002,140,0,ClusterChain-K0-QCBO-coarse-seed2002,0,22.559731483459473
800,7de896507ae118b7d1384450b0b083dfe4394f072662ac60d2a136e4cd1e4137,K0,3272.080242401859,3.964442824920214,QCBO,False,967d6c1f54b5d00830842f883c3e074492d9489ff372a84801884c33e100d4cf,coarse,152,ClusterChain,2003,143,0,ClusterChain-K0-QCBO-coarse-seed2003,0,22.079295873641968
800,7de896507ae118b7d1384450b0b083dfe4394f072662ac60d2a136e4cd1e4137,K0,3266.496839278622,3.9712687808760405,QCBO,False,fe48b3c52ee35996054ee8de9a634a46666d7fb0bc423caee0d84de832d5585b,coarse,151,ClusterChain,2004,142,0,ClusterChain-K0-QCBO-coarse-seed2004,0,20.640594720840454
800,7de896507ae118b7d1384450b0b083dfe4394f072662ac60d2a136e4cd1e4137,K0,3262.4101986377664,3.9703835990091703,QCBO,False,a381726b36eaeb765c608461e4a863a219be22e5fa5f7c8c13bed9c7bc80162f,coarse,151,ClusterChain,2005,142,0,ClusterChain-K0-QCBO-coarse-seed2005,0,22.343780994415283
800,7de896507ae118b7d1384450b0b083dfe4394f072662ac60d2a136e4cd1e4137,K0,3279.1479511655266,3.970487018692486,QCBO,False,bb708dce34dd42fcfbb28fcdc14b3da1f87ff8ab7ac0d8c1bcd9cdecb27448bd,coarse,150,ClusterChain,2006,141,0,ClusterChain-K0-QCBO-coarse-seed2006,0,21.839245796203613
800,7de896507ae118b7d1384450b0b083dfe4394f072662ac60d2a136e4cd1e4137,K0,3235.254187964362,3.9612429339021906,QCBO,False,f757dbd32ac8377c3eb94a493985b47bd0a5d6d660d6893cc1482e95fc3b6922,coarse,152,ClusterChain,2007,143,0,ClusterChain-K0-QCBO-coarse-seed2007,0,21.506776571273804
800,7de896507ae118b7d1384450b0b083dfe4394f072662ac60d2a136e4cd1e4137,K0,3301.5317103096318,3.9676431385024555,QCBO,False,33fae087d26a42438644d1baf59bb577bf62075328f4e35cb7cce89652b7faa3,coarse,148,ClusterChain,2008,139,0,ClusterChain-K0-QCBO-coarse-seed2008,0,21.196346282958984
800,7de896507ae118b7d1384450b0b083dfe4394f072662ac60d2a136e4cd1e4137,K0,3258.786856408996,3.969151538788462,QCBO,False,979ead175e112384f60fe2a83504d620c08a8777b2cc3e48ac38cae48c7f4ae7,coarse,148,ClusterChain,2009,139,0,ClusterChain-K0-QCBO-coarse-seed2009,0,20.796478033065796
800,7de896507ae118b7d1384450b0b083dfe4394f072662ac60d2a136e4cd1e4137,K0,3237.97780517598,3.966489821904486,QCBO,False,a7d00727ac8a09971335e8543f3c0c7891afe6b8dac4b34c49ea0125f0fd9800,coarse,152,ClusterChain,2010,143,0,ClusterChain-K0-QCBO-coarse-seed2010,0,22.67712712287903
800,7de896507ae118b7d1384450b0b083dfe4394f072662ac60d2a136e4cd1e4137,K0,3273.9217451958275,3.964869321400748,QCBO,False,b992b88b97b2cc1e68ee3896f07a432fd965eccb33c83348e28e5e2e79efd67c,coarse,149,ClusterChain,2011,140,0,ClusterChain-K0-QCBO-coarse-seed2011,0,22.274142742156982
800,7de896507ae118b7d1384450b0b083dfe4394f072662ac60d2a136e4cd1e4137,K0,3269.3583492666976,3.9622281967037374,QCBO,False,b72d261e3675764964dc52dff0b7ad5315675ae3f43d02a5ca66f176024589b0,coarse,151,ClusterChain,2012,142,0,ClusterChain-K0-QCBO-coarse-seed2012,0,21.578324556350708
800,7de896507ae118b7d1384450b0b083dfe4394f072662ac60d2a136e4cd1e4137,K0,3290.446174146669,3.9801641106235097,QCBO,False,85acd34be524542f3dfccf2b4c9c735746738ada51dc1f1a7321cc7b8340205f,coarse,150,ClusterChain,2013,141,0,ClusterChain-K0-QCBO-coarse-seed2013,0,22.176395893096924
800,7de896507ae118b7d1384450b0b083dfe4394f072662ac60d2a136e4cd1e4137,K0,3348.377089174556,3.961808623521879,QCBO,False,2cf80d642bd67142232fcfac143de13c15d98725cea0c0a77b12d694fac63017,coarse,256,ClusterChain,2014,247,0,ClusterChain-K0-QCBO-coarse-seed2014,0,49.411264419555664
800,7de896507ae118b7d1384450b0b083dfe4394f072662ac60d2a136e4cd1e4137,K0,3250.401897640135,3.9711857610547243,QCBO,False,4ec9d63af74e61ad5ab8121d7ec1e6bf7d20ac97468864a210b0f290a2e3d7ed,coarse,152,ClusterChain,2015,143,0,ClusterChain-K0-QCBO-coarse-seed2015,0,22.777173042297363
800,7de896507ae118b7d1384450b0b083dfe4394f072662ac60d2a136e4cd1e4137,K0,3745.8642282072788,4.0527644202099085,QCBO,False,c26b643a2408126fdd57f3fa40534cfb1e2ca0fc7afcac37d65b7ce58ad5af71,coarse,224,ClusterChain,2016,215,0,ClusterChain-K0-QCBO-coarse-seed2016,0,37.40201544761658
800,7de896507ae118b7d1384450b0b083dfe4394f072662ac60d2a136e4cd1e4137,K0,3247.316254756487,3.9805532466883697,QCBO,False,c12a07bdfb6332697be2541f9bdac34e769ca5250eb8c6d34489dcd723c07457,coarse,149,ClusterChain,2017,140,0,ClusterChain-K0-QCBO-coarse-seed2017,0,21.1166512966156
800,7de896507ae118b7d1384450b0b083dfe4394f072662ac60d2a136e4cd1e4137,K0,3386.6712774191055,3.967914618245713,QCBO,False,0de0b3b19ee542dfb3eb1f54cdcb18941794254f61d723b184943edd017370c4,coarse,154,ClusterChain,2018,145,0,ClusterChain-K0-QCBO-coarse-seed2018,0,26.141844034194946
800,7de896507ae118b7d1384450b0b083dfe4394f072662ac60d2a136e4cd1e4137,K0,3654.723748590702,4.0818579753462965,QCBO,False,741b0e284016c45b293cba6433ee9f4e74a1179a782b4fe4bcdfefa2d9188b8b,coarse,152,ClusterChain,2019,143,0,ClusterChain-K0-QCBO-coarse-seed2019,0,20.664178609848022
800,7de896507ae118b7d1384450b0b083dfe4394f072662ac60d2a136e4cd1e4137,K0,3282.928912238616,3.970525217519664,QCBO,False,913982948d4c101cb9719ba78e790ab530564d06b070f0158c5758171142f219,coarse,151,ClusterChain,2020,142,0,ClusterChain-K0-QCBO-coarse-seed2020,0,21.449711561203003
800,7de896507ae118b7d1384450b0b083dfe4394f072662ac60d2a136e4cd1e4137,K0,3265.4427530501143,3.9638191137251564,QCBO,False,0dc02867c0e602a3db1102b06b7db7ca677820e8925adecb134ed41b4cee63e4,coarse,149,ClusterChain,2021,140,0,ClusterChain-K0-QCBO-coarse-seed2021,0,22.62696647644043
800,7de896507ae118b7d1384450b0b083dfe4394f072662ac60d2a136e4cd1e4137,K0,3251.9076563154504,3.9610451385484966,QCBO,False,f4c0b6956b0f9c29a7513365ca18cd49ea39fbc0c4a2372a21ddc0fa6b8c72f7,coarse,150,ClusterChain,2022,141,0,ClusterChain-K0-QCBO-coarse-seed2022,0,22.927661895751953
800,7de896507ae118b7d1384450b0b083dfe4394f072662ac60d2a136e4cd1e4137,K0,3286.567043693324,3.973718374086374,QCBO,False,76f6b9270a90a24af791864a9ccff8bf54607f7c212dd8d726188e5b1c38e55e,coarse,151,ClusterChain,2023,142,0,ClusterChain-K0-QCBO-coarse-seed2023,0,25.534974336624146
800,7de896507ae118b7d1384450b0b083dfe4394f072662ac60d2a136e4cd1e4137,K0,3293.621206812241,3.965453221219585,QCBO,False,6bceaf96787e7817cdad11ea1a53af75aebe2b3ebc20b8d9a8a724a76cf478ea,coarse,147,ClusterChain,2024,138,0,ClusterChain-K0-QCBO-coarse-seed2024,0,21.47998809814453
800,7de896507ae118b7d1384450b0b083dfe4394f072662ac60d2a136e4cd1e4137,K0,3336.4987480185814,3.962990816291261,QCBO,False,f2066487c61bccea9b6085a867b5fdd055a6a8cf0eeef2bd283c6139aa52288e,coarse,149,ClusterChain,2025,140,0,ClusterChain-K0-QCBO-coarse-seed2025,0,24.794249057769775
800,7de896507ae118b7d1384450b0b083dfe4394f072662ac60d2a136e4cd1e4137,K0,3263.1473208514826,3.96057990148997,QCBO,False,56ef366e7a288b01e860dfd3ce3d81d5afa602ba5001e4335aa8693c9361757a,coarse,151,ClusterChain,2026,142,0,ClusterChain-K0-QCBO-coarse-seed2026,0,23.077465534210205
800,7de896507ae118b7d1384450b0b083dfe4394f072662ac60d2a136e4cd1e4137,K0,3533.826914197407,4.103783082448441,QCBO,False,6843c8b93a05db5856fcf2053eef547ac069c8aedfc7fa2470885444b5ea1eaf,coarse,153,ClusterChain,2027,144,0,ClusterChain-K0-QCBO-coarse-seed2027,0,22.463505744934082
800,7de896507ae118b7d1384450b0b083dfe4394f072662ac60d2a136e4cd1e4137,K0,3253.774365946113,3.960882573896167,QCBO,False,7344d0630c4d534767b982960d46fb57ee3014acf2ba544d09c3bd5f5fe17ee2,coarse,151,ClusterChain,2028,142,0,ClusterChain-K0-QCBO-coarse-seed2028,0,21.814807653427124
800,7de896507ae118b7d1384450b0b083dfe4394f072662ac60d2a136e4cd1e4137,K0,3265.56437506346,3.9672634298103686,QCBO,False,e153eaf92d0862583adb10a8e0b74e5db3aaf0ad975c778b5ee961e8eaa85340,coarse,151,ClusterChain,2029,142,0,ClusterChain-K0-QCBO-coarse-seed2029,0,23.095600605010986
800,7de896507ae118b7d1384450b0b083dfe4394f072662ac60d2a136e4cd1e4137,K0,1131.3711852861486,1.252701511219507,QCBO,False,b7c186e223169dbab1f0a322cb5eeb5ae69e01a0969ad311b40bc035897a0709,pairs,189,ClusterChain,2000,168,0,ClusterChain-K0-QCBO-pairs-seed2000,0,39.87996435165405
800,7de896507ae118b7d1384450b0b083dfe4394f072662ac60d2a136e4cd1e4137,K0,1124.9508011026348,1.270505259694495,QCBO,False,9d005a0c4786bfcf65e2d9d0d1836f57e6d1942b32ad847c20e2c9bc9c60b67a,pairs,191,ClusterChain,2001,170,0,ClusterChain-K0-QCBO-pairs-seed2001,0,40.68557643890381
800,7de896507ae118b7d1384450b0b083dfe4394f072662ac60d2a136e4cd1e4137,K0,1749.8851190956404,1.2963370528992337,QCBO,False,4e340053dade88aaf91c8c6deef4c45a8f9344adb29939d6116ff4c2a48d37d5,pairs,186,ClusterChain,2002,165,0,ClusterChain-K0-QCBO-pairs-seed2002,0,42.801639556884766
800,7de896507ae118b7d1384450b0b083dfe4394f072662ac60d2a136e4cd1e4137,K0,1391.8660230267267,1.2881888815903912,QCBO,False,967d6c1f54b5d00830842f883c3e074492d9489ff372a84801884c33e100d4cf,pairs,185,ClusterChain,2003,164,0,ClusterChain-K0-QCBO-pairs-seed2003,0,40.20249533653259
800,7de896507ae118b7d1384450b0b083dfe4394f072662ac60d2a136e4cd1e4137,K0,1347.8134142519718,1.2688003186323238,QCBO,False,fe48b3c52ee35996054ee8de9a634a46666d7fb0bc423caee0d84de832d5585b,pairs,184,ClusterChain,2004,163,0,ClusterChain-K0-QCBO-pairs-seed2004,0,38.360962867736816
800,7de896507ae118b7d1384450b0b083dfe4394f072662ac60d2a136e4cd1e4137,K0,1106.45292709064,1.2649439623530871,QCBO,False,a381726b36eaeb765c608461e4a863a219be22e5fa5f7c8c13bed9c7bc80162f,pairs,188,ClusterChain,2005,167,0,ClusterChain-K0-QCBO-pairs-seed2005,0,44.842926025390625
800,7de896507ae118b7d1384450b0b083dfe4394f072662ac60d2a136e4cd1e4137,K0,1210.1545067377197,1.267501632533868,QCBO,False,bb708dce34dd42fcfbb28fcdc14b3da1f87ff8ab7ac0d8c1bcd9cdecb27448bd,pairs,188,ClusterChain,2006,167,0,ClusterChain-K0-QCBO-pairs-seed2006,0,41.192997217178345
800,7de896507ae118b7d1384450b0b083dfe4394f072662ac60d2a136e4cd1e4137,K0,1237.8766116960558,1.2615606984327983,QCBO,False,f757dbd32ac8377c3eb94a493985b47bd0a5d6d660d6893cc1482e95fc3b6922,pairs,187,ClusterChain,2007,166,0,ClusterChain-K0-QCBO-pairs-seed2007,0,40.51624798774719
800,7de896507ae118b7d1384450b0b083dfe4394f072662ac60d2a136e4cd1e4137,K0,1139.9729767050294,1.2629448719744663,QCBO,False,33fae087d26a42438644d1baf59bb577bf62075328f4e35cb7cce89652b7faa3,pairs,184,ClusterChain,2008,163,0,ClusterChain-K0-QCBO-pairs-seed2008,0,40.16998744010925
800,7de896507ae118b7d1384450b0b083dfe4394f072662ac60d2a136e4cd1e4137,K0,1314.398324037219,1.2542198799037072,QCBO,False,979ead175e112384f60fe2a83504d620c08a8777b2cc3e48ac38cae48c7f4ae7,pairs,187,ClusterChain,2009,166,0,ClusterChain-K0-QCBO-pairs-seed2009,0,41.888484954833984
800,7de896507ae118b7d1384450b0b083dfe4394f072662ac60d2a136e4cd1e4137,K0,1162.6714386912342,1.2510860610951813,QCBO,False,a7d00727ac8a09971335e8543f3c0c7891afe6b8dac4b34c49ea0125f0fd9800,pairs,189,ClusterChain,2010,168,0,ClusterChain-K0-QCBO-pairs-seed2010,0,41.08863353729248
800,7de896507ae118b7d1384450b0b083dfe4394f072662ac60d2a136e4cd1e4137,K0,1581.4829661976266,1.3888286700444572,QCBO,False,b992b88b97b2cc1e68ee3896f07a432fd965eccb33c83348e28e5e2e79efd67c,pairs,187,ClusterChain,2011,166,0,ClusterChain-K0-QCBO-pairs-seed2011,0,43.641735792160034
800,7de896507ae118b7d1384450b0b083dfe4394f072662ac60d2a136e4cd1e4137,K0,1099.828235254249,1.2558249895372533,QCBO,False,b72d261e3675764964dc52dff0b7ad5315675ae3f43d02a5ca66f176024589b0,pairs,188,ClusterChain,2012,167,0,ClusterChain-K0-QCBO-pairs-seed2012,0,39.35211205482483
800,7de896507ae118b7d1384450b0b083dfe4394f072662ac60d2a136e4cd1e4137,K0,1699.9659199972207,1.311278882487989,QCBO,False,85acd34be524542f3dfccf2b4c9c735746738ada51dc1f1a7321cc7b8340205f,pairs,186,ClusterChain,2013,165,0,ClusterChain-K0-QCBO-pairs-seed2013,0,42.88429021835327
800,7de896507ae118b7d1384450b0b083dfe4394f072662ac60d2a136e4cd1e4137,K0,2741.850869285563,1.4417443093994577,QCBO,False,2cf80d642bd67142232fcfac143de13c15d98725cea0c0a77b12d694fac63017,pairs,286,ClusterChain,2014,265,0,ClusterChain-K0-QCBO-pairs-seed2014,0,89.02703261375427
800,7de896507ae118b7d1384450b0b083dfe4394f072662ac60d2a136e4cd1e4137,K0,1149.3497202195592,1.2540269337303152,QCBO,False,4ec9d63af74e61ad5ab8121d7ec1e6bf7d20ac97468864a210b0f290a2e3d7ed,pairs,188,ClusterChain,2015,167,0,ClusterChain-K0-QCBO-pairs-seed2015,0,40.724041223526
800,7de896507ae118b7d1384450b0b083dfe4394f072662ac60d2a136e4cd1e4137,K0,1747.1819790609359,1.3924080617006704,QCBO,False,c26b643a2408126fdd57f3fa40534cfb1e2ca0fc7afcac37d65b7ce58ad5af71,pairs,189,ClusterChain,2016,168,0,ClusterChain-K0-QCBO-pairs-seed2016,0,41.766828775405884
800,7de896507ae118b7d1384450b0b083dfe4394f072662ac60d2a136e4cd1e4137,K0,1127.173422362117,1.294473109004949,QCBO,False,c12a07bdfb6332697be2541f9bdac34e769ca5250eb8c6d34489dcd723c07457,pairs,189,ClusterChain,2017,168,0,ClusterChain-K0-QCBO-pairs-seed2017,0,40.449137687683105
800,7de896507ae118b7d1384450b0b083dfe4394f072662ac60d2a136e4cd1e4137,K0,1351.5130967208263,1.293896774204593,QCBO,False,0de0b3b19ee542dfb3eb1f54cdcb18941794254f61d723b184943edd017370c4,pairs,196,ClusterChain,2018,175,0,ClusterChain-K0-QCBO-pairs-seed2018,0,42.35629463195801
800,7de896507ae118b7d1384450b0b083dfe4394f072662ac60d2a136e4cd1e4137,K0,1073.4784527909749,1.2691436572063812,QCBO,False,741b0e284016c45b293cba6433ee9f4e74a1179a782b4fe4bcdfefa2d9188b8b,pairs,193,ClusterChain,2019,172,0,ClusterChain-K0-QCBO-pairs-seed2019,0,41.032334327697754
800,7de896507ae118b7d1384450b0b083dfe4394f072662ac60d2a136e4cd1e4137,K0,1377.9728666017713,1.3092063826435625,QCBO,False,913982948d4c101cb9719ba78e790ab530564d06b070f0158c5758171142f219,pairs,188,ClusterChain,2020,167,0,ClusterChain-K0-QCBO-pairs-seed2020,0,41.03700065612793
800,7de896507ae118b7d1384450b0b083dfe4394f072662ac60d2a136e4cd1e4137,K0,1146.6877417795286,1.2716665458115006,QCBO,False,0dc02867c0e602a3db1102b06b7db7ca677820e8925adecb134ed41b4cee63e4,pairs,189,ClusterChain,2021,168,0,ClusterChain-K0-QCBO-pairs-seed2021,0,44.07081198692322
800,7de896507ae118b7d1384450b0b083dfe4394f072662ac60d2a136e4cd1e4137,K0,1126.5985878816623,1.2559439765207387,QCBO,False,f4c0b6956b0f9c29a7513365ca18cd49ea39fbc0c4a2372a21ddc0fa6b8c72f7,pairs,188,ClusterChain,2022,167,0,ClusterChain-K0-QCBO-pairs-seed2022,0,42.93823504447937
800,7de896507ae118b7d1384450b0b083dfe4394f072662ac60d2a136e4cd1e4137,K0,1902.2981835652527,1.2589595153592146,QCBO,False,76f6b9270a90a24af791864a9ccff8bf54607f7c212dd8d726188e5b1c38e55e,pairs,187,ClusterChain,2023,166,0,ClusterChain-K0-QCBO-pairs-seed2023,0,41.88284754753113
800,7de896507ae118b7d1384450b0b083dfe4394f072662ac60d2a136e4cd1e4137,K0,1105.1992889544167,1.261699875922177,QCBO,False,6bceaf96787e7817cdad11ea1a53af75aebe2b3ebc20b8d9a8a724a76cf478ea,pairs,187,ClusterChain,2024,166,0,ClusterChain-K0-QCBO-pairs-seed2024,0,41.3317551612854
800,7de896507ae118b7d1384450b0b083dfe4394f072662ac60d2a136e4cd1e4137,K0,1587.2332702472672,1.255984959897397,QCBO,False,f2066487c61bccea9b6085a867b5fdd055a6a8cf0eeef2bd283c6139aa52288e,pairs,189,ClusterChain,2025,168,0,ClusterChain-K0-QCBO-pairs-seed2025,0,42.390440225601196
800,7de896507ae118b7d1384450b0b083dfe4394f072662ac60d2a136e4cd1e4137,K0,1774.4053094681335,1.3469493486995072,QCBO,False,56ef366e7a288b01e860dfd3ce3d81d5afa602ba5001e4335aa8693c9361757a,pairs,187,ClusterChain,2026,166,0,ClusterChain-K0-QCBO-pairs-seed2026,0,40.87513995170593
800,7de896507ae118b7d1384450b0b083dfe4394f072662ac60d2a136e4cd1e4137,K0,1135.8444355456793,1.298079629302044,QCBO,False,6843c8b93a05db5856fcf2053eef547ac069c8aedfc7fa2470885444b5ea1eaf,pairs,189,ClusterChain,2027,168,0,ClusterChain-K0-QCBO-pairs-seed2027,0,41.15265464782715
800,7de896507ae118b7d1384450b0b083dfe4394f072662ac60d2a136e4cd1e4137,K0,1149.6591665625333,1.2622811213033502,QCBO,False,7344d0630c4d534767b982960d46fb57ee3014acf2ba544d09c3bd5f5fe17ee2,pairs,189,ClusterChain,2028,168,0,ClusterChain-K0-QCBO-pairs-seed2028,0,42.76460385322571
800,7de896507ae118b7d1384450b0b083dfe4394f072662ac60d2a136e4cd1e4137,K0,1339.3974411953905,1.2549739994193296,QCBO,False,e153eaf92d0862583adb10a8e0b74e5db3aaf0ad975c778b5ee961e8eaa85340,pairs,188,ClusterChain,2029,167,0,ClusterChain-K0-QCBO-pairs-seed2029,0,40.45425820350647
800,7de896507ae118b7d1384450b0b083dfe4394f072662ac60d2a136e4cd1e4137,K1,507.0018082236137,0.06566574393967478,CBO-matched,False,b7c186e223169dbab1f0a322cb5eeb5ae69e01a0969ad311b40bc035897a0709,alt,213,ClusterChain,2000,168,0,ClusterChain-K1-CBO-matched-alt-seed2000,0,80.37987065315247
800,7de896507ae118b7d1384450b0b083dfe4394f072662ac60d2a136e4cd1e4137,K1,452.90960754755145,0.10737680147384726,CBO-matched,False,9d005a0c4786bfcf65e2d9d0d1836f57e6d1942b32ad847c20e2c9bc9c60b67a,alt,215,ClusterChain,2001,170,0,ClusterChain-K1-CBO-matched-alt-seed2001,0,87.66965055465698
800,7de896507ae118b7d1384450b0b083dfe4394f072662ac60d2a136e4cd1e4137,K1,321.94988331352863,0.04036302859112594,CBO-matched,False,4e340053dade88aaf91c8c6deef4c45a8f9344adb29939d6116ff4c2a48d37d5,alt,209,ClusterChain,2002,164,0,ClusterChain-K1-CBO-matched-alt-seed2002,0,78.54023098945618
800,7de896507ae118b7d1384450b0b083dfe4394f072662ac60d2a136e4cd1e4137,K1,311.2888822134351,0.026656374397213863,CBO-matched,False,967d6c1f54b5d00830842f883c3e074492d9489ff372a84801884c33e100d4cf,alt,210,ClusterChain,2003,165,0,ClusterChain-K1-CBO-matched-alt-seed2003,0,94.13206696510315
800,7de896507ae118b7d1384450b0b083dfe4394f072662ac60d2a136e4cd1e4137,K1,317.40441261379993,0.07738530427081633,CBO-matched,False,fe48b3c52ee35996054ee8de9a634a46666d7fb0bc423caee0d84de832d5585b,alt,211,ClusterChain,2004,166,0,ClusterChain-K1-CBO-matched-alt-seed2004,0,75.68417716026306
800,7de896507ae118b7d1384450b0b083dfe4394f072662ac60d2a136e4cd1e4137,K1,492.38492595691247,0.012523839641828544,CBO-matched,False,a381726b36eaeb765c608461e4a863a219be22e5fa5f7c8c13bed9c7bc80162f,alt,214,ClusterChain,2005,169,0,ClusterChain-K1-CBO-matched-alt-seed2005,0,90.9925057888031
800,7de896507ae118b7d1384450b0b083dfe4394f072662ac60d2a136e4cd1e4137,K1,285.33831160270194,0.06015114579869916,CBO-matched,False,bb708dce34dd42fcfbb28fcdc14b3da1f87ff8ab7ac0d8c1bcd9cdecb27448bd,alt,216,ClusterChain,2006,171,0,ClusterChain-K1-CBO-matched-alt-seed2006,0,83.27061605453491
800,7de896507ae118b7d1384450b0b083dfe4394f072662ac60d2a136e4cd1e4137,K1,644.0463619661715,0.1090483904173156,CBO-matched,False,f757dbd32ac8377c3eb94a493985b47bd0a5d6d660d6893cc1482e95fc3b6922,alt,214,ClusterChain,2007,169,0,ClusterChain-K1-CBO-matched-alt-seed2007,0,82.53699827194214
800,7de896507ae118b7d1384450b0b083dfe4394f072662ac60d2a136e4cd1e4137,K1,247.68272353559448,0.10281248991950892,CBO-matched,False,33fae087d26a42438644d1baf59bb577bf62075328f4e35cb7cce89652b7faa3,alt,210,ClusterChain,2008,165,0,ClusterChain-K1-CBO-matched-alt-seed2008,0,77.84897518157959
800,7de896507ae118b7d1384450b0b083dfe4394f072662ac60d2a136e4cd1e4137,K1,591.7363239819822,0.10907554255843885,CBO-matched,False,979ead175e112384f60fe2a83504d620c08a8777b2cc3e48ac38cae48c7f4ae7,alt,214,ClusterChain,2009,169,0,ClusterChain-K1-CBO-matched-alt-seed2009,0,80.61137890815735
800,7de896507ae118b7d1384450b0b083dfe4394f072662ac60d2a136e4cd1e4137,K1,1179.655201972919,0.4807796998046499,CBO-matched,False,a7d00727ac8a09971335e8543f3c0c7891afe6b8dac4b34c49ea0125f0fd9800,alt,218,ClusterChain,2010,173,0,ClusterChain-K1-CBO-matched-alt-seed2010,0,85.8998498916626
800,7de896507ae118b7d1384450b0b083dfe4394f072662ac60d2a136e4cd1e4137,K1,97.7880524394238,0.010975039238463533,CBO-matched,False,b992b88b97b2cc1e68ee3896f07a432fd965eccb33c83348e28e5e2e79efd67c,alt,211,ClusterChain,2011,166,0,ClusterChain-K1-CBO-matched-alt-seed2011,0,76.68950152397156
800,7de896507ae118b7d1384450b0b083dfe4394f072662ac60d2a136e4cd1e4137,K1,172.55932766494695,0.030277093475996976,CBO-matched,False,b72d261e3675764964dc52dff0b7ad5315675ae3f43d02a5ca66f176024589b0,alt,215,ClusterChain,2012,170,0,ClusterChain-K1-CBO-matched-alt-seed2012,0,85.35370588302612
800,7de896507ae118b7d1384450b0b083dfe4394f072662ac60d2a136e4cd1e4137,K1,1388.4154544762278,0.38394294466051115,CBO-matched,False,85acd34be524542f3dfccf2b4c9c735746738ada51dc1f1a7321cc7b8340205f,alt,210,ClusterChain,2013,165,0,ClusterChain-K1-CBO-matched-alt-seed2013,0,89.01638436317444
800,7de896507ae118b7d1384450b0b083dfe4394f072662ac60d2a136e4cd1e4137,K1,222.13484379488577,0.0937572606406242,CBO-matched,False,2cf80d642bd67142232fcfac143de13c15d98725cea0c0a77b12d694fac63017,alt,291,ClusterChain,2014,246,0,ClusterChain-K1-CBO-matched-alt-seed2014,0,124.90490984916687
800,7de896507ae118b7d1384450b0b083dfe4394f072662ac60d2a136e4cd1e4137,K1,484.88779230516684,0.08067026997682536,CBO-matched,False,4ec9d63af74e61ad5ab8121d7ec1e6bf7d20ac97468864a210b0f290a2e3d7ed,alt,213,ClusterChain,2015,168,0,ClusterChain-K1-CBO-matched-alt-seed2015,0,82.57479190826416
800,7de896507ae118b7d1384450b0b083dfe4394f072662ac60d2a136e4cd1e4137,K1,961.1738723567764,0.1818785066316711,CBO-matched,False,c26b643a2408126fdd57f3fa40534cfb1e2ca0fc7afcac37d65b7ce58ad5af71,alt,215,ClusterChain,2016,170,0,ClusterChain-K1-CBO-matched-alt-seed2016,0,82.00498509407043
800,7de896507ae118b7d1384450b0b083dfe4394f072662ac60d2a136e4cd1e4137,K1,720.9341096114227,0.042372378151584573,CBO-matched,False,c12a07bdfb6332697be2541f9bdac34e769ca5250eb8c6d34489dcd723c07457,alt,216,ClusterChain,2017,171,0,ClusterChain-K1-CBO-matched-alt-seed2017,0,80.5253336429596
800,7de896507ae118b7d1384450b0b083dfe4394f072662ac60d2a136e4cd1e4137,K1,592.5868803042321,0.07200151174011349,CBO-matched,False,0de0b3b19ee542dfb3eb1f54cdcb18941794254f61d723b184943edd017370c4,alt,221,ClusterChain,2018,176,0,ClusterChain-K1-CBO-matched-alt-seed2018,0,83.19267177581787
800,7de896507ae118b7d1384450b0b083dfe4394f072662ac60d2a136e4cd1e4137,K1,113.29616601909677,0.04650073422901018,CBO-matched,False,741b0e284016c45b293cba6433ee9f4e74a1179a782b4fe4bcdfefa2d9188b8b,alt,217,ClusterChain,2019,172,0,ClusterChain-K1-CBO-matched-alt-seed2019,0,81.95315551757812
800,7de896507ae118b7d1384450b0b083dfe4394f072662ac60d2a136e4cd1e4137,K1,338.70709850525964,0.00731800503463239,CBO-matched,False,913982948d4c101cb9719ba78e790ab530564d06b070f0158c5758171142f219,alt,210,ClusterChain,2020,165,0,ClusterChain-K1-CBO-matched-alt-seed2020,0,77.8900933265686
800,7de896507ae118b7d1384450b0b083dfe4394f072662ac60d2a136e4cd1e4137,K1,737.724356458684,0.09526753880962802,CBO-matched,False,0dc02867c0e602a3db1102b06b7db7ca677820e8925adecb134ed41b4cee63e4,alt,215,ClusterChain,2021,170,0,ClusterChain-K1-CBO-matched-alt-seed2021,0,83.1315085887909
800,7de896507ae118b7d1384450b0b083dfe4394f072662ac60d2a136e4cd1e4137,K1,644.5948830395407,0.18921176507008086,CBO-matched,False,f4c0b6956b0f9c29a7513365ca18cd49ea39fbc0c4a2372a21ddc0fa6b8c72f7,alt,214,ClusterChain,2022,169,0,ClusterChain-K1-CBO-matched-alt-seed2022,0,81.4404947757721
800,7de896507ae118b7d1384450b0b083dfe4394f072662ac60d2a136e4cd1e4137,K1,639.4562872483461,0.03430742276639743,CBO-matched,False,76f6b9270a90a24af791864a9ccff8bf54607f7c212dd8d726188e5b1c38e55e,alt,212,ClusterChain,2023,167,0,ClusterChain-K1-CBO-matched-alt-seed2023,0,88.5092761516571
800,7de896507ae118b7d1384450b0b083dfe4394f072662ac60d2a136e4cd1e4137,K1,1148.3034599784598,1.068858651448304,CBO-matched,False,6bceaf96787e7817cdad11ea1a53af75aebe2b3ebc20b8d9a8a724a76cf478ea,alt,218,ClusterChain,2024,173,0,ClusterChain-K1-CBO-matched-alt-seed2024,0,80.52548599243164
800,7de896507ae118b7d1384450b0b083dfe4394f072662ac60d2a136e4cd1e4137,K1,1785.0268023757421,0.47213095382898823,CBO-matched,False,f2066487c61bccea9b6085a867b5fdd055a6a8cf0eeef2bd283c6139aa52288e,alt,224,ClusterChain,2025,179,0,ClusterChain-K1-CBO-matched-alt-seed2025,0,87.18028688430786
800,7de896507ae118b7d1384450b0b083dfe4394f072662ac60d2a136e4cd1e4137,K1,239.03069878905777,0.009492936686758137,CBO-matched,False,56ef366e7a288b01e860dfd3ce3d81d5afa602ba5001e4335aa8693c9361757a,alt,206,ClusterChain,2026,161,0,ClusterChain-K1-CBO-matched-alt-seed2026,0,78.9913272857666
800,7de896507ae118b7d1384450b0b083dfe4394f072662ac60d2a136e4cd1e4137,K1,653.7505939786197,0.2896747315239469,CBO-matched,False,6843c8b93a05db5856fcf2053eef547ac069c8aedfc7fa2470885444b5ea1eaf,alt,218,ClusterChain,2027,173,0,ClusterChain-K1-CBO-matched-alt-seed2027,0,83.02287101745605
800,7de896507ae118b7d1384450b0b083dfe4394f072662ac60d2a136e4cd1e4137,K1,579.0984389924862,0.10858882069215256,CBO-matched,False,7344d0630c4d534767b982960d46fb57ee3014acf2ba544d09c3bd5f5fe17ee2,alt,216,ClusterChain,2028,171,0,ClusterChain-K1-CBO-matched-alt-seed2028,0,82.97071957588196
800,7de896507ae118b7d1384450b0b083dfe4394f072662ac60d2a136e4cd1e4137,K1,1361.009298741187,1.2596986371804655,CBO-matched,False,e153eaf92d0862583adb10a8e0b74e5db3aaf0ad975c778b5ee961e8eaa85340,alt,219,ClusterChain,2029,174,0,ClusterChain-K1-CBO-matched-alt-seed2029,0,83.69943523406982
800,7de896507ae118b7d1384450b0b083dfe4394f072662ac60d2a136e4cd1e4137,K1,3247.944616831632,3.9661080707540943,CBO-matched,False,b7c186e223169dbab1f0a322cb5eeb5ae69e01a0969ad311b40bc035897a0709,coarse,151,ClusterChain,2000,142,0,ClusterChain-K1-CBO-matched-coarse-seed2000,0,20.711758136749268
800,7de896507ae118b7d1384450b0b083dfe4394f072662ac60d2a136e4cd1e4137,K1,3238.411925531026,3.9691864372141588,CBO-matched,False,9d005a0c4786bfcf65e2d9d0d1836f57e6d1942b32ad847c20e2c9bc9c60b67a,coarse,152,ClusterChain,2001,143,0,ClusterChain-K1-CBO-matched-coarse-seed2001,0,21.703733921051025
800,7de896507ae118b7d1384450b0b083dfe4394f072662ac60d2a136e4cd1e4137,K1,3278.9650721217427,3.9688037076507943,CBO-matched,False,4e340053dade88aaf91c8c6deef4c45a8f9344adb29939d6116ff4c2a48d37d5,coarse,149,ClusterChain,2002,140,0,ClusterChain-K1-CBO-matched-coarse-seed2002,0,22.378010034561157
800,7de896507ae118b7d1384450b0b083dfe4394f072662ac60d2a136e4cd1e4137,K1,3272.080242401859,3.964442824920214,CBO-matched,False,967d6c1f54b5d00830842f883c3e074492d9489ff372a84801884c33e100d4cf,coarse,152,ClusterChain,2003,143,0,ClusterChain-K1-CBO-matched-coarse-seed2003,0,21.484752416610718
800,7de896507ae118b7d1384450b0b083dfe4394f072662ac60d2a136e4cd1e4137,K1,3266.496839278622,3.9712687808760405,CBO-matched,False,fe48b3c52ee35996054ee8de9a634a46666d7fb0bc423caee0d84de832d5585b,coarse,151,ClusterChain,2004,142,0,ClusterChain-K1-CBO-matched-coarse-seed2004,0,20.51343536376953
800,7de896507ae118b7d1384450b0b083dfe4394f072662ac60d2a136e4cd1e4137,K1,3262.4101986377664,3.9703835990091703,CBO-matched,False,a381726b36eaeb765c608461e4a863a219be22e5fa5f7c8c13bed9c7bc80162f,coarse,151,ClusterChain,2005,142,0,ClusterChain-K1-CBO-matched-coarse-seed2005,0,28.15956687927246
800,7de896507ae118b7d1384450b0b083dfe4394f072662ac60d2a136e4cd1e4137,K1,3279.1479511655266,3.970487018692486,CBO-matched,False,bb708dce34dd42fcfbb28fcdc14b3da1f87ff8ab7ac0d8c1bcd9cdecb27448bd,coarse,150,ClusterChain,2006,141,0,ClusterChain-K1-CBO-matched-coarse-seed2006,0,23.990094900131226
800,7de896507ae118b7d1384450b0b083dfe4394f072662ac60d2a136e4cd1e4137,K1,3235.254187964362,3.9612429339021906,CBO-matched,False,f757dbd32ac8377c3eb94a493985b47bd0a5d6d660d6893cc1482e95fc3b6922,coarse,152,ClusterChain,2007,143,0,ClusterChain-K1-CBO-matched-coarse-seed2007,0,22.485650062561035
800,7de896507ae118b7d1384450b0b083dfe4394f072662ac60d2a136e4cd1e4137,K1,3301.5317103096318,3.9676431385024555,CBO-matched,False,33fae087d26a42438644d1baf59bb577bf62075328f4e35cb7cce89652b7faa3,coarse,148,ClusterChain,2008,139,0,ClusterChain-K1-CBO-matched-coarse-seed2008,0,21.22617197036743
800,7de896507ae118b7d1384450b0b083dfe4394f072662ac60d2a136e4cd1e4137,K1,3258.786856408996,3.969151538788462,CBO-matched,False,979ead175e112384f60fe2a83504d620c08a8777b2cc3e48ac38cae48c7f4ae7,coarse,148,ClusterChain,2009,139,0,ClusterChain-K1-CBO-matched-coarse-seed2009,0,21.376444816589355
800,7de896507ae118b7d1384450b0b083dfe4394f072662ac60d2a136e4cd1e4137,K1,3237.97780517598,3.966489821904486,CBO-matched,False,a7d00727ac8a09971335e8543f3c0c7891afe6b8dac4b34c49ea0125f0fd9800,coarse,152,ClusterChain,2010,143,0,ClusterChain-K1-CBO-matched-coarse-seed2010,0,22.907362937927246
800,7de896507ae118b7d1384450b0b083dfe4394f072662ac60d2a136e4cd1e4137,K1,3273.9217451958275,3.964869321400748,CBO-matched,False,b992b88b97b2cc1e68ee3896f07a432fd965eccb33c83348e28e5e2e79efd67c,coarse,149,ClusterChain,2011,140,0,ClusterChain-K1-CBO-matched-coarse-seed2011,0,22.08798909187317
800,7de896507ae118b7d1384450b0b083dfe4394f072662ac60d2a136e4cd1e4137,K1,3269.3583492666976,3.9622281967037374,CBO-matched,False,b72d261e3675764964dc52dff0b7ad5315675ae3f43d02a5ca66f176024589b0,coarse,151,ClusterChain,2012,142,0,ClusterChain-K1-CBO-matched-coarse-seed2012,0,21.537073373794556
800,7de896507ae118b7d1384450b0b083dfe4394f072662ac60d2a136e4cd1e4137,K1,3290.446174146669,3.9801641106235097,CBO-matched,False,85acd34be524542f3dfccf2b4c9c735746738ada51dc1f1a7321cc7b8340205f,coarse,150,ClusterChain,2013,141,0,ClusterChain-K1-CBO-matched-coarse-seed2013,0,22.106922149658203
800,7de896507ae118b7d1384450b0b083dfe4394f072662ac60d2a136e4cd1e4137,K1,3348.377089174556,3.961808623521879,CBO-matched,False,2cf80d642bd67142232fcfac143de13c15d98725cea0c0a77b12d694fac63017,coarse,256,ClusterChain,2014,247,0,ClusterChain-K1-CBO-matched-coarse-seed2014,0,49.124106645584106
800,7de896507ae118b7d1384450b0b083dfe4394f072662ac60d2a136e4cd1e4137,K1,3250.401897640135,3.9711857610547243,CBO-matched,False,4ec9d63af74e61ad5ab8121d7ec1e6bf7d20ac97468864a210b0f290a2e3d7ed,coarse,152,ClusterChain,2015,143,0,ClusterChain-K1-CBO-matched-coarse-seed2015,0,24.902183532714844
800,7de896507ae118b7d1384450b0b083dfe4394f072662ac60d2a136e4cd1e4137,K1,3745.8642282072788,4.0527644202099085,CBO-matched,False,c26b643a2408126fdd57f3fa40534cfb1e2ca0fc7afcac37d65b7ce58ad5af71,coarse,224,ClusterChain,2016,215,0,ClusterChain-K1-CBO-matched-coarse-seed2016,0,37.74988007545471
800,7de896507ae118b7d1384450b0b083dfe4394f072662ac60d2a136e4cd1e4137,K1,3247.316254756487,3.9805532466883697,CBO-matched,False,c12a07bdfb6332697be2541f9bdac34e769ca5250eb8c6d34489dcd723c07457,coarse,149,ClusterChain,2017,140,0,ClusterChain-K1-CBO-matched-coarse-seed2017,0,21.474967002868652
800,7de896507ae118b7d1384450b0b083dfe4394f072662ac60d2a136e4cd1e4137,K1,3386.6712774191055,3.967914618245713,CBO-matched,False,0de0b3b19ee542dfb3eb1f54cdcb18941794254f61d723b184943edd017370c4,coarse,154,ClusterChain,2018,145,0,ClusterChain-K1-CBO-matched-coarse-seed2018,0,25.79085350036621
800,7de896507ae118b7d1384450b0b083dfe4394f072662ac60d2a136e4cd1e4137,K1,3654.723748590702,4.0818579753462965,CBO-matched,False,741b0e284016c45b293cba6433ee9f4e74a1179a782b4fe4bcdfefa2d9188b8b,coarse,152,ClusterChain,2019,143,0,ClusterChain-K1-CBO-matched-coarse-seed2019,0,20.522671937942505
800,7de896507ae118b7d1384450b0b083dfe4394f072662ac60d2a136e4cd1e4137,K1,3282.928912238616,3.970525217519664,CBO-matched,False,913982948d4c101cb9719ba78e790ab530564d06b070f0158c5758171142f219,coarse,151,ClusterChain,2020,142,0,ClusterChain-K1-CBO-matched-coarse-seed2020,0,21.22734546661377
800,7de896507ae118b7d1384450b0b083dfe4394f072662ac60d2a136e4cd1e4137,K1,3265.4427530501143,3.9638191137251564,CBO-matched,False,0dc02867c0e602a3db1102b06b7db7ca677820e8925adecb134ed41b4cee63e4,coarse,149,ClusterChain,2021,140,0,ClusterChain-K1-CBO-matched-coarse-seed2021,0,22.360716581344604
800,7de896507ae118b7d1384450b0b083dfe4394f072662ac60d2a136e4cd1e4137,K1,3251.9076563154504,3.9610451385484966,CBO-matched,False,f4c0b6956b0f9c29a7513365ca18cd49ea39fbc0c4a2372a21ddc0fa6b8c72f7,coarse,150,ClusterChain,2022,141,0,ClusterChain-K1-CBO-matched-coarse-seed2022,0,23.91100788116455
800,7de896507ae118b7d1384450b0b083dfe4394f072662ac60d2a136e4cd1e4137,K1,3286.567043693324,3.973718374086374,CBO-matched,False,76f6b9270a90a24af791864a9ccff8bf54607f7c212dd8d726188e5b1c38e55e,coarse,151,ClusterChain,2023,142,0,ClusterChain-K1-CBO-matched-coarse-seed2023,0,25.634902238845825
800,7de896507ae118b7d1384450b0b083dfe4394f072662ac60d2a136e4cd1e4137,K1,3293.621206812241,3.965453221219585,CBO-matched,False,6bceaf96787e7817cdad11ea1a53af75aebe2b3ebc20b8d9a8a724a76cf478ea,coarse,147,ClusterChain,2024,138,0,ClusterChain-K1-CBO-matched-coarse-seed2024,0,21.893775939941406
800,7de896507ae118b7d1384450b0b083dfe4394f072662ac60d2a136e4cd1e4137,K1,3336.4987480185814,3.962990816291261,CBO-matched,False,f2066487c61bccea9b6085a867b5fdd055a6a8cf0eeef2bd283c6139aa52288e,coarse,149,ClusterChain,2025,140,0,ClusterChain-K1-CBO-matched-coarse-seed2025,0,25.061393976211548
800,7de896507ae118b7d1384450b0b083dfe4394f072662ac60d2a136e4cd1e4137,K1,3263.1473208514826,3.96057990148997,CBO-matched,False,56ef366e7a288b01e860dfd3ce3d81d5afa602ba5001e4335aa8693c9361757a,coarse,151,ClusterChain,2026,142,0,ClusterChain-K1-CBO-matched-coarse-seed2026,0,26.354085206985474
800,7de896507ae118b7d1384450b0b083dfe4394f072662ac60d2a136e4cd1e4137,K1,3533.826914197407,4.103783082448441,CBO-matched,False,6843c8b93a05db5856fcf2053eef547ac069c8aedfc7fa2470885444b5ea1eaf,coarse,153,ClusterChain,2027,144,0,ClusterChain-K1-CBO-matched-coarse-seed2027,0,22.10328435897827
800,7de896507ae118b7d1384450b0b083dfe4394f072662ac60d2a136e4cd1e4137,K1,3253.774365946113,3.960882573896167,CBO-matched,False,7344d0630c4d534767b982960d46fb57ee3014acf2ba544d09c3bd5f5fe17ee2,coarse,151,ClusterChain,2028,142,0,ClusterChain-K1-CBO-matched-coarse-seed2028,0,21.89600443840027
800,7de896507ae118b7d1384450b0b083dfe4394f072662ac60d2a136e4cd1e4137,K1,3265.56437506346,3.9672634298103686,CBO-matched,False,e153eaf92d0862583adb10a8e0b74e5db3aaf0ad975c778b5ee961e8eaa85340,coarse,151,ClusterChain,2029,142,0,ClusterChain-K1-CBO-matched-coarse-seed2029,0,23.362372636795044
800,7de896507ae118b7d1384450b0b083dfe4394f072662ac60d2a136e4cd1e4137,K1,1131.4755735841595,1.2526886010205873,CBO-matched,False,b7c186e223169dbab1f0a322cb5eeb5ae69e01a0969ad311b40bc035897a0709,pairs,189,ClusterChain,2000,168,0,ClusterChain-K1-CBO-matched-pairs-seed2000,0,38.46194911003113
800,7de896507ae118b7d1384450b0b083dfe4394f072662ac60d2a136e4cd1e4137,K1,1177.696121375505,1.324429050000635,CBO-matched,False,9d005a0c4786bfcf65e2d9d0d1836f57e6d1942b32ad847c20e2c9bc9c60b67a,pairs,190,ClusterChain,2001,169,0,ClusterChain-K1-CBO-matched-pairs-seed2001,0,39.42358922958374
800,7de896507ae118b7d1384450b0b083dfe4394f072662ac60d2a136e4cd1e4137,K1,1737.8017939274373,1.287949625262314,CBO-matched,False,4e340053dade88aaf91c8c6deef4c45a8f9344adb29939d6116ff4c2a48d37d5,pairs,186,ClusterChain,2002,165,0,ClusterChain-K1-CBO-matched-pairs-seed2002,0,42.646546363830566
800,7de896507ae118b7d1384450b0b083dfe4394f072662ac60d2a136e4cd1e4137,K1,1416.924651649992,1.309494379041976,CBO-matched,False,967d6c1f54b5d00830842f883c3e074492d9489ff372a84801884c33e100d4cf,pairs,185,ClusterChain,2003,164,0,ClusterChain-K1-CBO-matched-pairs-seed2003,0,40.08331370353699
800,7de896507ae118b7d1384450b0b083dfe4394f072662ac60d2a136e4cd1e4137,K1,1343.3054552278486,1.2591057830966705,CBO-matched,False,fe48b3c52ee35996054ee8de9a634a46666d7fb0bc423caee0d84de832d5585b,pairs,184,ClusterChain,2004,163,0,ClusterChain-K1-CBO-matched-pairs-seed2004,0,38.6523756980896
800,7de896507ae118b7d1384450b0b083dfe4394f072662ac60d2a136e4cd1e4137,K1,1142.6934560509762,1.292140598508729,CBO-matched,False,a381726b36eaeb765c608461e4a863a219be22e5fa5f7c8c13bed9c7bc80162f,pairs,188,ClusterChain,2005,167,0,ClusterChain-K1-CBO-matched-pairs-seed2005,0,40.21496796607971
800,7de896507ae118b7d1384450b0b083dfe4394f072662ac60d2a136e4cd1e4137,K1,1209.6489664277349,1.259515968610093,CBO-matched,False,bb708dce34dd42fcfbb28fcdc14b3da1f87ff8ab7ac0d8c1bcd9cdecb27448bd,pairs,186,ClusterChain,2006,165,0,ClusterChain-K1-CBO-matched-pairs-seed2006,0,40.064398765563965
800,7de896507ae118b7d1384450b0b083dfe4394f072662ac60d2a136e4cd1e4137,K1,1237.9440636367972,1.2545427199542003,CBO-matched,False,f757dbd32ac8377c3eb94a493985b47bd0a5d6d660d6893cc1482e95fc3b6922,pairs,187,ClusterChain,2007,166,0,ClusterChain-K1-CBO-matched-pairs-seed2007,0,43.41304922103882
800,7de896507ae118b7d1384450b0b083dfe4394f072662ac60d2a136e4cd1e4137,K1,1135.2713058128536,1.2556351615527357,CBO-matched,False,33fae087d26a42438644d1baf59bb577bf62075328f4e35cb7cce89652b7faa3,pairs,183,ClusterChain,2008,162,0,ClusterChain-K1-CBO-matched-pairs-seed2008,0,40.33863639831543
800,7de896507ae118b7d1384450b0b083dfe4394f072662ac60d2a136e4cd1e4137,K1,1351.7401361723919,1.2597232057341818,CBO-matched,False,979ead175e112384f60fe2a83504d620c08a8777b2cc3e48ac38cae48c7f4ae7,pairs,189,ClusterChain,2009,168,0,ClusterChain-K1-CBO-matched-pairs-seed2009,0,43.75024700164795
800,7de896507ae118b7d1384450b0b083dfe4394f072662ac60d2a136e4cd1e4137,K1,1169.36886936723,1.2519473810496582,CBO-matched,False,a7d00727ac8a09971335e8543f3c0c7891afe6b8dac4b34c49ea0125f0fd9800,pairs,190,ClusterChain,2010,169,0,ClusterChain-K1-CBO-matched-pairs-seed2010,0,40.93650531768799
800,7de896507ae118b7d1384450b0b083dfe4394f072662ac60d2a136e4cd1e4137,K1,1649.9524692911186,1.4222758591382314,CBO-matched,False,b992b88b97b2cc1e68ee3896f07a432fd965eccb33c83348e28e5e2e79efd67c,pairs,187,ClusterChain,2011,166,0,ClusterChain-K1-CBO-matched-pairs-seed2011,0,42.072954416275024
800,7de896507ae118b7d1384450b0b083dfe4394f072662ac60d2a136e4cd1e4137,K1,1107.3211398696383,1.2522239944806033,CBO-matched,False,b72d261e3675764964dc52dff0b7ad5315675ae3f43d02a5ca66f176024589b0,pairs,187,ClusterChain,2012,166,0,ClusterChain-K1-CBO-matched-pairs-seed2012,0,40.31386995315552
800,7de896507ae118b7d1384450b0b083dfe4394f072662ac60d2a136e4cd1e4137,K1,1635.0922425818762,1.311278882487989,CBO-matched,False,85acd34be524542f3dfccf2b4c9c735746738ada51dc1f1a7321cc7b8340205f,pairs,186,ClusterChain,2013,165,0,ClusterChain-K1-CBO-matched-pairs-seed2013,0,41.644556760787964
800,7de896507ae118b7d1384450b0b083dfe4394f072662ac60d2a136e4cd1e4137,K1,2731.7491130810395,1.4417443093994577,CBO-matched,False,2cf80d642bd67142232fcfac143de13c15d98725cea0c0a77b12d694fac63017,pairs,287,ClusterChain,2014,266,0,ClusterChain-K1-CBO-matched-pairs-seed2014,0,88.8910174369812
800,7de896507ae118b7d1384450b0b083dfe4394f072662ac60d2a136e4cd1e4137,K1,1154.7208987650617,1.2848334439071643,CBO-matched,False,4ec9d63af74e61ad5ab8121d7ec1e6bf7d20ac97468864a210b0f290a2e3d7ed,pairs,189,ClusterChain,2015,168,0,ClusterChain-K1-CBO-matched-pairs-seed2015,0,41.2843222618103
800,7de896507ae118b7d1384450b0b083dfe4394f072662ac60d2a136e4cd1e4137,K1,1912.6391348045297,1.464338689118709,CBO-matched,False,c26b643a2408126fdd57f3fa40534cfb1e2ca0fc7afcac37d65b7ce58ad5af71,pairs,190,ClusterChain,2016,169,0,ClusterChain-K1-CBO-matched-pairs-seed2016,0,42.775376319885254
800,7de896507ae118b7d1384450b0b083dfe4394f072662ac60d2a136e4cd1e4137,K1,1124.1900027421536,1.2855381812408582,CBO-matched,False,c12a07bdfb6332697be2541f9bdac34e769ca5250eb8c6d34489dcd723c07457,pairs,189,ClusterChain,2017,168,0,ClusterChain-K1-CBO-matched-pairs-seed2017,0,39.6899209022522
800,7de896507ae118b7d1384450b0b083dfe4394f072662ac60d2a136e4cd1e4137,K1,1387.7213525698332,1.3994573877297698,CBO-matched,False,0de0b3b19ee542dfb3eb1f54cdcb18941794254f61d723b184943edd017370c4,pairs,195,ClusterChain,2018,174,0,ClusterChain-K1-CBO-matched-pairs-seed2018,0,46.125587463378906
800,7de896507ae118b7d1384450b0b083dfe4394f072662ac60d2a136e4cd1e4137,K1,1073.5521109563406,1.2691436572063812,CBO-matched,False,741b0e284016c45b293cba6433ee9f4e74a1179a782b4fe4bcdfefa2d9188b8b,pairs,192,ClusterChain,2019,171,0,ClusterChain-K1-CBO-matched-pairs-seed2019,0,41.808053970336914
800,7de896507ae118b7d1384450b0b083dfe4394f072662ac60d2a136e4cd1e4137,K1,1385.885610002538,1.3928661981461328,CBO-matched,False,913982948d4c101cb9719ba78e790ab530564d06b070f0158c5758171142f219,pairs,187,ClusterChain,2020,166,0,ClusterChain-K1-CBO-matched-pairs-seed2020,0,39.61985373497009
800,7de896507ae118b7d1384450b0b083dfe4394f072662ac60d2a136e4cd1e4137,K1,1146.6877417795286,1.2716665458115006,CBO-matched,False,0dc02867c0e602a3db1102b06b7db7ca677820e8925adecb134ed41b4cee63e4,pairs,187,ClusterChain,2021,166,0,ClusterChain-K1-CBO-matched-pairs-seed2021,0,40.33683729171753
800,7de896507ae118b7d1384450b0b083dfe4394f072662ac60d2a136e4cd1e4137,K1,1140.8386893170778,1.2688588069749964,CBO-matched,False,f4c0b6956b0f9c29a7513365ca18cd49ea39fbc0c4a2372a21ddc0fa6b8c72f7,pairs,189,ClusterChain,2022,168,0,ClusterChain-K1-CBO-matched-pairs-seed2022,0,39.55547261238098
800,7de896507ae118b7d1384450b0b083dfe4394f072662ac60d2a136e4cd1e4137,K1,1891.9465974524967,1.2846009584281275,CBO-matched,False,76f6b9270a90a24af791864a9ccff8bf54607f7c212dd8d726188e5b1c38e55e,pairs,190,ClusterChain,2023,169,0,ClusterChain-K1-CBO-matched-pairs-seed2023,0,42.970908403396606
800,7de896507ae118b7d1384450b0b083dfe4394f072662ac60d2a136e4cd1e4137,K1,1108.7114675319303,1.2575208237516415,CBO-matched,False,6bceaf96787e7817cdad11ea1a53af75aebe2b3ebc20b8d9a8a724a76cf478ea,pairs,188,ClusterChain,2024,167,0,ClusterChain-K1-CBO-matched-pairs-seed2024,0,39.48248052597046
800,7de896507ae118b7d1384450b0b083dfe4394f072662ac60d2a136e4cd1e4137,K1,1559.1361889440295,1.2819562107168427,CBO-matched,False,f2066487c61bccea9b6085a867b5fdd055a6a8cf0eeef2bd283c6139aa52288e,pairs,187,ClusterChain,2025,166,0,ClusterChain-K1-CBO-matched-pairs-seed2025,0,44.24282622337341
800,7de896507ae118b7d1384450b0b083dfe4394f072662ac60d2a136e4cd1e4137,K1,1774.4053094681335,1.3469493486995072,CBO-matched,False,56ef366e7a288b01e860dfd3ce3d81d5afa602ba5001e4335aa8693c9361757a,pairs,187,ClusterChain,2026,166,0,ClusterChain-K1-CBO-matched-pairs-seed2026,0,40.66581726074219
800,7de896507ae118b7d1384450b0b083dfe4394f072662ac60d2a136e4cd1e4137,K1,1125.7823593445924,1.2647498195183093,CBO-matched,False,6843c8b93a05db5856fcf2053eef547ac069c8aedfc7fa2470885444b5ea1eaf,pairs,190,ClusterChain,2027,169,0,ClusterChain-K1-CBO-matched-pairs-seed2027,0,41.86256766319275
800,7de896507ae118b7d1384450b0b083dfe4394f072662ac60d2a136e4cd1e4137,K1,1156.8735620944562,1.2551599415081527,CBO-matched,False,7344d0630c4d534767b982960d46fb57ee3014acf2ba544d09c3bd5f5fe17ee2,pairs,188,ClusterChain,2028,167,0,ClusterChain-K1-CBO-matched-pairs-seed2028,0,40.64751696586609
800,7de896507ae118b7d1384450b0b083dfe4394f072662ac60d2a136e4cd1e4137,K1,1341.1549214192917,1.2592242408085248,CBO-matched,False,e153eaf92d0862583adb10a8e0b74e5db3aaf0ad975c778b5ee961e8eaa85340,pairs,188,ClusterChain,2029,167,0,ClusterChain-K1-CBO-matched-pairs-seed2029,0,40.701539278030396
800,7de896507ae118b7d1384450b0b083dfe4394f072662ac60d2a136e4cd1e4137,K1,1267.5802440808905,1.5101826187825116,CBO,False,b7c186e223169dbab1f0a322cb5eeb5ae69e01a0969ad311b40bc035897a0709,fine,303,ClusterChain,2000,234,0,ClusterChain-K1-CBO-seed2000,0,150.82681465148926
800,7de896507ae118b7d1384450b0b083dfe4394f072662ac60d2a136e4cd1e4137,K1,1354.2933192522573,1.5006567859492033,CBO,False,9d005a0c4786bfcf65e2d9d0d1836f57e6d1942b32ad847c20e2c9bc9c60b67a,fine,302,ClusterChain,2001,233,0,ClusterChain-K1-CBO-seed2001,0,163.76551294326782
800,7de896507ae118b7d1384450b0b083dfe4394f072662ac60d2a136e4cd1e4137,K1,1616.3635412883316,1.5175914274912197,CBO,False,4e340053dade88aaf91c8c6deef4c45a8f9344adb29939d6116ff4c2a48d37d5,fine,302,ClusterChain,2002,233,0,ClusterChain-K1-CBO-seed2002,0,156.46986770629883
800,7de896507ae118b7d1384450b0b083dfe4394f072662ac60d2a136e4cd1e4137,K1,1292.1430507299945,1.5007662010272156,CBO,False,967d6c1f54b5d00830842f883c3e074492d9489ff372a84801884c33e100d4cf,fine,304,ClusterChain,2003,235,0,ClusterChain-K1-CBO-seed2003,0,194.57252621650696
800,7de896507ae118b7d1384450b0b083dfe4394f072662ac60d2a136e4cd1e4137,K1,1306.3495196078127,1.5335788878336425,CBO,False,fe48b3c52ee35996054ee8de9a634a46666d7fb0bc423caee0d84de832d5585b,fine,301,ClusterChain,2004,232,0,ClusterChain-K1-CBO-seed2004,0,163.25201892852783
800,7de896507ae118b7d1384450b0b083dfe4394f072662ac60d2a136e4cd1e4137,K1,1729.7758342408263,1.5063731296265868,CBO,False,a381726b36eaeb765c608461e4a863a219be22e5fa5f7c8c13bed9c7bc80162f,fine,314,ClusterChain,2005,245,0,ClusterChain-K1-CBO-seed2005,0,177.45771193504333
800,7de896507ae118b7d1384450b0b083dfe4394f072662ac60d2a136e4cd1e4137,K1,1495.3240760219164,1.5134297959401715,CBO,False,bb708dce34dd42fcfbb28fcdc14b3da1f87ff8ab7ac0d8c1bcd9cdecb27448bd,fine,307,ClusterChain,2006,238,0,ClusterChain-K1-CBO-seed2006,0,160.45552587509155
800,7de896507ae118b7d1384450b0b083dfe4394f072662ac60d2a136e4cd1e4137,K1,1428.2076377611195,1.5214396573163935,CBO,False,f757dbd32ac8377c3eb94a493985b47bd0a5d6d660d6893cc1482e95fc3b6922,fine,303,ClusterChain,2007,234,0,ClusterChain-K1-CBO-seed2007,0,153.2815866470337
800,7de896507ae118b7d1384450b0b083dfe4394f072662ac60d2a136e4cd1e4137,K1,2362.38550990729,2.7501025692132135,CBO,False,33fae087d26a42438644d1baf59bb577bf62075328f4e35cb7cce89652b7faa3,fine,336,ClusterChain,2008,267,0,ClusterChain-K1-CBO-seed2008,0,173.42241144180298
800,7de896507ae118b7d1384450b0b083dfe4394f072662ac60d2a136e4cd1e4137,K1,1603.6277218396406,1.5046325030942835,CBO,False,979ead175e112384f60fe2a83504d620c08a8777b2cc3e48ac38cae48c7f4ae7,fine,332,ClusterChain,2009,263,0,ClusterChain-K1-CBO-seed2009,0,191.0076780319214
800,7de896507ae118b7d1384450b0b083dfe4394f072662ac60d2a136e4cd1e4137,K1,1482.077729647719,1.5029395478882475,CBO,False,a7d00727ac8a09971335e8543f3c0c7891afe6b8dac4b34c49ea0125f0fd9800,fine,305,ClusterChain,2010,236,0,ClusterChain-K1-CBO-seed2010,0,157.63125729560852
800,7de896507ae118b7d1384450b0b083dfe4394f072662ac60d2a136e4cd1e4137,K1,1655.1147730171829,1.604150912727951,CBO,False,b992b88b97b2cc1e68ee3896f07a432fd965eccb33c83348e28e5e2e79efd67c,fine,306,ClusterChain,2011,237,0,ClusterChain-K1-CBO-seed2011,0,173.9414882659912
800,7de896507ae118b7d1384450b0b083dfe4394f072662ac60d2a136e4cd1e4137,K1,1357.1895075383522,1.5037456687959534,CBO,False,b72d261e3675764964dc52dff0b7ad5315675ae3f43d02a5ca66f176024589b0,fine,300,ClusterChain,2012,231,0,ClusterChain-K1-CBO-seed2012,0,162.1522867679596
800,7de896507ae118b7d1384450b0b083dfe4394f072662ac60d2a136e4cd1e4137,K1,1718.7965798741236,1.5352017045936224,CBO,False,85acd34be524542f3dfccf2b4c9c735746738ada51dc1f1a7321cc7b8340205f,fine,309,ClusterChain,2013,240,0,ClusterChain-K1-CBO-seed2013,0,156.91475987434387
800,7de896507ae118b7d1384450b0b083dfe4394f072662ac60d2a136e4cd1e4137,K1,1616.8475653236894,1.5278830510334944,CBO,False,2cf80d642bd67142232fcfac143de13c15d98725cea0c0a77b12d694fac63017,fine,299,ClusterChain,2014,230,0,ClusterChain-K1-CBO-seed2014,0,172.93121528625488
800,7de896507ae118b7d1384450b0b083dfe4394f072662ac60d2a136e4cd1e4137,K1,1497.8887973759283,1.5148690455370326,CBO,False,4ec9d63af74e61ad5ab8121d7ec1e6bf7d20ac97468864a210b0f290a2e3d7ed,fine,301,ClusterChain,2015,232,0,ClusterChain-K1-CBO-seed2015,0,154.92008519172668
800,7de896507ae118b7d1384450b0b083dfe4394f072662ac60d2a136e4cd1e4137,K1,1549.6662736861763,1.5003807307836137,CBO,False,c26b643a2408126fdd57f3fa40534cfb1e2ca0fc7afcac37d65b7ce58ad5af71,fine,304,ClusterChain,2016,235,0,ClusterChain-K1-CBO-seed2016,0,157.5146005153656
800,7de896507ae118b7d1384450b0b083dfe4394f072662ac60d2a136e4cd1e4137,K1,1312.259949781081,1.5032555902021167,CBO,False,c12a07bdfb6332697be2541f9bdac34e769ca5250eb8c6d34489dcd723c07457,fine,304,ClusterChain,2017,235,0,ClusterChain-K1-CBO-seed2017,0,157.23144054412842
800,7de896507ae118b7d1384450b0b083dfe4394f072662ac60d2a136e4cd1e4137,K1,1482.284739748519,1.502778810117933,CBO,False,0de0b3b19ee542dfb3eb1f54cdcb18941794254f61d723b184943edd017370c4,fine,305,ClusterChain,2018,236,0,ClusterChain-K1-CBO-seed2018,0,161.16339802742004
800,7de896507ae118b7d1384450b0b083dfe4394f072662ac60d2a136e4cd1e4137,K1,1437.416013802412,1.5035659350726027,CBO,False,741b0e284016c45b293cba6433ee9f4e74a1179a782b4fe4bcdfefa2d9188b8b,fine,300,ClusterChain,2019,231,0,ClusterChain-K1-CBO-seed2019,0,151.37204694747925
800,7de896507ae118b7d1384450b0b083dfe4394f072662ac60d2a136e4cd1e4137,K1,1491.9515795009272,1.5154563667341667,CBO,False,913982948d4c101cb9719ba78e790ab530564d06b070f0158c5758171142f219,fine,307,ClusterChain,2020,238,0,ClusterChain-K1-CBO-seed2020,0,153.9858522415161
800,7de896507ae118b7d1384450b0b083dfe4394f072662ac60d2a136e4cd1e4137,K1,1519.0925591606542,1.535425626053742,CBO,False,0dc02867c0e602a3db1102b06b7db7ca677820e8925adecb134ed41b4cee63e4,fine,307,ClusterChain,2021,238,0,ClusterChain-K1-CBO-seed2021,0,156.91335654258728
800,7de896507ae118b7d1384450b0b083dfe4394f072662ac60d2a136e4cd1e4137,K1,1763.8587366861677,1.5133256476495143,CBO,False,f4c0b6956b0f9c29a7513365ca18cd49ea39fbc0c4a2372a21ddc0fa6b8c72f7,fine,300,ClusterChain,2022,231,0,ClusterChain-K1-CBO-seed2022,0,153.1753387451172
800,7de896507ae118b7d1384450b0b083dfe4394f072662ac60d2a136e4cd1e4137,K1,1643.790560086801,1.571790513895973,CBO,False,76f6b9270a90a24af791864a9ccff8bf54607f7c212dd8d726188e5b1c38e55e,fine,305,ClusterChain,2023,236,0,ClusterChain-K1-CBO-seed2023,0,154.92828392982483
800,7de896507ae118b7d1384450b0b083dfe4394f072662ac60d2a136e4cd1e4137,K1,1468.7775343655624,1.5577382335188115,CBO,False,6bceaf96787e7817cdad11ea1a53af75aebe2b3ebc20b8d9a8a724a76cf478ea,fine,303,ClusterChain,2024,234,0,ClusterChain-K1-CBO-seed2024,0,153.721364736557
800,7de896507ae118b7d1384450b0b083dfe4394f072662ac60d2a136e4cd1e4137,K1,1501.826224472107,1.502789495041993,CBO,False,f2066487c61bccea9b6085a867b5fdd055a6a8cf0eeef2bd283c6139aa52288e,fine,304,ClusterChain,2025,235,0,ClusterChain-K1-CBO-seed2025,0,155.77759265899658
800,7de896507ae118b7d1384450b0b083dfe4394f072662ac60d2a136e4cd1e4137,K1,1495.5129407733282,1.5237370844836373,CBO,False,56ef366e7a288b01e860dfd3ce3d81d5afa602ba5001e4335aa8693c9361757a,fine,304,ClusterChain,2026,235,0,ClusterChain-K1-CBO-seed2026,0,150.56925702095032
800,7de896507ae118b7d1384450b0b083dfe4394f072662ac60d2a136e4cd1e4137,K1,1461.2442069676983,1.6006359838133544,CBO,False,6843c8b93a05db5856fcf2053eef547ac069c8aedfc7fa2470885444b5ea1eaf,fine,303,ClusterChain,2027,234,0,ClusterChain-K1-CBO-seed2027,0,155.62668871879578
800,7de896507ae118b7d1384450b0b083dfe4394f072662ac60d2a136e4cd1e4137,K1,1380.5156555055735,1.504939572969689,CBO,False,7344d0630c4d534767b982960d46fb57ee3014acf2ba544d09c3bd5f5fe17ee2,fine,306,ClusterChain,2028,237,0,ClusterChain-K1-CBO-seed2028,0,170.0958993434906
800,7de896507ae118b7d1384450b0b083dfe4394f072662ac60d2a136e4cd1e4137,K1,1355.9922542080578,1.5166985839608726,CBO,False,e153eaf92d0862583adb10a8e0b74e5db3aaf0ad975c778b5ee961e8eaa85340,fine,301,ClusterChain,2029,232,0,ClusterChain-K1-CBO-seed2029,0,152.44022870063782
800,7de896507ae118b7d1384450b0b083dfe4394f072662ac60d2a136e4cd1e4137,K1,1720.0130981866373,2.081953930739191,HQCBO,False,b7c186e223169dbab1f0a322cb5eeb5ae69e01a0969ad311b40bc035897a0709,pairs,310,ClusterChain,2000,289,0,ClusterChain-K1-HQCBO-pairs-seed2000,0,119.10908222198486
800,7de896507ae118b7d1384450b0b083dfe4394f072662ac60d2a136e4cd1e4137,K1,1370.4116285716666,1.6451427058628068,HQCBO,False,9d005a0c4786bfcf65e2d9d0d1836f57e6d1942b32ad847c20e2c9bc9c60b67a,pairs,311,ClusterChain,2001,290,0,ClusterChain-K1-HQCBO-pairs-seed2001,0,117.61758494377136
800,7de896507ae118b7d1384450b0b083dfe4394f072662ac60d2a136e4cd1e4137,K1,3251.285126850733,3.981297790646545,HQCBO,False,4e340053dade88aaf91c8c6deef4c45a8f9344adb29939d6116ff4c2a48d37d5,pairs,314,ClusterChain,2002,293,0,ClusterChain-K1-HQCBO-pairs-seed2002,0,129.81383085250854
800,7de896507ae118b7d1384450b0b083dfe4394f072662ac60d2a136e4cd1e4137,K1,2283.506055962385,2.7508208816827415,HQCBO,False,967d6c1f54b5d00830842f883c3e074492d9489ff372a84801884c33e100d4cf,pairs,309,ClusterChain,2003,288,0,ClusterChain-K1-HQCBO-pairs-seed2003,0,115.07659006118774
800,7de896507ae118b7d1384450b0b083dfe4394f072662ac60d2a136e4cd1e4137,K1,1677.7178354694793,1.8366504457943018,HQCBO,False,fe48b3c52ee35996054ee8de9a634a46666d7fb0bc423caee0d84de832d5585b,pairs,297,ClusterChain,2004,276,0,ClusterChain-K1-HQCBO-pairs-seed2004,0,97.24733638763428
800,7de896507ae118b7d1384450b0b083dfe4394f072662ac60d2a136e4cd1e4137,K1,1175.042863536104,1.384066696141985,HQCBO,False,a381726b36eaeb765c608461e4a863a219be22e5fa5f7c8c13bed9c7bc80162f,pairs,307,ClusterChain,2005,286,0,ClusterChain-K1-HQCBO-pairs-seed2005,0,112.8854968547821
800,7de896507ae118b7d1384450b0b083dfe4394f072662ac60d2a136e4cd1e4137,K1,2594.464925077356,3.184430113492001,HQCBO,False,bb708dce34dd42fcfbb28fcdc14b3da1f87ff8ab7ac0d8c1bcd9cdecb27448bd,pairs,317,ClusterChain,2006,296,0,ClusterChain-K1-HQCBO-pairs-seed2006,0,125.23319983482361
800,7de896507ae118b7d1384450b0b083dfe4394f072662ac60d2a136e4cd1e4137,K1,2318.8963887929317,2.854238261190964,HQCBO,False,f757dbd32ac8377c3eb94a493985b47bd0a5d6d660d6893cc1482e95fc3b6922,pairs,317,ClusterChain,2007,296,0,ClusterChain-K1-HQCBO-pairs-seed2007,0,132.49399209022522
800,7de896507ae118b7d1384450b0b083dfe4394f072662ac60d2a136e4cd1e4137,K1,1584.5958320388363,1.890012779964265,HQCBO,False,33fae087d26a42438644d1baf59bb577bf62075328f4e35cb7cce89652b7faa3,pairs,309,ClusterChain,2008,288,0,ClusterChain-K1-HQCBO-pairs-seed2008,0,116.88837218284607
800,7de896507ae118b7d1384450b0b083dfe4394f072662ac60d2a136e4cd1e4137,K1,2455.2707527934485,2.93079455857284,HQCBO,False,979ead175e112384f60fe2a83504d620c08a8777b2cc3e48ac38cae48c7f4ae7,pairs,316,ClusterChain,2009,295,0,ClusterChain-K1-HQCBO-pairs-seed2009,0,122.39131784439087
800,7de896507ae118b7d1384450b0b083dfe4394f072662ac60d2a136e4cd1e4137,K1,1169.7166902340875,1.2640787587389828,HQCBO,False,a7d00727ac8a09971335e8543f3c0c7891afe6b8dac4b34c49ea0125f0fd9800,pairs,306,ClusterChain,2010,285,0,ClusterChain-K1-HQCBO-pairs-seed2010,0,106.0333640575409
800,7de896507ae118b7d1384450b0b083dfe4394f072662ac60d2a136e4cd1e4137,K1,3206.7192254463534,3.971013361195915,HQCBO,False,b992b88b97b2cc1e68ee3896f07a432fd965eccb33c83348e28e5e2e79efd67c,pairs,317,ClusterChain,2011,296,0,ClusterChain-K1-HQCBO-pairs-seed2011,0,139.53220629692078
800,7de896507ae118b7d1384450b0b083dfe4394f072662ac60d2a136e4cd1e4137,K1,1586.83916641373,1.9219937102333526,HQCBO,False,b72d261e3675764964dc52dff0b7ad5315675ae3f43d02a5ca66f176024589b0,pairs,313,ClusterChain,2012,292,0,ClusterChain-K1-HQCBO-pairs-seed2012,0,121.41141486167908
800,7de896507ae118b7d1384450b0b083dfe4394f072662ac60d2a136e4cd1e4137,K1,3227.151924546904,3.980059817062875,HQCBO,False,85acd34be524542f3dfccf2b4c9c735746738ada51dc1f1a7321cc7b8340205f,pairs,318,ClusterChain,2013,297,0,ClusterChain-K1-HQCBO-pairs-seed2013,0,120.73955345153809
800,7de896507ae118b7d1384450b0b083dfe4394f072662ac60d2a136e4cd1e4137,K1,3232.78490368006,3.9680207662963793,HQCBO,False,2cf80d642bd67142232fcfac143de13c15d98725cea0c0a77b12d694fac63017,pairs,367,ClusterChain,2014,346,0,ClusterChain-K1-HQCBO-pairs-seed2014,0,152.3612368106842
800,7de896507ae118b7d1384450b0b083dfe4394f072662ac60d2a136e4cd1e4137,K1,2063.430238614857,2.5276844290256872,HQCBO,False,4ec9d63af74e61ad5ab8121d7ec1e6bf7d20ac97468864a210b0f290a2e3d7ed,pairs,315,ClusterChain,2015,294,0,ClusterChain-K1-HQCBO-pairs-seed2015,0,143.2933657169342
800,7de896507ae118b7d1384450b0b083dfe4394f072662ac60d2a136e4cd1e4137,K1,3466.7627957072673,4.2503445938356155,HQCBO,False,c26b643a2408126fdd57f3fa40534cfb1e2ca0fc7afcac37d65b7ce58ad5af71,pairs,318,ClusterChain,2016,297,0,ClusterChain-K1-HQCBO-pairs-seed2016,0,112.53685545921326
800,7de896507ae118b7d1384450b0b083dfe4394f072662ac60d2a136e4cd1e4137,K1,1648.4144003781,2.057945568512017,HQCBO,False,c12a07bdfb6332697be2541f9bdac34e769ca5250eb8c6d34489dcd723c07457,pairs,315,ClusterChain,2017,294,0,ClusterChain-K1-HQCBO-pairs-seed2017,0,123.58271026611328
800,7de896507ae118b7d1384450b0b083dfe4394f072662ac60d2a136e4cd1e4137,K1,3442.6020816739524,4.276697674882626,HQCBO,False,0de0b3b19ee542dfb3eb1f54cdcb18941794254f61d723b184943edd017370c4,pairs,320,ClusterChain,2018,299,0,ClusterChain-K1-HQCBO-pairs-seed2018,0,122.51340007781982
800,7de896507ae118b7d1384450b0b083dfe4394f072662ac60d2a136e4cd1e4137,K1,1097.012236625336,1.3059727398892953,HQCBO,False,741b0e284016c45b293cba6433ee9f4e74a1179a782b4fe4bcdfefa2d9188b8b,pairs,309,ClusterChain,2019,288,0,ClusterChain-K1-HQCBO-pairs-seed2019,0,117.18235349655151
800,7de896507ae118b7d1384450b0b083dfe4394f072662ac60d2a136e4cd1e4137,K1,1871.3259981440692,2.1749802509213016,HQCBO,False,913982948d4c101cb9719ba78e790ab530564d06b070f0158c5758171142f219,pairs,302,ClusterChain,2020,281,0,ClusterChain-K1-HQCBO-pairs-seed2020,0,108.1084144115448
800,7de896507ae118b7d1384450b0b083dfe4394f072662ac60d2a136e4cd1e4137,K1,1537.6746220519874,1.8274618829008853,HQCBO,False,0dc02867c0e602a3db1102b06b7db7ca677820e8925adecb134ed41b4cee63e4,pairs,313,ClusterChain,2021,292,0,ClusterChain-K1-HQCBO-pairs-seed2021,0,125.21725392341614
800,7de896507ae118b7d1384450b0b083dfe4394f072662ac60d2a136e4cd1e4137,K1,1272.4579492709909,1.487340662589449,HQCBO,False,f4c0b6956b0f9c29a7513365ca18cd49ea39fbc0c4a2372a21ddc0fa6b8c72f7,pairs,310,ClusterChain,2022,289,0,ClusterChain-K1-HQCBO-pairs-seed2022,0,114.0252332687378
800,7de896507ae118b7d1384450b0b083dfe4394f072662ac60d2a136e4cd1e4137,K1,3237.128098792025,3.985172337149568,HQCBO,False,76f6b9270a90a24af791864a9ccff8bf54607f7c212dd8d726188e5b1c38e55e,pairs,318,ClusterChain,2023,297,0,ClusterChain-K1-HQCBO-pairs-seed2023,0,123.32250595092773
800,7de896507ae118b7d1384450b0b083dfe4394f072662ac60d2a136e4cd1e4137,K1,1262.6382034981923,1.4746324185826731,HQCBO,False,6bceaf96787e7817cdad11ea1a53af75aebe2b3ebc20b8d9a8a724a76cf478ea,pairs,310,ClusterChain,2024,289,0,ClusterChain-K1-HQCBO-pairs-seed2024,0,122.8508517742157
800,7de896507ae118b7d1384450b0b083dfe4394f072662ac60d2a136e4cd1e4137,K1,3313.715481802833,4.062941972753494,HQCBO,False,f2066487c61bccea9b6085a867b5fdd055a6a8cf0eeef2bd283c6139aa52288e,pairs,311,ClusterChain,2025,290,0,ClusterChain-K1-HQCBO-pairs-seed2025,0,124.58633017539978
800,7de896507ae118b7d1384450b0b083dfe4394f072662ac60d2a136e4cd1e4137,K1,3198.7385616236397,3.9687707989745853,HQCBO,False,56ef366e7a288b01e860dfd3ce3d81d5afa602ba5001e4335aa8693c9361757a,pairs,312,ClusterChain,2026,291,0,ClusterChain-K1-HQCBO-pairs-seed2026,0,127.83141899108887
800,7de896507ae118b7d1384450b0b083dfe4394f072662ac60d2a136e4cd1e4137,K1,2011.7943991210075,2.460683718219014,HQCBO,False,6843c8b93a05db5856fcf2053eef547ac069c8aedfc7fa2470885444b5ea1eaf,pairs,317,ClusterChain,2027,296,0,ClusterChain-K1-HQCBO-pairs-seed2027,0,147.06957173347473
800,7de896507ae118b7d1384450b0b083dfe4394f072662ac60d2a136e4cd1e4137,K1,1321.1824494787545,1.5199467876669586,HQCBO,False,7344d0630c4d534767b982960d46fb57ee3014acf2ba544d09c3bd5f5fe17ee2,pairs,306,ClusterChain,2028,285,0,ClusterChain-K1-HQCBO-pairs-seed2028,0,127.42293667793274
800,7de896507ae118b7d1384450b0b083dfe4394f072662ac60d2a136e4cd1e4137,K1,2827.3576896406507,3.4551301372904994,HQCBO,False,e153eaf92d0862583adb10a8e0b74e5db3aaf0ad975c778b5ee961e8eaa85340,pairs,310,ClusterChain,2029,289,0,ClusterChain-K1-HQCBO-pairs-seed2029,0,129.23330688476562
800,7de896507ae118b7d1384450b0b083dfe4394f072662ac60d2a136e4cd1e4137,K1,507.0018082236137,0.06566574393967478,QCBO,False,b7c186e223169dbab1f0a322cb5eeb5ae69e01a0969ad311b40bc035897a0709,alt,213,ClusterChain,2000,168,0,ClusterChain-K1-QCBO-alt-seed2000,0,80.04904770851135
800,7de896507ae118b7d1384450b0b083dfe4394f072662ac60d2a136e4cd1e4137,K1,458.5475407484113,0.10737680147384726,QCBO,False,9d005a0c4786bfcf65e2d9d0d1836f57e6d1942b32ad847c20e2c9bc9c60b67a,alt,216,ClusterChain,2001,171,0,ClusterChain-K1-QCBO-alt-seed2001,0,81.64494681358337
800,7de896507ae118b7d1384450b0b083dfe4394f072662ac60d2a136e4cd1e4137,K1,321.94988331352863,0.04036302859112594,QCBO,False,4e340053dade88aaf91c8c6deef4c45a8f9344adb29939d6116ff4c2a48d37d5,alt,208,ClusterChain,2002,163,0,ClusterChain-K1-QCBO-alt-seed2002,0,77.67754554748535
800,7de896507ae118b7d1384450b0b083dfe4394f072662ac60d2a136e4cd1e4137,K1,312.86252174317355,0.026656374397213863,QCBO,False,967d6c1f54b5d00830842f883c3e074492d9489ff372a84801884c33e100d4cf,alt,209,ClusterChain,2003,164,0,ClusterChain-K1-QCBO-alt-seed2003,0,86.51510381698608
800,7de896507ae118b7d1384450b0b083dfe4394f072662ac60d2a136e4cd1e4137,K1,317.40441261379993,0.07738530427081633,QCBO,False,fe48b3c52ee35996054ee8de9a634a46666d7fb0bc423caee0d84de832d5585b,alt,211,ClusterChain,2004,166,0,ClusterChain-K1-QCBO-alt-seed2004,0,76.90009069442749
800,7de896507ae118b7d1384450b0b083dfe4394f072662ac60d2a136e4cd1e4137,K1,401.95478627445,0.015863553500055652,QCBO,False,a381726b36eaeb765c608461e4a863a219be22e5fa5f7c8c13bed9c7bc80162f,alt,216,ClusterChain,2005,171,0,ClusterChain-K1-QCBO-alt-seed2005,0,84.36526083946228
800,7de896507ae118b7d1384450b0b083dfe4394f072662ac60d2a136e4cd1e4137,K1,283.7118010283456,0.06535606106232306,QCBO,False,bb708dce34dd42fcfbb28fcdc14b3da1f87ff8ab7ac0d8c1bcd9cdecb27448bd,alt,215,ClusterChain,2006,170,0,ClusterChain-K1-QCBO-alt-seed2006,0,79.93507170677185
800,7de896507ae118b7d1384450b0b083dfe4394f072662ac60d2a136e4cd1e4137,K1,639.0329124668036,0.05811502296987662,QCBO,False,f757dbd32ac8377c3eb94a493985b47bd0a5d6d660d6893cc1482e95fc3b6922,alt,214,ClusterChain,2007,169,0,ClusterChain-K1-QCBO-alt-seed2007,0,81.91269516944885
800,7de896507ae118b7d1384450b0b083dfe4394f072662ac60d2a136e4cd1e4137,K1,247.68272353559448,0.10281248991950892,QCBO,False,33fae087d26a42438644d1baf59bb577bf62075328f4e35cb7cce89652b7faa3,alt,208,ClusterChain,2008,163,0,ClusterChain-K1-QCBO-alt-seed2008,0,76.74976420402527
800,7de896507ae118b7d1384450b0b083dfe4394f072662ac60d2a136e4cd1e4137,K1,594.7369826276541,0.14965725758273887,QCBO,False,979ead175e112384f60fe2a83504d620c08a8777b2cc3e48ac38cae48c7f4ae7,alt,215,ClusterChain,2009,170,0,ClusterChain-K1-QCBO-alt-seed2009,0,91.56573748588562
800,7de896507ae118b7d1384450b0b083dfe4394f072662ac60d2a136e4cd1e4137,K1,1215.983905304229,0.4703633341955534,QCBO,False,a7d00727ac8a09971335e8543f3c0c7891afe6b8dac4b34c49ea0125f0fd9800,alt,220,ClusterChain,2010,175,0,ClusterChain-K1-QCBO-alt-seed2010,0,85.64934706687927
800,7de896507ae118b7d1384450b0b083dfe4394f072662ac60d2a136e4cd1e4137,K1,97.81917927800657,0.010975039238463533,QCBO,False,b992b88b97b2cc1e68ee3896f07a432fd965eccb33c83348e28e5e2e79efd67c,alt,211,ClusterChain,2011,166,0,ClusterChain-K1-QCBO-alt-seed2011,0,77.68891477584839
800,7de896507ae118b7d1384450b0b083dfe4394f072662ac60d2a136e4cd1e4137,K1,172.55932766494695,0.030277093475996976,QCBO,False,b72d261e3675764964dc52dff0b7ad5315675ae3f43d02a5ca66f176024589b0,alt,215,ClusterChain,2012,170,0,ClusterChain-K1-QCBO-alt-seed2012,0,83.51164269447327
800,7de896507ae118b7d1384450b0b083dfe4394f072662ac60d2a136e4cd1e4137,K1,1323.0221536739134,0.7748966260659329,QCBO,False,85acd34be524542f3dfccf2b4c9c735746738ada51dc1f1a7321cc7b8340205f,alt,209,ClusterChain,2013,164,0,ClusterChain-K1-QCBO-alt-seed2013,0,81.08523058891296
800,7de896507ae118b7d1384450b0b083dfe4394f072662ac60d2a136e4cd1e4137,K1,222.13484379488577,0.0937572606406242,QCBO,False,2cf80d642bd67142232fcfac143de13c15d98725cea0c0a77b12d694fac63017,alt,291,ClusterChain,2014,246,0,ClusterChain-K1-QCBO-alt-seed2014,0,125.4405996799469
800,7de896507ae118b7d1384450b0b083dfe4394f072662ac60d2a136e4cd1e4137,K1,488.8819318822595,0.04914130951177519,QCBO,False,4ec9d63af74e61ad5ab8121d7ec1e6bf7d20ac97468864a210b0f290a2e3d7ed,alt,214,ClusterChain,2015,169,0,ClusterChain-K1-QCBO-alt-seed2015,0,84.91945290565491
800,7de896507ae118b7d1384450b0b083dfe4394f072662ac60d2a136e4cd1e4137,K1,932.117135661095,0.11558295513739947,QCBO,False,c26b643a2408126fdd57f3fa40534cfb1e2ca0fc7afcac37d65b7ce58ad5af71,alt,215,ClusterChain,2016,170,0,ClusterChain-K1-QCBO-alt-seed2016,0,85.33199048042297
800,7de896507ae118b7d1384450b0b083dfe4394f072662ac60d2a136e4cd1e4137,K1,654.2317436455354,0.009009852013106515,QCBO,False,c12a07bdfb6332697be2541f9bdac34e769ca5250eb8c6d34489dcd723c07457,alt,216,ClusterChain,2017,171,0,ClusterChain-K1-QCBO-alt-seed2017,0,80.98489880561829
800,7de896507ae118b7d1384450b0b083dfe4394f072662ac60d2a136e4cd1e4137,K1,587.8238857304486,0.07205610458975104,QCBO,False,0de0b3b19ee542dfb3eb1f54cdcb18941794254f61d723b184943edd017370c4,alt,223,ClusterChain,2018,178,0,ClusterChain-K1-QCBO-alt-seed2018,0,83.95439887046814
800,7de896507ae118b7d1384450b0b083dfe4394f072662ac60d2a136e4cd1e4137,K1,96.77619350969002,0.020821770795164583,QCBO,False,741b0e284016c45b293cba6433ee9f4e74a1179a782b4fe4bcdfefa2d9188b8b,alt,219,ClusterChain,2019,174,0,ClusterChain-K1-QCBO-alt-seed2019,0,83.59864139556885
800,7de896507ae118b7d1384450b0b083dfe4394f072662ac60d2a136e4cd1e4137,K1,338.70709850525964,0.00731800503463239,QCBO,False,913982948d4c101cb9719ba78e790ab530564d06b070f0158c5758171142f219,alt,211,ClusterChain,2020,166,0,ClusterChain-K1-QCBO-alt-seed2020,0,78.18914842605591
800,7de896507ae118b7d1384450b0b083dfe4394f072662ac60d2a136e4cd1e4137,K1,739.7334761001252,0.08495154242474867,QCBO,False,0dc02867c0e602a3db1102b06b7db7ca677820e8925adecb134ed41b4cee63e4,alt,216,ClusterChain,2021,171,0,ClusterChain-K1-QCBO-alt-seed2021,0,92.30697846412659
800,7de896507ae118b7d1384450b0b083dfe4394f072662ac60d2a136e4cd1e4137,K1,683.0514094923343,0.08950787245128838,QCBO,False,f4c0b6956b0f9c29a7513365ca18cd49ea39fbc0c4a2372a21ddc0fa6b8c72f7,alt,214,ClusterChain,2022,169,0,ClusterChain-K1-QCBO-alt-seed2022,0,80.1088752746582
800,7de896507ae118b7d1384450b0b083dfe4394f072662ac60d2a136e4cd1e4137,K1,596.4472401338039,0.1867574152914482,QCBO,False,76f6b9270a90a24af791864a9ccff8bf54607f7c212dd8d726188e5b1c38e55e,alt,212,ClusterChain,2023,167,0,ClusterChain-K1-QCBO-alt-seed2023,0,89.78756737709045
800,7de896507ae118b7d1384450b0b083dfe4394f072662ac60d2a136e4cd1e4137,K1,1115.6254346101255,0.34968411719073333,QCBO,False,6bceaf96787e7817cdad11ea1a53af75aebe2b3ebc20b8d9a8a724a76cf478ea,alt,216,ClusterChain,2024,171,0,ClusterChain-K1-QCBO-alt-seed2024,0,78.09565114974976
800,7de896507ae118b7d1384450b0b083dfe4394f072662ac60d2a136e4cd1e4137,K1,1628.8740382068952,0.3329875017742419,QCBO,False,f2066487c61bccea9b6085a867b5fdd055a6a8cf0eeef2bd283c6139aa52288e,alt,220,ClusterChain,2025,175,0,ClusterChain-K1-QCBO-alt-seed2025,0,83.77734160423279
800,7de896507ae118b7d1384450b0b083dfe4394f072662ac60d2a136e4cd1e4137,K1,224.4441479475868,0.008279627707965316,QCBO,False,56ef366e7a288b01e860dfd3ce3d81d5afa602ba5001e4335aa8693c9361757a,alt,207,ClusterChain,2026,162,0,ClusterChain-K1-QCBO-alt-seed2026,0,76.78624129295349
800,7de896507ae118b7d1384450b0b083dfe4394f072662ac60d2a136e4cd1e4137,K1,658.3385772327457,0.35546797040026007,QCBO,False,6843c8b93a05db5856fcf2053eef547ac069c8aedfc7fa2470885444b5ea1eaf,alt,216,ClusterChain,2027,171,0,ClusterChain-K1-QCBO-alt-seed2027,0,80.97158432006836
800,7de896507ae118b7d1384450b0b083dfe4394f072662ac60d2a136e4cd1e4137,K1,581.0517386988628,0.10858882069215256,QCBO,False,7344d0630c4d534767b982960d46fb57ee3014acf2ba544d09c3bd5f5fe17ee2,alt,216,ClusterChain,2028,171,0,ClusterChain-K1-QCBO-alt-seed2028,0,81.3455011844635
800,7de896507ae118b7d1384450b0b083dfe4394f072662ac60d2a136e4cd1e4137,K1,1360.0426561179959,1.2580299669791069,QCBO,False,e153eaf92d0862583adb10a8e0b74e5db3aaf0ad975c778b5ee961e8eaa85340,alt,220,ClusterChain,2029,175,0,ClusterChain-K1-QCBO-alt-seed2029,0,83.2681348323822
800,7de896507ae118b7d1384450b0b083dfe4394f072662ac60d2a136e4cd1e4137,K1,3247.944616831632,3.9661080707540943,QCBO,False,b7c186e223169dbab1f0a322cb5eeb5ae69e01a0969ad311b40bc035897a0709,coarse,151,ClusterChain,2000,142,0,ClusterChain-K1-QCBO-coarse-seed2000,0,26.561883449554443
800,7de896507ae118b7d1384450b0b083dfe4394f072662ac60d2a136e4cd1e4137,K1,3238.411925531026,3.9691864372141588,QCBO,False,9d005a0c4786bfcf65e2d9d0d1836f57e6d1942b32ad847c20e2c9bc9c60b67a,coarse,152,ClusterChain,2001,143,0,ClusterChain-K1-QCBO-coarse-seed2001,0,23.436279296875
800,7de896507ae118b7d1384450b0b083dfe4394f072662ac60d2a136e4cd1e4137,K1,3278.9650721217427,3.9688037076507943,QCBO,False,4e340053dade88aaf91c8c6deef4c45a8f9344adb29939d6116ff4c2a48d37d5,coarse,149,ClusterChain,2002,140,0,ClusterChain-K1-QCBO-coarse-seed2002,0,22.223175525665283
800,7de896507ae118b7d1384450b0b083dfe4394f072662ac60d2a136e4cd1e4137,K1,3272.080242401859,3.964442824920214,QCBO,False,967d6c1f54b5d00830842f883c3e074492d9489ff372a84801884c33e100d4cf,coarse,152,ClusterChain,2003,143,0,ClusterChain-K1-QCBO-coarse-seed2003,0,21.46071171760559
800,7de896507ae118b7d1384450b0b083dfe4394f072662ac60d2a136e4cd1e4137,K1,3266.496839278622,3.9712687808760405,QCBO,False,fe48b3c52ee35996054ee8de9a634a46666d7fb0bc423caee0d84de832d5585b,coarse,151,ClusterChain,2004,142,0,ClusterChain-K1-QCBO-coarse-seed2004,0,21.70182466506958
800,7de896507ae118b7d1384450b0b083dfe4394f072662ac60d2a136e4cd1e4137,K1,3262.4101986377664,3.9703835990091703,QCBO,False,a381726b36eaeb765c608461e4a863a219be22e5fa5f7c8c13bed9c7bc80162f,coarse,151,ClusterChain,2005,142,0,ClusterChain-K1-QCBO-coarse-seed2005,0,22.80046796798706
800,7de896507ae118b7d1384450b0b083dfe4394f072662ac60d2a136e4cd1e4137,K1,3279.1479511655266,3.970487018692486,QCBO,False,bb708dce34dd42fcfbb28fcdc14b3da1f87ff8ab7ac0d8c1bcd9cdecb27448bd,coarse,150,ClusterChain,2006,141,0,ClusterChain-K1-QCBO-coarse-seed2006,0,23.085946798324585
800,7de896507ae118b7d1384450b0b083dfe4394f072662ac60d2a136e4cd1e4137,K1,3235.254187964362,3.9612429339021906,QCBO,False,f757dbd32ac8377c3eb94a493985b47bd0a5d6d660d6893cc1482e95fc3b6922,coarse,152,ClusterChain,2007,143,0,ClusterChain-K1-QCBO-coarse-seed2007,0,21.979827880859375
800,7de896507ae118b7d1384450b0b083dfe4394f072662ac60d2a136e4cd1e4137,K1,3301.5317103096318,3.9676431385024555,QCBO,False,33fae087d26a42438644d1baf59bb577bf62075328f4e35cb7cce89652b7faa3,coarse,148,ClusterChain,2008,139,0,ClusterChain-K1-QCBO-coarse-seed2008,0,23.198158025741577
800,7de896507ae118b7d1384450b0b083dfe4394f072662ac60d2a136e4cd1e4137,K1,3258.786856408996,3.969151538788462,QCBO,False,979ead175e112384f60fe2a83504d620c08a8777b2cc3e48ac38cae48c7f4ae7,coarse,148,ClusterChain,2009,139,0,ClusterChain-K1-QCBO-coarse-seed2009,0,21.129838943481445
800,7de896507ae118b7d1384450b0b083dfe4394f072662ac60d2a136e4cd1e4137,K1,3237.97780517598,3.966489821904486,QCBO,False,a7d00727ac8a09971335e8543f3c0c7891afe6b8dac4b34c49ea0125f0fd9800,coarse,152,ClusterChain,2010,143,0,ClusterChain-K1-QCBO-coarse-seed2010,0,22.710158109664917
800,7de896507ae118b7d1384450b0b083dfe4394f072662ac60d2a136e4cd1e4137,K1,3273.9217451958275,3.964869321400748,QCBO,False,b992b88b97b2cc1e68ee3896f07a432fd965eccb33c83348e28e5e2e79efd67c,coarse,149,ClusterChain,2011,140,0,ClusterChain-K1-QCBO-coarse-seed2011,0,22.222235441207886
800,7de896507ae118b7d1384450b0b083dfe4394f072662ac60d2a136e4cd1e4137,K1,3269.3583492666976,3.9622281967037374,QCBO,False,b72d261e3675764964dc52dff0b7ad5315675ae3f43d02a5ca66f176024589b0,coarse,151,ClusterChain,2012,142,0,ClusterChain-K1-QCBO-coarse-seed2012,0,21.62615966796875
800,7de896507ae118b7d1384450b0b083dfe4394f072662ac60d2a136e4cd1e4137,K1,3290.446174146669,3.9801641106235097,QCBO,False,85acd34be524542f3dfccf2b4c9c735746738ada51dc1f1a7321cc7b8340205f,coarse,150,ClusterChain,2013,141,0,ClusterChain-K1-QCBO-coarse-seed2013,0,26.949146509170532
800,7de896507ae118b7d1384450b0b083dfe4394f072662ac60d2a136e4cd1e4137,K1,3348.377089174556,3.961808623521879,QCBO,False,2cf80d642bd67142232fcfac143de13c15d98725cea0c0a77b12d694fac63017,coarse,256,ClusterChain,2014,247,0,ClusterChain-K1-QCBO-coarse-seed2014,0,49.30040740966797
800,7de896507ae118b7d1384450b0b083dfe4394f072662ac60d2a136e4cd1e4137,K1,3250.401897640135,3.9711857610547243,QCBO,False,4ec9d63af74e61ad5ab8121d7ec1e6bf7d20ac97468864a210b0f290a2e3d7ed,coarse,152,ClusterChain,2015,143,0,ClusterChain-K1-QCBO-coarse-seed2015,0,23.557374238967896
800,7de896507ae118b7d1384450b0b083dfe4394f072662ac60d2a136e4cd1e4137,K1,3745.8642282072788,4.0527644202099085,QCBO,False,c26b643a2408126fdd57f3fa40534cfb1e2ca0fc7afcac37d65b7ce58ad5af71,coarse,224,ClusterChain,2016,215,0,ClusterChain-K1-QCBO-coarse-seed2016,0,37.844486236572266
800,7de896507ae118b7d1384450b0b083dfe4394f072662ac60d2a136e4cd1e4137,K1,3247.316254756487,3.9805532466883697,QCBO,False,c12a07bdfb6332697be2541f9bdac34e769ca5250eb8c6d34489dcd723c07457,coarse,149,ClusterChain,2017,140,0,ClusterChain-K1-QCBO-coarse-seed2017,0,21.027714490890503
800,7de896507ae118b7d1384450b0b083dfe4394f072662ac60d2a136e4cd1e4137,K1,3386.6712774191055,3.967914618245713,QCBO,False,0de0b3b19ee542dfb3eb1f54cdcb18941794254f61d723b184943edd017370c4,coarse,154,ClusterChain,2018,145,0,ClusterChain-K1-QCBO-coarse-seed2018,0,28.836397171020508
800,7de896507ae118b7d1384450b0b083dfe4394f072662ac60d2a136e4cd1e4137,K1,3654.723748590702,4.0818579753462965,QCBO,False,741b0e284016c45b293cba6433ee9f4e74a1179a782b4fe4bcdfefa2d9188b8b,coarse,152,ClusterChain,2019,143,0,ClusterChain-K1-QCBO-coarse-seed2019,0,20.46094846725464
800,7de896507ae118b7d1384450b0b083dfe4394f072662ac60d2a136e4cd1e4137,K1,3282.928912238616,3.970525217519664,QCBO,False,913982948d4c101cb9719ba78e790ab530564d06b070f0158c5758171142f219,coarse,151,ClusterChain,2020,142,0,ClusterChain-K1-QCBO-coarse-seed2020,0,21.220378875732422
800,7de896507ae118b7d1384450b0b083dfe4394f072662ac60d2a136e4cd1e4137,K1,3265.4427530501143,3.9638191137251564,QCBO,False,0dc02867c0e602a3db1102b06b7db7ca677820e8925adecb134ed41b4cee63e4,coarse,149,ClusterChain,2021,140,0,ClusterChain-K1-QCBO-coarse-seed2021,0,23.34333372116089
800,7de896507ae118b7d1384450b0b083dfe4394f072662ac60d2a136e4cd1e4137,K1,3251.9076563154504,3.9610451385484966,QCBO,False,f4c0b6956b0f9c29a7513365ca18cd49ea39fbc0c4a2372a21ddc0fa6b8c72f7,coarse,150,ClusterChain,2022,141,0,ClusterChain-K1-QCBO-coarse-seed2022,0,22.862558841705322
800,7de896507ae118b7d1384450b0b083dfe4394f072662ac60d2a136e4cd1e4137,K1,3286.567043693324,3.973718374086374,QCBO,False,76f6b9270a90a24af791864a9ccff8bf54607f7c212dd8d726188e5b1c38e55e,coarse,151,ClusterChain,2023,142,0,ClusterChain-K1-QCBO-coarse-seed2023,0,25.36878776550293
800,7de896507ae118b7d1384450b0b083dfe4394f072662ac60d2a136e4cd1e4137,K1,3293.621206812241,3.965453221219585,QCBO,False,6bceaf96787e7817cdad11ea1a53af75aebe2b3ebc20b8d9a8a724a76cf478ea,coarse,147,ClusterChain,2024,138,0,ClusterChain-K1-QCBO-coarse-seed2024,0,22.006375312805176
800,7de896507ae118b7d1384450b0b083dfe4394f072662ac60d2a136e4cd1e4137,K1,3336.4987480185814,3.962990816291261,QCBO,False,f2066487c61bccea9b6085a867b5fdd055a6a8cf0eeef2bd283c6139aa52288e,coarse,149,ClusterChain,2025,140,0,ClusterChain-K1-QCBO-coarse-seed2025,0,24.553717851638794
800,7de896507ae118b7d1384450b0b083dfe4394f072662ac60d2a136e4cd1e4137,K1,3263.1473208514826,3.96057990148997,QCBO,False,56ef366e7a288b01e860dfd3ce3d81d5afa602ba5001e4335aa8693c9361757a,coarse,151,ClusterChain,2026,142,0,ClusterChain-K1-QCBO-coarse-seed2026,0,22.615744590759277
800,7de896507ae118b7d1384450b0b083dfe4394f072662ac60d2a136e4cd1e4137,K1,3533.826914197407,4.103783082448441,QCBO,False,6843c8b93a05db5856fcf2053eef547ac069c8aedfc7fa2470885444b5ea1eaf,coarse,153,ClusterChain,2027,144,0,ClusterChain-K1-QCBO-coarse-seed2027,0,23.070575952529907
800,7de896507ae118b7d1384450b0b083dfe4394f072662ac60d2a136e4cd1e4137,K1,3253.774365946113,3.960882573896167,QCBO,False,7344d0630c4d534767b982960d46fb57ee3014acf2ba544d09c3bd5f5fe17ee2,coarse,151,ClusterChain,2028,142,0,ClusterChain-K1-QCBO-coarse-seed2028,0,21.951035976409912
800,7de896507ae118b7d1384450b0b083dfe4394f072662ac60d2a136e4cd1e4137,K1,3265.56437506346,3.9672634298103686,QCBO,False,e153eaf92d0862583adb10a8e0b74e5db3aaf0ad975c778b5ee961e8eaa85340,coarse,151,ClusterChain,2029,142,0,ClusterChain-K1-QCBO-coarse-seed2029,0,23.669954538345337
800,7de896507ae118b7d1384450b0b083dfe4394f072662ac60d2a136e4cd1e4137,K1,1131.3711852861486,1.252701511219507,QCBO,False,b7c186e223169dbab1f0a322cb5eeb5ae69e01a0969ad311b40bc035897a0709,pairs,189,ClusterChain,2000,168,0,ClusterChain-K1-QCBO-pairs-seed2000,0,41.31137037277222
800,7de896507ae118b7d1384450b0b083dfe4394f072662ac60d2a136e4cd1e4137,K1,1124.9508011026348,1.270505259694495,QCBO,False,9d005a0c4786bfcf65e2d9d0d1836f57e6d1942b32ad847c20e2c9bc9c60b67a,pairs,191,ClusterChain,2001,170,0,ClusterChain-K1-QCBO-pairs-seed2001,0,39.81757616996765
800,7de896507ae118b7d1384450b0b083dfe4394f072662ac60d2a136e4cd1e4137,K1,1749.8851190956404,1.2963370528992337,QCBO,False,4e340053dade88aaf91c8c6deef4c45a8f9344adb29939d6116ff4c2a48d37d5,pairs,186,ClusterChain,2002,165,0,ClusterChain-K1-QCBO-pairs-seed2002,0,44.136276721954346
800,7de896507ae118b7d1384450b0b083dfe4394f072662ac60d2a136e4cd1e4137,K1,1391.8660230267267,1.2881888815903912,QCBO,False,967d6c1f54b5d00830842f883c3e074492d9489ff372a84801884c33e100d4cf,pairs,185,ClusterChain,2003,164,0,ClusterChain-K1-QCBO-pairs-seed2003,0,43.672327756881714
800,7de896507ae118b7d1384450b0b083dfe4394f072662ac60d2a136e4cd1e4137,K1,1347.8134142519718,1.2688003186323238,QCBO,False,fe48b3c52ee35996054ee8de9a634a46666d7fb0bc423caee0d84de832d5585b,pairs,184,ClusterChain,2004,163,0,ClusterChain-K1-QCBO-pairs-seed2004,0,38.41830515861511
800,7de896507ae118b7d1384450b0b083dfe4394f072662ac60d2a136e4cd1e4137,K1,1106.45292709064,1.2649439623530871,QCBO,False,a381726b36eaeb765c608461e4a863a219be22e5fa5f7c8c13bed9c7bc80162f,pairs,188,ClusterChain,2005,167,0,ClusterChain-K1-QCBO-pairs-seed2005,0,41.95901942253113
800,7de896507ae118b7d1384450b0b083dfe4394f072662ac60d2a136e4cd1e4137,K1,1210.1545067377197,1.267501632533868,QCBO,False,bb708dce34dd42fcfbb28fcdc14b3da1f87ff8ab7ac0d8c1bcd9cdecb27448bd,pairs,188,ClusterChain,2006,167,0,ClusterChain-K1-QCBO-pairs-seed2006,0,40.720972299575806
800,7de896507ae118b7d1384450b0b083dfe4394f072662ac60d2a136e4cd1e4137,K1,1237.8766116960558,1.2615606984327983,QCBO,False,f757dbd32ac8377c3eb94a493985b47bd0a5d6d660d6893cc1482e95fc3b6922,pairs,187,ClusterChain,2007,166,0,ClusterChain-K1-QCBO-pairs-seed2007,0,40.361461877822876
800,7de896507ae118b7d1384450b0b083dfe4394f072662ac60d2a136e4cd1e4137,K1,1139.9729767050294,1.2629448719744663,QCBO,False,33fae087d26a42438644d1baf59bb577bf62075328f4e35cb7cce89652b7faa3,pairs,184,ClusterChain,2008,163,0,ClusterChain-K1-QCBO-pairs-seed2008,0,40.356245040893555
800,7de896507ae118b7d1384450b0b083dfe4394f072662ac60d2a136e4cd1e4137,K1,1314.398324037219,1.2542198799037072,QCBO,False,979ead175e112384f60fe2a83504d620c08a8777b2cc3e48ac38cae48c7f4ae7,pairs,187,ClusterChain,2009,166,0,ClusterChain-K1-QCBO-pairs-seed2009,0,41.213892221450806
800,7de896507ae118b7d1384450b0b083dfe4394f072662ac60d2a136e4cd1e4137,K1,1162.6714386912342,1.2510860610951813,QCBO,False,a7d00727ac8a09971335e8543f3c0c7891afe6b8dac4b34c49ea0125f0fd9800,pairs,189,ClusterChain,2010,168,0,ClusterChain-K1-QCBO-pairs-seed2010,0,40.79183554649353
800,7de896507ae118b7d1384450b0b083dfe4394f072662ac60d2a136e4cd1e4137,K1,1581.4829661976266,1.3888286700444572,QCBO,False,b992b88b97b2cc1e68ee3896f07a432fd965eccb33c83348e28e5e2e79efd67c,pairs,187,ClusterChain,2011,166,0,ClusterChain-K1-QCBO-pairs-seed2011,0,43.47989773750305
800,7de896507ae118b7d1384450b0b083dfe4394f072662ac60d2a136e4cd1e4137,K1,1099.828235254249,1.2558249895372533,QCBO,False,b72d261e3675764964dc52dff0b7ad5315675ae3f43d02a5ca66f176024589b0,pairs,188,ClusterChain,2012,167,0,ClusterChain-K1-QCBO-pairs-seed2012,0,39.22104334831238
800,7de896507ae118b7d1384450b0b083dfe4394f072662ac60d2a136e4cd1e4137,K1,1699.9659199972207,1.311278882487989,QCBO,False,85acd34be524542f3dfccf2b4c9c735746738ada51dc1f1a7321cc7b8340205f,pairs,186,ClusterChain,2013,165,0,ClusterChain-K1-QCBO-pairs-seed2013,0,41.713244676589966
800,7de896507ae118b7d1384450b0b083dfe4394f072662ac60d2a136e4cd1e4137,K1,2741.850869285563,1.4417443093994577,QCBO,False,2cf80d642bd67142232fcfac143de13c15d98725cea0c0a77b12d694fac63017,pairs,286,ClusterChain,2014,265,0,ClusterChain-K1-QCBO-pairs-seed2014,0,85.02221298217773
800,7de896507ae118b7d1384450b0b083dfe4394f072662ac60d2a136e4cd1e4137,K1,1149.3497202195592,1.2540269337303152,QCBO,False,4ec9d63af74e61ad5ab8121d7ec1e6bf7d20ac97468864a210b0f290a2e3d7ed,pairs,188,ClusterChain,2015,167,0,ClusterChain-K1-QCBO-pairs-seed2015,0,40.85206866264343
800,7de896507ae118b7d1384450b0b083dfe4394f072662ac60d2a136e4cd1e4137,K1,1747.1819790609359,1.3924080617006704,QCBO,False,c26b643a2408126fdd57f3fa40534cfb1e2ca0fc7afcac37d65b7ce58ad5af71,pairs,189,ClusterChain,2016,168,0,ClusterChain-K1-QCBO-pairs-seed2016,0,41.53639006614685
800,7de896507ae118b7d1384450b0b083dfe4394f072662ac60d2a136e4cd1e4137,K1,1127.173422362117,1.294473109004949,QCBO,False,c12a07bdfb6332697be2541f9bdac34e769ca5250eb8c6d34489dcd723c07457,pairs,189,ClusterChain,2017,168,0,ClusterChain-K1-QCBO-pairs-seed2017,0,39.72566747665405
800,7de896507ae118b7d1384450b0b083dfe4394f072662ac60d2a136e4cd1e4137,K1,1351.5130967208263,1.293896774204593,QCBO,False,0de0b3b19ee542dfb3eb1f54cdcb18941794254f61d723b184943edd017370c4,pairs,196,ClusterChain,2018,175,0,ClusterChain-K1-QCBO-pairs-seed2018,0,41.312647581100464
800,7de896507ae118b7d1384450b0b083dfe4394f072662ac60d2a136e4cd1e4137,K1,1073.4784527909749,1.2691436572063812,QCBO,False,741b0e284016c45b293cba6433ee9f4e74a1179a782b4fe4bcdfefa2d9188b8b,pairs,193,ClusterChain,2019,172,0,ClusterChain-K1-QCBO-pairs-seed2019,0,47.88886594772339
800,7de896507ae118b7d1384450b0b083dfe4394f072662ac60d2a136e4cd1e4137,K1,1377.9728666017713,1.3092063826435625,QCBO,False,913982948d4c101cb9719ba78e790ab530564d06b070f0158c5758171142f219,pairs,188,ClusterChain,2020,167,0,ClusterChain-K1-QCBO-pairs-seed2020,0,43.35098838806152
800,7de896507ae118b7d1384450b0b083dfe4394f072662ac60d2a136e4cd1e4137,K1,1146.6877417795286,1.2716665458115006,QCBO,False,0dc02867c0e602a3db1102b06b7db7ca677820e8925adecb134ed41b4cee63e4,pairs,189,ClusterChain,2021,168,0,ClusterChain-K1-QCBO-pairs-seed2021,0,40.96841907501221
800,7de896507ae118b7d1384450b0b083dfe4394f072662ac60d2a136e4cd1e4137,K1,1126.5985878816623,1.2559439765207387,QCBO,False,f4c0b6956b0f9c29a7513365ca18cd49ea39fbc0c4a2372a21ddc0fa6b8c72f7,pairs,188,ClusterChain,2022,167,0,ClusterChain-K1-QCBO-pairs-seed2022,0,44.424283266067505
800,7de896507ae118b7d1384450b0b083dfe4394f072662ac60d2a136e4cd1e4137,K1,1902.2981835652527,1.2589595153592146,QCBO,False,76f6b9270a90a24af791864a9ccff8bf54607f7c212dd8d726188e5b1c38e55e,pairs,187,ClusterChain,2023,166,0,ClusterChain-K1-QCBO-pairs-seed2023,0,45.15449786186218
800,7de896507ae118b7d1384450b0b083dfe4394f072662ac60d2a136e4cd1e4137,K1,1105.1992889544167,1.261699875922177,QCBO,False,6bceaf96787e7817cdad11ea1a53af75aebe2b3ebc20b8d9a8a724a76cf478ea,pairs,187,ClusterChain,2024,166,0,ClusterChain-K1-QCBO-pairs-seed2024,0,41.43581509590149
800,7de896507ae118b7d1384450b0b083dfe4394f072662ac60d2a136e4cd1e4137,K1,1587.2332702472672,1.255984959897397,QCBO,False,f2066487c61bccea9b6085a867b5fdd055a6a8cf0eeef2bd283c6139aa52288e,pairs,189,ClusterChain,2025,168,0,ClusterChain-K1-QCBO-pairs-seed2025,0,42.345600843429565
800,7de896507ae118b7d1384450b0b083dfe4394f072662ac60d2a136e4cd1e4137,K1,1774.4053094681335,1.3469493486995072,QCBO,False,56ef366e7a288b01e860dfd3ce3d81d5afa602ba5001e4335aa8693c9361757a,pairs,187,ClusterChain,2026,166,0,ClusterChain-K1-QCBO-pairs-seed2026,0,42.72494888305664
800,7de896507ae118b7d1384450b0b083dfe4394f072662ac60d2a136e4cd1e4137,K1,1135.8444355456793,1.298079629302044,QCBO,False,6843c8b93a05db5856fcf2053eef547ac069c8aedfc7fa2470885444b5ea1eaf,pairs,189,ClusterChain,2027,168,0,ClusterChain-K1-QCBO-pairs-seed2027,0,43.07263708114624
800,7de896507ae118b7d1384450b0b083dfe4394f072662ac60d2a136e4cd1e4137,K1,1149.6591665625333,1.2622811213033502,QCBO,False,7344d0630c4d534767b982960d46fb57ee3014acf2ba544d09c3bd5f5fe17ee2,pairs,189,ClusterChain,2028,168,0,ClusterChain-K1-QCBO-pairs-seed2028,0,41.0185968875885
800,7de896507ae118b7d1384450b0b083dfe4394f072662ac60d2a136e4cd1e4137,K1,1339.3974411953905,1.2549739994193296,QCBO,False,e153eaf92d0862583adb10a8e0b74e5db3aaf0ad975c778b5ee961e8eaa85340,pairs,188,ClusterChain,2029,167,0,ClusterChain-K1-QCBO-pairs-seed2029,0,40.701905250549316
800,7de896507ae118b7d1384450b0b083dfe4394f072662ac60d2a136e4cd1e4137,K2,2445.7861622464256,3.016657898034694,CBO,False,b7c186e223169dbab1f0a322cb5eeb5ae69e01a0969ad311b40bc035897a0709,fine,426,ClusterChain,2000,393,0,ClusterChain-K2-CBO-seed2000,0,131.4905059337616
800,7de896507ae118b7d1384450b0b083dfe4394f072662ac60d2a136e4cd1e4137,K2,2429.0646848702363,3.001471738690507,CBO,False,9d005a0c4786bfcf65e2d9d0d1836f57e6d1942b32ad847c20e2c9bc9c60b67a,fine,427,ClusterChain,2001,394,0,ClusterChain-K2-CBO-seed2001,0,160.17188000679016
800,7de896507ae118b7d1384450b0b083dfe4394f072662ac60d2a136e4cd1e4137,K2,2539.9481931514974,3.0000283851680645,CBO,False,4e340053dade88aaf91c8c6deef4c45a8f9344adb29939d6116ff4c2a48d37d5,fine,418,ClusterChain,2002,385,0,ClusterChain-K2-CBO-seed2002,0,137.73085856437683
800,7de896507ae118b7d1384450b0b083dfe4394f072662ac60d2a136e4cd1e4137,K2,2421.801396053506,3.000009703933985,CBO,False,967d6c1f54b5d00830842f883c3e074492d9489ff372a84801884c33e100d4cf,fine,428,ClusterChain,2003,395,0,ClusterChain-K2-CBO-seed2003,0,137.26045107841492
800,7de896507ae118b7d1384450b0b083dfe4394f072662ac60d2a136e4cd1e4137,K2,2488.6946277804054,3.0000445734726684,CBO,False,fe48b3c52ee35996054ee8de9a634a46666d7fb0bc423caee0d84de832d5585b,fine,433,ClusterChain,2004,400,0,ClusterChain-K2-CBO-seed2004,0,136.3230164051056
800,7de896507ae118b7d1384450b0b083dfe4394f072662ac60d2a136e4cd1e4137,K2,2442.4603480967467,3.0000095284539388,CBO,False,a381726b36eaeb765c608461e4a863a219be22e5fa5f7c8c13bed9c7bc80162f,fine,426,ClusterChain,2005,393,0,ClusterChain-K2-CBO-seed2005,0,136.7597107887268
800,7de896507ae118b7d1384450b0b083dfe4394f072662ac60d2a136e4cd1e4137,K2,2443.8794058861977,3.002948194666126,CBO,False,bb708dce34dd42fcfbb28fcdc14b3da1f87ff8ab7ac0d8c1bcd9cdecb27448bd,fine,421,ClusterChain,2006,388,0,ClusterChain-K2-CBO-seed2006,0,131.32306814193726
800,7de896507ae118b7d1384450b0b083dfe4394f072662ac60d2a136e4cd1e4137,K2,2460.9445624191944,3.0009265772164833,CBO,False,f757dbd32ac8377c3eb94a493985b47bd0a5d6d660d6893cc1482e95fc3b6922,fine,417,ClusterChain,2007,384,0,ClusterChain-K2-CBO-seed2007,0,133.24429035186768
800,7de896507ae118b7d1384450b0b083dfe4394f072662ac60d2a136e4cd1e4137,K2,2503.1160983170607,3.011487697657036,CBO,False,33fae087d26a42438644d1baf59bb577bf62075328f4e35cb7cce89652b7faa3,fine,417,ClusterChain,2008,384,0,ClusterChain-K2-CBO-seed2008,0,129.31032514572144
800,7de896507ae118b7d1384450b0b083dfe4394f072662ac60d2a136e4cd1e4137,K2,2487.3927286311173,3.0017398557364485,CBO,False,979ead175e112384f60fe2a83504d620c08a8777b2cc3e48ac38cae48c7f4ae7,fine,421,ClusterChain,2009,388,0,ClusterChain-K2-CBO-seed2009,0,148.45241618156433
800,7de896507ae118b7d1384450b0b083dfe4394f072662ac60d2a136e4cd1e4137,K2,2458.361975777977,3.0014059114474625,CBO,False,a7d00727ac8a09971335e8543f3c0c7891afe6b8dac4b34c49ea0125f0fd9800,fine,422,ClusterChain,2010,389,0,ClusterChain-K2-CBO-seed2010,0,127.96945142745972
800,7de896507ae118b7d1384450b0b083dfe4394f072662ac60d2a136e4cd1e4137,K2,2516.0319934267054,3.000001769411162,CBO,False,b992b88b97b2cc1e68ee3896f07a432fd965eccb33c83348e28e5e2e79efd67c,fine,425,ClusterChain,2011,392,0,ClusterChain-K2-CBO-seed2011,0,134.31769323349
800,7de896507ae118b7d1384450b0b083dfe4394f072662ac60d2a136e4cd1e4137,K2,2438.5598512525967,3.0002241265946017,CBO,False,b72d261e3675764964dc52dff0b7ad5315675ae3f43d02a5ca66f176024589b0,fine,437,ClusterChain,2012,404,0,ClusterChain-K2-CBO-seed2012,0,139.4755880832672
800,7de896507ae118b7d1384450b0b083dfe4394f072662ac60d2a136e4cd1e4137,K2,2548.8885721877764,3.0001718047026564,CBO,False,85acd34be524542f3dfccf2b4c9c735746738ada51dc1f1a7321cc7b8340205f,fine,427,ClusterChain,2013,394,0,ClusterChain-K2-CBO-seed2013,0,138.83848810195923
800,7de896507ae118b7d1384450b0b083dfe4394f072662ac60d2a136e4cd1e4137,K2,2550.1367781850736,3.001815560569094,CBO,False,2cf80d642bd67142232fcfac143de13c15d98725cea0c0a77b12d694fac63017,fine,429,ClusterChain,2014,396,0,ClusterChain-K2-CBO-seed2014,0,136.37008047103882
800,7de896507ae118b7d1384450b0b083dfe4394f072662ac60d2a136e4cd1e4137,K2,2479.31673991189,3.0000013545364643,CBO,False,4ec9d63af74e61ad5ab8121d7ec1e6bf7d20ac97468864a210b0f290a2e3d7ed,fine,425,ClusterChain,2015,392,0,ClusterChain-K2-CBO-seed2015,0,136.92153334617615
800,7de896507ae118b7d1384450b0b083dfe4394f072662ac60d2a136e4cd1e4137,K2,2452.119859586335,3.000444491886193,CBO,False,c26b643a2408126fdd57f3fa40534cfb1e2ca0fc7afcac37d65b7ce58ad5af71,fine,426,ClusterChain,2016,393,0,ClusterChain-K2-CBO-seed2016,0,158.64737105369568
800,7de896507ae118b7d1384450b0b083dfe4394f072662ac60d2a136e4cd1e4137,K2,2447.4726413875446,3.0005252760875267,CBO,False,c12a07bdfb6332697be2541f9bdac34e769ca5250eb8c6d34489dcd723c07457,fine,435,ClusterChain,2017,402,0,ClusterChain-K2-CBO-seed2017,0,138.14827275276184
800,7de896507ae118b7d1384450b0b083dfe4394f072662ac60d2a136e4cd1e4137,K2,2489.6034830377894,3.0000126681901524,CBO,False,0de0b3b19ee542dfb3eb1f54cdcb18941794254f61d723b184943edd017370c4,fine,425,ClusterChain,2018,392,0,ClusterChain-K2-CBO-seed2018,0,138.68510746955872
800,7de896507ae118b7d1384450b0b083dfe4394f072662ac60d2a136e4cd1e4137,K2,2457.285751978794,3.0000436931528327,CBO,False,741b0e284016c45b293cba6433ee9f4e74a1179a782b4fe4bcdfefa2d9188b8b,fine,426,ClusterChain,2019,393,0,ClusterChain-K2-CBO-seed2019,0,133.28138184547424
800,7de896507ae118b7d1384450b0b083dfe4394f072662ac60d2a136e4cd1e4137,K2,2503.742433121986,3.0005536483872515,CBO,False,913982948d4c101cb9719ba78e790ab530564d06b070f0158c5758171142f219,fine,423,ClusterChain,2020,390,0,ClusterChain-K2-CBO-seed2020,0,132.5151584148407
800,7de896507ae118b7d1384450b0b083dfe4394f072662ac60d2a136e4cd1e4137,K2,2482.449349019846,3.0012575373302752,CBO,False,0dc02867c0e602a3db1102b06b7db7ca677820e8925adecb134ed41b4cee63e4,fine,409,ClusterChain,2021,376,0,ClusterChain-K2-CBO-seed2021,0,127.50033569335938
800,7de896507ae118b7d1384450b0b083dfe4394f072662ac60d2a136e4cd1e4137,K2,2506.669192274906,3.000003987668771,CBO,False,f4c0b6956b0f9c29a7513365ca18cd49ea39fbc0c4a2372a21ddc0fa6b8c72f7,fine,418,ClusterChain,2022,385,0,ClusterChain-K2-CBO-seed2022,0,130.88837838172913
800,7de896507ae118b7d1384450b0b083dfe4394f072662ac60d2a136e4cd1e4137,K2,2481.478903861921,3.001429976958156,CBO,False,76f6b9270a90a24af791864a9ccff8bf54607f7c212dd8d726188e5b1c38e55e,fine,419,ClusterChain,2023,386,0,ClusterChain-K2-CBO-seed2023,0,130.6004388332367
800,7de896507ae118b7d1384450b0b083dfe4394f072662ac60d2a136e4cd1e4137,K2,2516.8943025086105,3.0000010472426606,CBO,False,6bceaf96787e7817cdad11ea1a53af75aebe2b3ebc20b8d9a8a724a76cf478ea,fine,427,ClusterChain,2024,394,0,ClusterChain-K2-CBO-seed2024,0,135.559100151062
800,7de896507ae118b7d1384450b0b083dfe4394f072662ac60d2a136e4cd1e4137,K2,2533.882756876192,3.0001581482405046,CBO,False,f2066487c61bccea9b6085a867b5fdd055a6a8cf0eeef2bd283c6139aa52288e,fine,425,ClusterChain,2025,392,0,ClusterChain-K2-CBO-seed2025,0,150.10390973091125
800,7de896507ae118b7d1384450b0b083dfe4394f072662ac60d2a136e4cd1e4137,K2,2496.3561192326047,3.005597080944546,CBO,False,56ef366e7a288b01e860dfd3ce3d81d5afa602ba5001e4335aa8693c9361757a,fine,420,ClusterChain,2026,387,0,ClusterChain-K2-CBO-seed2026,0,155.36406898498535
800,7de896507ae118b7d1384450b0b083dfe4394f072662ac60d2a136e4cd1e4137,K2,2468.0430995440615,3.001528808583285,CBO,False,6843c8b93a05db5856fcf2053eef547ac069c8aedfc7fa2470885444b5ea1eaf,fine,420,ClusterChain,2027,387,0,ClusterChain-K2-CBO-seed2027,0,155.14815521240234
800,7de896507ae118b7d1384450b0b083dfe4394f072662ac60d2a136e4cd1e4137,K2,2432.218858289379,3.003026997680489,CBO,False,7344d0630c4d534767b982960d46fb57ee3014acf2ba544d09c3bd5f5fe17ee2,fine,435,ClusterChain,2028,402,0,ClusterChain-K2-CBO-seed2028,0,141.58422708511353
800,7de896507ae118b7d1384450b0b083dfe4394f072662ac60d2a136e4cd1e4137,K2,2435.323445252542,3.0000555480376274,CBO,False,e153eaf92d0862583adb10a8e0b74e5db3aaf0ad975c778b5ee961e8eaa85340,fine,433,ClusterChain,2029,400,0,ClusterChain-K2-CBO-seed2029,0,136.1440145969391
800,7de896507ae118b7d1384450b0b083dfe4394f072662ac60d2a136e4cd1e4137,K2,2444.23531367615,3.01013208905474,QCBO,False,b7c186e223169dbab1f0a322cb5eeb5ae69e01a0969ad311b40bc035897a0709,alt,256,ClusterChain,2000,235,0,ClusterChain-K2-QCBO-alt-seed2000,0,53.706095457077026
800,7de896507ae118b7d1384450b0b083dfe4394f072662ac60d2a136e4cd1e4137,K2,2441.325018933578,3.0077833419966833,QCBO,False,9d005a0c4786bfcf65e2d9d0d1836f57e6d1942b32ad847c20e2c9bc9c60b67a,alt,255,ClusterChain,2001,234,0,ClusterChain-K2-QCBO-alt-seed2001,0,57.645970582962036
800,7de896507ae118b7d1384450b0b083dfe4394f072662ac60d2a136e4cd1e4137,K2,2578.1698108552223,3.0026097704242978,QCBO,False,4e340053dade88aaf91c8c6deef4c45a8f9344adb29939d6116ff4c2a48d37d5,alt,257,ClusterChain,2002,236,0,ClusterChain-K2-QCBO-alt-seed2002,0,57.86928057670593
800,7de896507ae118b7d1384450b0b083dfe4394f072662ac60d2a136e4cd1e4137,K2,2430.8556980889466,3.005089386740072,QCBO,False,967d6c1f54b5d00830842f883c3e074492d9489ff372a84801884c33e100d4cf,alt,258,ClusterChain,2003,237,0,ClusterChain-K2-QCBO-alt-seed2003,0,57.44776272773743
800,7de896507ae118b7d1384450b0b083dfe4394f072662ac60d2a136e4cd1e4137,K2,2484.4640939142346,3.002816710471727,QCBO,False,fe48b3c52ee35996054ee8de9a634a46666d7fb0bc423caee0d84de832d5585b,alt,255,ClusterChain,2004,234,0,ClusterChain-K2-QCBO-alt-seed2004,0,54.61721444129944
800,7de896507ae118b7d1384450b0b083dfe4394f072662ac60d2a136e4cd1e4137,K2,2445.8106549679474,3.000044158883667,QCBO,False,a381726b36eaeb765c608461e4a863a219be22e5fa5f7c8c13bed9c7bc80162f,alt,258,ClusterChain,2005,237,0,ClusterChain-K2-QCBO-alt-seed2005,0,56.1524817943573
800,7de896507ae118b7d1384450b0b083dfe4394f072662ac60d2a136e4cd1e4137,K2,2435.679979604079,3.003244233511807,QCBO,False,bb708dce34dd42fcfbb28fcdc14b3da1f87ff8ab7ac0d8c1bcd9cdecb27448bd,alt,258,ClusterChain,2006,237,0,ClusterChain-K2-QCBO-alt-seed2006,0,57.79585671424866
800,7de896507ae118b7d1384450b0b083dfe4394f072662ac60d2a136e4cd1e4137,K2,2474.6135383185083,3.023688978664702,QCBO,False,f757dbd32ac8377c3eb94a493985b47bd0a5d6d660d6893cc1482e95fc3b6922,alt,256,ClusterChain,2007,235,0,ClusterChain-K2-QCBO-alt-seed2007,0,56.339725494384766
800,7de896507ae118b7d1384450b0b083dfe4394f072662ac60d2a136e4cd1e4137,K2,2485.9868354251666,3.002136685505592,QCBO,False,33fae087d26a42438644d1baf59bb577bf62075328f4e35cb7cce89652b7faa3,alt,256,ClusterChain,2008,235,0,ClusterChain-K2-QCBO-alt-seed2008,0,55.298826456069946
800,7de896507ae118b7d1384450b0b083dfe4394f072662ac60d2a136e4cd1e4137,K2,2509.4952608071353,3.0092859986477714,QCBO,False,979ead175e112384f60fe2a83504d620c08a8777b2cc3e48ac38cae48c7f4ae7,alt,258,ClusterChain,2009,237,0,ClusterChain-K2-QCBO-alt-seed2009,0,57.737743616104126
800,7de896507ae118b7d1384450b0b083dfe4394f072662ac60d2a136e4cd1e4137,K2,2450.491464072972,3.000112741986365,QCBO,False,a7d00727ac8a09971335e8543f3c0c7891afe6b8dac4b34c49ea0125f0fd9800,alt,259,ClusterChain,2010,238,0,ClusterChain-K2-QCBO-alt-seed2010,0,56.12748074531555
800,7de896507ae118b7d1384450b0b083dfe4394f072662ac60d2a136e4cd1e4137,K2,2528.69168820622,3.0011470988354274,QCBO,False,b992b88b97b2cc1e68ee3896f07a432fd965eccb33c83348e28e5e2e79efd67c,alt,256,ClusterChain,2011,235,0,ClusterChain-K2-QCBO-alt-seed2011,0,60.3971893787384
800,7de896507ae118b7d1384450b0b083dfe4394f072662ac60d2a136e4cd1e4137,K2,2431.9736356990775,3.0017904028853053,QCBO,False,b72d261e3675764964dc52dff0b7ad5315675ae3f43d02a5ca66f176024589b0,alt,257,ClusterChain,2012,236,0,ClusterChain-K2-QCBO-alt-seed2012,0,56.90810441970825
800,7de896507ae118b7d1384450b0b083dfe4394f072662ac60d2a136e4cd1e4137,K2,2553.1329944123063,3.0011810263816714,QCBO,False,85acd34be524542f3dfccf2b4c9c735746738ada51dc1f1a7321cc7b8340205f,alt,259,ClusterChain,2013,238,0,ClusterChain-K2-QCBO-alt-seed2013,0,58.13942360877991
800,7de896507ae118b7d1384450b0b083dfe4394f072662ac60d2a136e4cd1e4137,K2,2677.985423212213,3.0281503030735992,QCBO,False,2cf80d642bd67142232fcfac143de13c15d98725cea0c0a77b12d694fac63017,alt,257,ClusterChain,2014,236,0,ClusterChain-K2-QCBO-alt-seed2014,0,56.69259810447693
800,7de896507ae118b7d1384450b0b083dfe4394f072662ac60d2a136e4cd1e4137,K2,2491.887314384058,3.0000383228138165,QCBO,False,4ec9d63af74e61ad5ab8121d7ec1e6bf7d20ac97468864a210b0f290a2e3d7ed,alt,257,ClusterChain,2015,236,0,ClusterChain-K2-QCBO-alt-seed2015,0,59.96822452545166
800,7de896507ae118b7d1384450b0b083dfe4394f072662ac60d2a136e4cd1e4137,K2,2482.0201848271804,3.000032870586441,QCBO,False,c26b643a2408126fdd57f3fa40534cfb1e2ca0fc7afcac37d65b7ce58ad5af71,alt,256,ClusterChain,2016,235,0,ClusterChain-K2-QCBO-alt-seed2016,0,59.083213806152344
800,7de896507ae118b7d1384450b0b083dfe4394f072662ac60d2a136e4cd1e4137,K2,2464.680955059756,3.0037032895607765,QCBO,False,c12a07bdfb6332697be2541f9bdac34e769ca5250eb8c6d34489dcd723c07457,alt,256,ClusterChain,2017,235,0,ClusterChain-K2-QCBO-alt-seed2017,0,59.058987855911255
800,7de896507ae118b7d1384450b0b083dfe4394f072662ac60d2a136e4cd1e4137,K2,2491.5578799962277,3.0233073078670625,QCBO,False,0de0b3b19ee542dfb3eb1f54cdcb18941794254f61d723b184943edd017370c4,alt,259,ClusterChain,2018,238,0,ClusterChain-K2-QCBO-alt-seed2018,0,58.85448336601257
800,7de896507ae118b7d1384450b0b083dfe4394f072662ac60d2a136e4cd1e4137,K2,2470.7172946902015,3.010659294897809,QCBO,False,741b0e284016c45b293cba6433ee9f4e74a1179a782b4fe4bcdfefa2d9188b8b,alt,258,ClusterChain,2019,237,0,ClusterChain-K2-QCBO-alt-seed2019,0,61.601052045822144
800,7de896507ae118b7d1384450b0b083dfe4394f072662ac60d2a136e4cd1e4137,K2,2541.6294379111564,3.0004416905488167,QCBO,False,913982948d4c101cb9719ba78e790ab530564d06b070f0158c5758171142f219,alt,257,ClusterChain,2020,236,0,ClusterChain-K2-QCBO-alt-seed2020,0,59.66174602508545
800,7de896507ae118b7d1384450b0b083dfe4394f072662ac60d2a136e4cd1e4137,K2,2504.511060822689,3.00315889645446,QCBO,False,0dc02867c0e602a3db1102b06b7db7ca677820e8925adecb134ed41b4cee63e4,alt,257,ClusterChain,2021,236,0,ClusterChain-K2-QCBO-alt-seed2021,0,58.27843403816223
800,7de896507ae118b7d1384450b0b083dfe4394f072662ac60d2a136e4cd1e4137,K2,2571.5679531184874,3.0080131234244063,QCBO,False,f4c0b6956b0f9c29a7513365ca18cd49ea39fbc0c4a2372a21ddc0fa6b8c72f7,alt,255,ClusterChain,2022,234,0,ClusterChain-K2-QCBO-alt-seed2022,0,58.588576316833496
800,7de896507ae118b7d1384450b0b083dfe4394f072662ac60d2a136e4cd1e4137,K2,2479.126299752066,3.0004931825816614,QCBO,False,76f6b9270a90a24af791864a9ccff8bf54607f7c212dd8d726188e5b1c38e55e,alt,257,ClusterChain,2023,236,0,ClusterChain-K2-QCBO-alt-seed2023,0,60.060816049575806
800,7de896507ae118b7d1384450b0b083dfe4394f072662ac60d2a136e4cd1e4137,K2,2578.3664365381796,3.0000363188574286,QCBO,False,6bceaf96787e7817cdad11ea1a53af75aebe2b3ebc20b8d9a8a724a76cf478ea,alt,260,ClusterChain,2024,239,0,ClusterChain-K2-QCBO-alt-seed2024,0,57.009620904922485
800,7de896507ae118b7d1384450b0b083dfe4394f072662ac60d2a136e4cd1e4137,K2,2654.6941523871296,3.004890247980467,QCBO,False,f2066487c61bccea9b6085a867b5fdd055a6a8cf0eeef2bd283c6139aa52288e,alt,258,ClusterChain,2025,237,0,ClusterChain-K2-QCBO-alt-seed2025,0,58.10049486160278
800,7de896507ae118b7d1384450b0b083dfe4394f072662ac60d2a136e4cd1e4137,K2,2509.7431517544646,3.0276793359298106,QCBO,False,56ef366e7a288b01e860dfd3ce3d81d5afa602ba5001e4335aa8693c9361757a,alt,259,ClusterChain,2026,238,0,ClusterChain-K2-QCBO-alt-seed2026,0,58.72490954399109
800,7de896507ae118b7d1384450b0b083dfe4394f072662ac60d2a136e4cd1e4137,K2,2455.252092077438,3.0008404557102963,QCBO,False,6843c8b93a05db5856fcf2053eef547ac069c8aedfc7fa2470885444b5ea1eaf,alt,257,ClusterChain,2027,236,0,ClusterChain-K2-QCBO-alt-seed2027,0,56.66978597640991
800,7de896507ae118b7d1384450b0b083dfe4394f072662ac60d2a136e4cd1e4137,K2,2431.962476917704,3.000023731172139,QCBO,False,7344d0630c4d534767b982960d46fb57ee3014acf2ba544d09c3bd5f5fe17ee2,alt,255,ClusterChain,2028,234,0,ClusterChain-K2-QCBO-alt-seed2028,0,57.04770803451538
800,7de896507ae118b7d1384450b0b083dfe4394f072662ac60d2a136e4cd1e4137,K2,2432.0971634038574,3.000013527795476,QCBO,False,e153eaf92d0862583adb10a8e0b74e5db3aaf0ad975c778b5ee961e8eaa85340,alt,258,ClusterChain,2029,237,0,ClusterChain-K2-QCBO-alt-seed2029,0,55.375816345214844
800,7de896507ae118b7d1384450b0b083dfe4394f072662ac60d2a136e4cd1e4137,K2,5704.5271574312255,6.960121882235719,QCBO,False,b7c186e223169dbab1f0a322cb5eeb5ae69e01a0969ad311b40bc035897a0709,coarse,203,ClusterChain,2000,200,0,ClusterChain-K2-QCBO-coarse-seed2000,0,27.088746070861816
800,7de896507ae118b7d1384450b0b083dfe4394f072662ac60d2a136e4cd1e4137,K2,5614.903290051286,6.960269503142506,QCBO,False,9d005a0c4786bfcf65e2d9d0d1836f57e6d1942b32ad847c20e2c9bc9c60b67a,coarse,203,ClusterChain,2001,200,0,ClusterChain-K2-QCBO-coarse-seed2001,0,30.375231742858887
800,7de896507ae118b7d1384450b0b083dfe4394f072662ac60d2a136e4cd1e4137,K2,5676.188310543609,6.962154411448467,QCBO,False,4e340053dade88aaf91c8c6deef4c45a8f9344adb29939d6116ff4c2a48d37d5,coarse,203,ClusterChain,2002,200,0,ClusterChain-K2-QCBO-coarse-seed2002,0,27.79128384590149
800,7de896507ae118b7d1384450b0b083dfe4394f072662ac60d2a136e4cd1e4137,K2,5653.745273189256,6.960063944940431,QCBO,False,967d6c1f54b5d00830842f883c3e074492d9489ff372a84801884c33e100d4cf,coarse,203,ClusterChain,2003,200,0,ClusterChain-K2-QCBO-coarse-seed2003,0,29.34755253791809
800,7de896507ae118b7d1384450b0b083dfe4394f072662ac60d2a136e4cd1e4137,K2,5700.811070457266,6.964234159832771,QCBO,False,fe48b3c52ee35996054ee8de9a634a46666d7fb0bc423caee0d84de832d5585b,coarse,203,ClusterChain,2004,200,0,ClusterChain-K2-QCBO-coarse-seed2004,0,27.3548641204834
800,7de896507ae118b7d1384450b0b083dfe4394f072662ac60d2a136e4cd1e4137,K2,5693.24902776682,6.963649212877302,QCBO,False,a381726b36eaeb765c608461e4a863a219be22e5fa5f7c8c13bed9c7bc80162f,coarse,203,ClusterChain,2005,200,0,ClusterChain-K2-QCBO-coarse-seed2005,0,30.449483394622803
800,7de896507ae118b7d1384450b0b083dfe4394f072662ac60d2a136e4cd1e4137,K2,5678.401723927641,6.962882877387438,QCBO,False,bb708dce34dd42fcfbb28fcdc14b3da1f87ff8ab7ac0d8c1bcd9cdecb27448bd,coarse,203,ClusterChain,2006,200,0,ClusterChain-K2-QCBO-coarse-seed2006,0,29.99626660346985
800,7de896507ae118b7d1384450b0b083dfe4394f072662ac60d2a136e4cd1e4137,K2,5639.208778892862,6.961651617705481,QCBO,False,f757dbd32ac8377c3eb94a493985b47bd0a5d6d660d6893cc1482e95fc3b6922,coarse,203,ClusterChain,2007,200,0,ClusterChain-K2-QCBO-coarse-seed2007,0,29.236373901367188
800,7de896507ae118b7d1384450b0b083dfe4394f072662ac60d2a136e4cd1e4137,K2,5729.380330164706,6.96222703983087,QCBO,False,33fae087d26a42438644d1baf59bb577bf62075328f4e35cb7cce89652b7faa3,coarse,203,ClusterChain,2008,200,0,ClusterChain-K2-QCBO-coarse-seed2008,0,26.081233263015747
800,7de896507ae118b7d1384450b0b083dfe4394f072662ac60d2a136e4cd1e4137,K2,5651.196218519013,6.961168751243221,QCBO,False,979ead175e112384f60fe2a83504d620c08a8777b2cc3e48ac38cae48c7f4ae7,coarse,203,ClusterChain,2009,200,0,ClusterChain-K2-QCBO-coarse-seed2009,0,28.034499168395996
800,7de896507ae118b7d1384450b0b083dfe4394f072662ac60d2a136e4cd1e4137,K2,5620.31768608404,6.962083222910988,QCBO,False,a7d00727ac8a09971335e8543f3c0c7891afe6b8dac4b34c49ea0125f0fd9800,coarse,203,ClusterChain,2010,200,0,ClusterChain-K2-QCBO-coarse-seed2010,0,29.461296796798706
800,7de896507ae118b7d1384450b0b083dfe4394f072662ac60d2a136e4cd1e4137,K2,5747.365041313538,6.961808226960226,QCBO,False,b992b88b97b2cc1e68ee3896f07a432fd965eccb33c83348e28e5e2e79efd67c,coarse,203,ClusterChain,2011,200,0,ClusterChain-K2-QCBO-coarse-seed2011,0,27.355530261993408
800,7de896507ae118b7d1384450b0b083dfe4394f072662ac60d2a136e4cd1e4137,K2,5685.105601880143,6.961123809909539,QCBO,False,b72d261e3675764964dc52dff0b7ad5315675ae3f43d02a5ca66f176024589b0,coarse,203,ClusterChain,2012,200,0,ClusterChain-K2-QCBO-coarse-seed2012,0,28.34412980079651
800,7de896507ae118b7d1384450b0b083dfe4394f072662ac60d2a136e4cd1e4137,K2,5643.466715011903,6.962511449850979,QCBO,False,85acd34be524542f3dfccf2b4c9c735746738ada51dc1f1a7321cc7b8340205f,coarse,203,ClusterChain,2013,200,0,ClusterChain-K2-QCBO-coarse-seed2013,0,27.13010597229004
800,7de896507ae118b7d1384450b0b083dfe4394f072662ac60d2a136e4cd1e4137,K2,5675.722509469459,6.96106599023784,QCBO,False,2cf80d642bd67142232fcfac143de13c15d98725cea0c0a77b12d694fac63017,coarse,203,ClusterChain,2014,200,0,ClusterChain-K2-QCBO-coarse-seed2014,0,28.02275586128235
800,7de896507ae118b7d1384450b0b083dfe4394f072662ac60d2a136e4cd1e4137,K2,5694.731077467773,6.962583348995778,QCBO,False,4ec9d63af74e61ad5ab8121d7ec1e6bf7d20ac97468864a210b0f290a2e3d7ed,coarse,203,ClusterChain,2015,200,0,ClusterChain-K2-QCBO-coarse-seed2015,0,28.218202114105225
800,7de896507ae118b7d1384450b0b083dfe4394f072662ac60d2a136e4cd1e4137,K2,5689.536300707881,6.960293794933203,QCBO,False,c26b643a2408126fdd57f3fa40534cfb1e2ca0fc7afcac37d65b7ce58ad5af71,coarse,203,ClusterChain,2016,200,0,ClusterChain-K2-QCBO-coarse-seed2016,0,28.28282380104065
800,7de896507ae118b7d1384450b0b083dfe4394f072662ac60d2a136e4cd1e4137,K2,5610.252324497582,6.962152140005436,QCBO,False,c12a07bdfb6332697be2541f9bdac34e769ca5250eb8c6d34489dcd723c07457,coarse,203,ClusterChain,2017,200,0,ClusterChain-K2-QCBO-coarse-seed2017,0,27.80359673500061
800,7de896507ae118b7d1384450b0b083dfe4394f072662ac60d2a136e4cd1e4137,K2,5696.349253039191,6.9605110416224605,QCBO,False,0de0b3b19ee542dfb3eb1f54cdcb18941794254f61d723b184943edd017370c4,coarse,203,ClusterChain,2018,200,0,ClusterChain-K2-QCBO-coarse-seed2018,0,26.15266442298889
800,7de896507ae118b7d1384450b0b083dfe4394f072662ac60d2a136e4cd1e4137,K2,5638.339796338631,6.962103157644216,QCBO,False,741b0e284016c45b293cba6433ee9f4e74a1179a782b4fe4bcdfefa2d9188b8b,coarse,203,ClusterChain,2019,200,0,ClusterChain-K2-QCBO-coarse-seed2019,0,31.04731035232544
800,7de896507ae118b7d1384450b0b083dfe4394f072662ac60d2a136e4cd1e4137,K2,5658.781082247,6.962686333311571,QCBO,False,913982948d4c101cb9719ba78e790ab530564d06b070f0158c5758171142f219,coarse,203,ClusterChain,2020,200,0,ClusterChain-K2-QCBO-coarse-seed2020,0,28.25579023361206
800,7de896507ae118b7d1384450b0b083dfe4394f072662ac60d2a136e4cd1e4137,K2,5741.062322540506,6.961882958713691,QCBO,False,0dc02867c0e602a3db1102b06b7db7ca677820e8925adecb134ed41b4cee63e4,coarse,203,ClusterChain,2021,200,0,ClusterChain-K2-QCBO-coarse-seed2021,0,26.311790943145752
800,7de896507ae118b7d1384450b0b083dfe4394f072662ac60d2a136e4cd1e4137,K2,5691.184353660067,6.960871859605916,QCBO,False,f4c0b6956b0f9c29a7513365ca18cd49ea39fbc0c4a2372a21ddc0fa6b8c72f7,coarse,203,ClusterChain,2022,200,0,ClusterChain-K2-QCBO-coarse-seed2022,0,28.273041248321533
800,7de896507ae118b7d1384450b0b083dfe4394f072662ac60d2a136e4cd1e4137,K2,5692.536001690846,6.962483174446087,QCBO,False,76f6b9270a90a24af791864a9ccff8bf54607f7c212dd8d726188e5b1c38e55e,coarse,203,ClusterChain,2023,200,0,ClusterChain-K2-QCBO-coarse-seed2023,0,29.039570093154907
800,7de896507ae118b7d1384450b0b083dfe4394f072662ac60d2a136e4cd1e4137,K2,5679.766298748344,6.960981724309775,QCBO,False,6bceaf96787e7817cdad11ea1a53af75aebe2b3ebc20b8d9a8a724a76cf478ea,coarse,203,ClusterChain,2024,200,0,ClusterChain-K2-QCBO-coarse-seed2024,0,26.516317129135132
800,7de896507ae118b7d1384450b0b083dfe4394f072662ac60d2a136e4cd1e4137,K2,5773.161606663467,6.964617672030467,QCBO,False,f2066487c61bccea9b6085a867b5fdd055a6a8cf0eeef2bd283c6139aa52288e,coarse,203,ClusterChain,2025,200,0,ClusterChain-K2-QCBO-coarse-seed2025,0,26.988330841064453
800,7de896507ae118b7d1384450b0b083dfe4394f072662ac60d2a136e4cd1e4137,K2,5692.662159043893,6.961761713938015,QCBO,False,56ef366e7a288b01e860dfd3ce3d81d5afa602ba5001e4335aa8693c9361757a,coarse,203,ClusterChain,2026,200,0,ClusterChain-K2-QCBO-coarse-seed2026,0,28.28500986099243
800,7de896507ae118b7d1384450b0b083dfe4394f072662ac60d2a136e4cd1e4137,K2,5678.645142521544,6.962758822373601,QCBO,False,6843c8b93a05db5856fcf2053eef547ac069c8aedfc7fa2470885444b5ea1eaf,coarse,203,ClusterChain,2027,200,0,ClusterChain-K2-QCBO-coarse-seed2027,0,28.275053024291992
800,7de896507ae118b7d1384450b0b083dfe4394f072662ac60d2a136e4cd1e4137,K2,5664.301166229878,6.960026104972827,QCBO,False,7344d0630c4d534767b982960d46fb57ee3014acf2ba544d09c3bd5f5fe17ee2,coarse,203,ClusterChain,2028,200,0,ClusterChain-K2-QCBO-coarse-seed2028,0,26.18100666999817
800,7de896507ae118b7d1384450b0b083dfe4394f072662ac60d2a136e4cd1e4137,K2,5704.8731176547035,6.961276789063098,QCBO,False,e153eaf92d0862583adb10a8e0b74e5db3aaf0ad975c778b5ee961e8eaa85340,coarse,203,ClusterChain,2029,200,0,ClusterChain-K2-QCBO-coarse-seed2029,0,30.623231887817383
800,7de896507ae118b7d1384450b0b083dfe4394f072662ac60d2a136e4cd1e4137,K2,3418.661560861088,4.250320592976834,QCBO,False,b7c186e223169dbab1f0a322cb5eeb5ae69e01a0969ad311b40bc035897a0709,pairs,223,ClusterChain,2000,214,0,ClusterChain-K2-QCBO-pairs-seed2000,0,33.496495962142944
800,7de896507ae118b7d1384450b0b083dfe4394f072662ac60d2a136e4cd1e4137,K2,3407.103198172569,4.250669825348974,QCBO,False,9d005a0c4786bfcf65e2d9d0d1836f57e6d1942b32ad847c20e2c9bc9c60b67a,pairs,224,ClusterChain,2001,215,0,ClusterChain-K2-QCBO-pairs-seed2001,0,36.00997471809387
800,7de896507ae118b7d1384450b0b083dfe4394f072662ac60d2a136e4cd1e4137,K2,3460.9884105414344,4.250003404887467,QCBO,False,4e340053dade88aaf91c8c6deef4c45a8f9344adb29939d6116ff4c2a48d37d5,pairs,223,ClusterChain,2002,214,0,ClusterChain-K2-QCBO-pairs-seed2002,0,36.993077516555786
800,7de896507ae118b7d1384450b0b083dfe4394f072662ac60d2a136e4cd1e4137,K2,3449.5156479714624,4.250065961286269,QCBO,False,967d6c1f54b5d00830842f883c3e074492d9489ff372a84801884c33e100d4cf,pairs,225,ClusterChain,2003,216,0,ClusterChain-K2-QCBO-pairs-seed2003,0,35.29682469367981
800,7de896507ae118b7d1384450b0b083dfe4394f072662ac60d2a136e4cd1e4137,K2,4311.9122136497435,4.250143410210738,QCBO,False,fe48b3c52ee35996054ee8de9a634a46666d7fb0bc423caee0d84de832d5585b,pairs,225,ClusterChain,2004,216,0,ClusterChain-K2-QCBO-pairs-seed2004,0,36.487178802490234
800,7de896507ae118b7d1384450b0b083dfe4394f072662ac60d2a136e4cd1e4137,K2,3443.537405750856,4.250057166279453,QCBO,False,a381726b36eaeb765c608461e4a863a219be22e5fa5f7c8c13bed9c7bc80162f,pairs,225,ClusterChain,2005,216,0,ClusterChain-K2-QCBO-pairs-seed2005,0,36.18614101409912
800,7de896507ae118b7d1384450b0b083dfe4394f072662ac60d2a136e4cd1e4137,K2,3413.5839624851897,4.2500047162236125,QCBO,False,bb708dce34dd42fcfbb28fcdc14b3da1f87ff8ab7ac0d8c1bcd9cdecb27448bd,pairs,225,ClusterChain,2006,216,0,ClusterChain-K2-QCBO-pairs-seed2006,0,34.89492130279541
800,7de896507ae118b7d1384450b0b083dfe4394f072662ac60d2a136e4cd1e4137,K2,3434.769263737974,4.25006027266669,QCBO,False,f757dbd32ac8377c3eb94a493985b47bd0a5d6d660d6893cc1482e95fc3b6922,pairs,224,ClusterChain,2007,215,0,ClusterChain-K2-QCBO-pairs-seed2007,0,35.59030747413635
800,7de896507ae118b7d1384450b0b083dfe4394f072662ac60d2a136e4cd1e4137,K2,3405.982908117772,4.2500247795272275,QCBO,False,33fae087d26a42438644d1baf59bb577bf62075328f4e35cb7cce89652b7faa3,pairs,224,ClusterChain,2008,215,0,ClusterChain-K2-QCBO-pairs-seed2008,0,32.710533142089844
800,7de896507ae118b7d1384450b0b083dfe4394f072662ac60d2a136e4cd1e4137,K2,3442.325372293372,4.25000251928897,QCBO,False,979ead175e112384f60fe2a83504d620c08a8777b2cc3e48ac38cae48c7f4ae7,pairs,225,ClusterChain,2009,216,0,ClusterChain-K2-QCBO-pairs-seed2009,0,35.259551763534546
800,7de896507ae118b7d1384450b0b083dfe4394f072662ac60d2a136e4cd1e4137,K2,3423.7928864662927,4.250068966323128,QCBO,False,a7d00727ac8a09971335e8543f3c0c7891afe6b8dac4b34c49ea0125f0fd9800,pairs,225,ClusterChain,2010,216,0,ClusterChain-K2-QCBO-pairs-seed2010,0,35.52550983428955
800,7de896507ae118b7d1384450b0b083dfe4394f072662ac60d2a136e4cd1e4137,K2,3432.2631099738032,4.2502811508060665,QCBO,False,b992b88b97b2cc1e68ee3896f07a432fd965eccb33c83348e28e5e2e79efd67c,pairs,224,ClusterChain,2011,215,0,ClusterChain-K2-QCBO-pairs-seed2011,0,36.043073654174805
800,7de896507ae118b7d1384450b0b083dfe4394f072662ac60d2a136e4cd1e4137,K2,3416.6560985376063,4.2502136066029665,QCBO,False,b72d261e3675764964dc52dff0b7ad5315675ae3f43d02a5ca66f176024589b0,pairs,222,ClusterChain,2012,213,0,ClusterChain-K2-QCBO-pairs-seed2012,0,34.02729392051697
800,7de896507ae118b7d1384450b0b083dfe4394f072662ac60d2a136e4cd1e4137,K2,3434.282871131288,4.250049791258341,QCBO,False,85acd34be524542f3dfccf2b4c9c735746738ada51dc1f1a7321cc7b8340205f,pairs,225,ClusterChain,2013,216,0,ClusterChain-K2-QCBO-pairs-seed2013,0,36.537349462509155
800,7de896507ae118b7d1384450b0b083dfe4394f072662ac60d2a136e4cd1e4137,K2,3435.531043229467,4.2500001144623845,QCBO,False,2cf80d642bd67142232fcfac143de13c15d98725cea0c0a77b12d694fac63017,pairs,224,ClusterChain,2014,215,0,ClusterChain-K2-QCBO-pairs-seed2014,0,36.15184831619263
800,7de896507ae118b7d1384450b0b083dfe4394f072662ac60d2a136e4cd1e4137,K2,3442.766653439099,4.250629957841328,QCBO,False,4ec9d63af74e61ad5ab8121d7ec1e6bf7d20ac97468864a210b0f290a2e3d7ed,pairs,223,ClusterChain,2015,214,0,ClusterChain-K2-QCBO-pairs-seed2015,0,36.61835861206055
800,7de896507ae118b7d1384450b0b083dfe4394f072662ac60d2a136e4cd1e4137,K2,3435.5208399964495,4.25001758133303,QCBO,False,c26b643a2408126fdd57f3fa40534cfb1e2ca0fc7afcac37d65b7ce58ad5af71,pairs,226,ClusterChain,2016,217,0,ClusterChain-K2-QCBO-pairs-seed2016,0,36.53517985343933
800,7de896507ae118b7d1384450b0b083dfe4394f072662ac60d2a136e4cd1e4137,K2,3435.948096946086,4.250011108311038,QCBO,False,c12a07bdfb6332697be2541f9bdac34e769ca5250eb8c6d34489dcd723c07457,pairs,223,ClusterChain,2017,214,0,ClusterChain-K2-QCBO-pairs-seed2017,0,34.32156181335449
800,7de896507ae118b7d1384450b0b083dfe4394f072662ac60d2a136e4cd1e4137,K2,3428.895794024654,4.250000038444054,QCBO,False,0de0b3b19ee542dfb3eb1f54cdcb18941794254f61d723b184943edd017370c4,pairs,225,ClusterChain,2018,216,0,ClusterChain-K2-QCBO-pairs-seed2018,0,33.812071323394775
800,7de896507ae118b7d1384450b0b083dfe4394f072662ac60d2a136e4cd1e4137,K2,3429.088014307319,4.2500001095797,QCBO,False,741b0e284016c45b293cba6433ee9f4e74a1179a782b4fe4bcdfefa2d9188b8b,pairs,225,ClusterChain,2019,216,0,ClusterChain-K2-QCBO-pairs-seed2019,0,35.30393958091736
800,7de896507ae118b7d1384450b0b083dfe4394f072662ac60d2a136e4cd1e4137,K2,3430.3171394101073,4.25003412459992,QCBO,False,913982948d4c101cb9719ba78e790ab530564d06b070f0158c5758171142f219,pairs,226,ClusterChain,2020,217,0,ClusterChain-K2-QCBO-pairs-seed2020,0,35.671435832977295
800,7de896507ae118b7d1384450b0b083dfe4394f072662ac60d2a136e4cd1e4137,K2,3437.4748404090974,4.251756096942527,QCBO,False,0dc02867c0e602a3db1102b06b7db7ca677820e8925adecb134ed41b4cee63e4,pairs,225,ClusterChain,2021,216,0,ClusterChain-K2-QCBO-pairs-seed2021,0,35.076305627822876
800,7de896507ae118b7d1384450b0b083dfe4394f072662ac60d2a136e4cd1e4137,K2,3465.58629572252,4.250024755525638,QCBO,False,f4c0b6956b0f9c29a7513365ca18cd49ea39fbc0c4a2372a21ddc0fa6b8c72f7,pairs,226,ClusterChain,2022,217,0,ClusterChain-K2-QCBO-pairs-seed2022,0,35.7514111995697
800,7de896507ae118b7d1384450b0b083dfe4394f072662ac60d2a136e4cd1e4137,K2,3439.5654420413066,4.250126377449469,QCBO,False,76f6b9270a90a24af791864a9ccff8bf54607f7c212dd8d726188e5b1c38e55e,pairs,224,ClusterChain,2023,215,0,ClusterChain-K2-QCBO-pairs-seed2023,0,37.62776780128479
800,7de896507ae118b7d1384450b0b083dfe4394f072662ac60d2a136e4cd1e4137,K2,3498.0654847738892,4.25000076670148,QCBO,False,6bceaf96787e7817cdad11ea1a53af75aebe2b3ebc20b8d9a8a724a76cf478ea,pairs,226,ClusterChain,2024,217,0,ClusterChain-K2-QCBO-pairs-seed2024,0,36.44089651107788
800,7de896507ae118b7d1384450b0b083dfe4394f072662ac60d2a136e4cd1e4137,K2,3462.2862289501995,4.25047149296928,QCBO,False,f2066487c61bccea9b6085a867b5fdd055a6a8cf0eeef2bd283c6139aa52288e,pairs,224,ClusterChain,2025,215,0,ClusterChain-K2-QCBO-pairs-seed2025,0,36.25747776031494
800,7de896507ae118b7d1384450b0b083dfe4394f072662ac60d2a136e4cd1e4137,K2,3422.465370783654,4.2500005715113,QCBO,False,56ef366e7a288b01e860dfd3ce3d81d5afa602ba5001e4335aa8693c9361757a,pairs,225,ClusterChain,2026,216,0,ClusterChain-K2-QCBO-pairs-seed2026,0,36.846696615219116
800,7de896507ae118b7d1384450b0b083dfe4394f072662ac60d2a136e4cd1e4137,K2,3438.095926274303,4.250020785629126,QCBO,False,6843c8b93a05db5856fcf2053eef547ac069c8aedfc7fa2470885444b5ea1eaf,pairs,224,ClusterChain,2027,215,0,ClusterChain-K2-QCBO-pairs-seed2027,0,36.22537612915039
800,7de896507ae118b7d1384450b0b083dfe4394f072662ac60d2a136e4cd1e4137,K2,3413.9258329102054,4.250000617847839,QCBO,False,7344d0630c4d534767b982960d46fb57ee3014acf2ba544d09c3bd5f5fe17ee2,pairs,223,ClusterChain,2028,214,0,ClusterChain-K2-QCBO-pairs-seed2028,0,34.766475677490234
800,7de896507ae118b7d1384450b0b083dfe4394f072662ac60d2a136e4cd1e4137,K2,3447.0966256055435,4.250001236255922,QCBO,False,e153eaf92d0862583adb10a8e0b74e5db3aaf0ad975c778b5ee961e8eaa85340,pairs,225,ClusterChain,2029,216,0,ClusterChain-K2-QCBO-pairs-seed2029,0,36.462520360946655
800,7de896507ae118b7d1384450b0b083dfe4394f072662ac60d2a136e4cd1e4137,K3,909.3593033612817,0.10604644874290522,CBO,False,b7c186e223169dbab1f0a322cb5eeb5ae69e01a0969ad311b40bc035897a0709,fine,338,ClusterChain,2000,197,0,ClusterChain-K3-CBO-seed2000,0,270.7923836708069
800,7de896507ae118b7d1384450b0b083dfe4394f072662ac60d2a136e4cd1e4137,K3,665.9911551067506,0.18782354714886365,CBO,False,9d005a0c4786bfcf65e2d9d0d1836f57e6d1942b32ad847c20e2c9bc9c60b67a,fine,332,ClusterChain,2001,191,0,ClusterChain-K3-CBO-seed2001,0,283.1421592235565
800,7de896507ae118b7d1384450b0b083dfe4394f072662ac60d2a136e4cd1e4137,K3,500.14817272949216,0.08363626531659865,CBO,False,4e340053dade88aaf91c8c6deef4c45a8f9344adb29939d6116ff4c2a48d37d5,fine,328,ClusterChain,2002,187,0,ClusterChain-K3-CBO-seed2002,0,269.0501275062561
800,7de896507ae118b7d1384450b0b083dfe4394f072662ac60d2a136e4cd1e4137,K3,435.36779285086754,0.06676014806888977,CBO,False,967d6c1f54b5d00830842f883c3e074492d9489ff372a84801884c33e100d4cf,fine,324,ClusterChain,2003,183,0,ClusterChain-K3-CBO-seed2003,0,266.2483410835266
800,7de896507ae118b7d1384450b0b083dfe4394f072662ac60d2a136e4cd1e4137,K3,272.90709893298794,0.0351457632989478,CBO,False,fe48b3c52ee35996054ee8de9a634a46666d7fb0bc423caee0d84de832d5585b,fine,322,ClusterChain,2004,181,0,ClusterChain-K3-CBO-seed2004,0,245.98620462417603
800,7de896507ae118b7d1384450b0b083dfe4394f072662ac60d2a136e4cd1e4137,K3,619.2367161336077,0.08002207245125459,CBO,False,a381726b36eaeb765c608461e4a863a219be22e5fa5f7c8c13bed9c7bc80162f,fine,335,ClusterChain,2005,194,0,ClusterChain-K3-CBO-seed2005,0,291.53618121147156
800,7de896507ae118b7d1384450b0b083dfe4394f072662ac60d2a136e4cd1e4137,K3,1314.853884269004,0.054601975374165036,CBO,False,bb708dce34dd42fcfbb28fcdc14b3da1f87ff8ab7ac0d8c1bcd9cdecb27448bd,fine,404,ClusterChain,2006,263,0,ClusterChain-K3-CBO-seed2006,0,441.05210542678833
800,7de896507ae118b7d1384450b0b083dfe4394f072662ac60d2a136e4cd1e4137,K3,773.6102527567626,0.07833188165591587,CBO,False,f757dbd32ac8377c3eb94a493985b47bd0a5d6d660d6893cc1482e95fc3b6922,fine,327,ClusterChain,2007,186,0,ClusterChain-K3-CBO-seed2007,0,274.05730652809143
800,7de896507ae118b7d1384450b0b083dfe4394f072662ac60d2a136e4cd1e4137,K3,315.99527019130664,0.018797324380996787,CBO,False,33fae087d26a42438644d1baf59bb577bf62075328f4e35cb7cce89652b7faa3,fine,328,ClusterChain,2008,187,0,ClusterChain-K3-CBO-seed2008,0,261.6420772075653
800,7de896507ae118b7d1384450b0b083dfe4394f072662ac60d2a136e4cd1e4137,K3,1143.6997007139303,0.008691088891473249,CBO,False,979ead175e112384f60fe2a83504d620c08a8777b2cc3e48ac38cae48c7f4ae7,fine,399,ClusterChain,2009,258,0,ClusterChain-K3-CBO-seed2009,0,414.7203359603882
800,7de896507ae118b7d1384450b0b083dfe4394f072662ac60d2a136e4cd1e4137,K3,1179.9495414249204,0.107591940407322,CBO,False,a7d00727ac8a09971335e8543f3c0c7891afe6b8dac4b34c49ea0125f0fd9800,fine,343,ClusterChain,2010,202,0,ClusterChain-K3-CBO-seed2010,0,288.9723153114319
800,7de896507ae118b7d1384450b0b083dfe4394f072662ac60d2a136e4cd1e4137,K3,151.5232466558868,0.03354189914342633,CBO,False,b992b88b97b2cc1e68ee3896f07a432fd965eccb33c83348e28e5e2e79efd67c,fine,323,ClusterChain,2011,182,0,ClusterChain-K3-CBO-seed2011,0,256.42358684539795
800,7de896507ae118b7d1384450b0b083dfe4394f072662ac60d2a136e4cd1e4137,K3,286.1857344932141,0.04092281226385983,CBO,False,b72d261e3675764964dc52dff0b7ad5315675ae3f43d02a5ca66f176024589b0,fine,389,ClusterChain,2012,248,0,ClusterChain-K3-CBO-seed2012,0,376.55523467063904
800,7de896507ae118b7d1384450b0b083dfe4394f072662ac60d2a136e4cd1e4137,K3,1055.6451825878366,0.06327799012695728,CBO,False,85acd34be524542f3dfccf2b4c9c735746738ada51dc1f1a7321cc7b8340205f,fine,329,ClusterChain,2013,188,0,ClusterChain-K3-CBO-seed2013,0,268.81510186195374
800,7de896507ae118b7d1384450b0b083dfe4394f072662ac60d2a136e4cd1e4137,K3,193.39821791468134,0.10327277088981304,CBO,False,2cf80d642bd67142232fcfac143de13c15d98725cea0c0a77b12d694fac63017,fine,423,ClusterChain,2014,282,0,ClusterChain-K3-CBO-seed2014,0,400.50898790359497
800,7de896507ae118b7d1384450b0b083dfe4394f072662ac60d2a136e4cd1e4137,K3,707.0994374321365,0.15125430071714144,CBO,False,4ec9d63af74e61ad5ab8121d7ec1e6bf7d20ac97468864a210b0f290a2e3d7ed,fine,334,ClusterChain,2015,193,0,ClusterChain-K3-CBO-seed2015,0,277.7591106891632
800,7de896507ae118b7d1384450b0b083dfe4394f072662ac60d2a136e4cd1e4137,K3,998.0343772725481,0.07324706522381966,CBO,False,c26b643a2408126fdd57f3fa40534cfb1e2ca0fc7afcac37d65b7ce58ad5af71,fine,345,ClusterChain,2016,204,0,ClusterChain-K3-CBO-seed2016,0,289.9121639728546
800,7de896507ae118b7d1384450b0b083dfe4394f072662ac60d2a136e4cd1e4137,K3,876.9369411904638,0.06817945362510053,CBO,False,c12a07bdfb6332697be2541f9bdac34e769ca5250eb8c6d34489dcd723c07457,fine,338,ClusterChain,2017,197,0,ClusterChain-K3-CBO-seed2017,0,277.3491723537445
800,7de896507ae118b7d1384450b0b083dfe4394f072662ac60d2a136e4cd1e4137,K3,767.0929695418205,0.15706138125450628,CBO,False,0de0b3b19ee542dfb3eb1f54cdcb18941794254f61d723b184943edd017370c4,fine,332,ClusterChain,2018,191,0,ClusterChain-K3-CBO-seed2018,0,269.04232454299927
800,7de896507ae118b7d1384450b0b083dfe4394f072662ac60d2a136e4cd1e4137,K3,120.05678915042127,0.030419163333892392,CBO,False,741b0e284016c45b293cba6433ee9f4e74a1179a782b4fe4bcdfefa2d9188b8b,fine,328,ClusterChain,2019,187,0,ClusterChain-K3-CBO-seed2019,0,265.6228005886078
800,7de896507ae118b7d1384450b0b083dfe4394f072662ac60d2a136e4cd1e4137,K3,584.0494758156519,0.030267064586691518,CBO,False,913982948d4c101cb9719ba78e790ab530564d06b070f0158c5758171142f219,fine,328,ClusterChain,2020,187,0,ClusterChain-K3-CBO-seed2020,0,258.9649579524994
800,7de896507ae118b7d1384450b0b083dfe4394f072662ac60d2a136e4cd1e4137,K3,882.011697157622,0.1831367489860494,CBO,False,0dc02867c0e602a3db1102b06b7db7ca677820e8925adecb134ed41b4cee63e4,fine,335,ClusterChain,2021,194,0,ClusterChain-K3-CBO-seed2021,0,276.49461579322815
800,7de896507ae118b7d1384450b0b083dfe4394f072662ac60d2a136e4cd1e4137,K3,1615.6066922349235,0.2736223353237742,CBO,False,f4c0b6956b0f9c29a7513365ca18cd49ea39fbc0c4a2372a21ddc0fa6b8c72f7,fine,394,ClusterChain,2022,253,0,ClusterChain-K3-CBO-seed2022,0,411.3668451309204
800,7de896507ae118b7d1384450b0b083dfe4394f072662ac60d2a136e4cd1e4137,K3,822.8665053364277,0.17317037322589326,CBO,False,76f6b9270a90a24af791864a9ccff8bf54607f7c212dd8d726188e5b1c38e55e,fine,341,ClusterChain,2023,200,0,ClusterChain-K3-CBO-seed2023,0,282.69582056999207
800,7de896507ae118b7d1384450b0b083dfe4394f072662ac60d2a136e4cd1e4137,K3,1067.711830265458,1.2563431528195634,CBO,False,6bceaf96787e7817cdad11ea1a53af75aebe2b3ebc20b8d9a8a724a76cf478ea,fine,344,ClusterChain,2024,203,0,ClusterChain-K3-CBO-seed2024,0,278.4944794178009
800,7de896507ae118b7d1384450b0b083dfe4394f072662ac60d2a136e4cd1e4137,K3,1185.3973783225135,1.2550197805887489,CBO,False,f2066487c61bccea9b6085a867b5fdd055a6a8cf0eeef2bd283c6139aa52288e,fine,348,ClusterChain,2025,207,0,ClusterChain-K3-CBO-seed2025,0,286.29566264152527
800,7de896507ae118b7d1384450b0b083dfe4394f072662ac60d2a136e4cd1e4137,K3,380.3801960504011,0.048578776288709706,CBO,False,56ef366e7a288b01e860dfd3ce3d81d5afa602ba5001e4335aa8693c9361757a,fine,322,ClusterChain,2026,181,0,ClusterChain-K3-CBO-seed2026,0,256.80936336517334
800,7de896507ae118b7d1384450b0b083dfe4394f072662ac60d2a136e4cd1e4137,K3,640.4998783346492,0.16393444334182525,CBO,False,6843c8b93a05db5856fcf2053eef547ac069c8aedfc7fa2470885444b5ea1eaf,fine,335,ClusterChain,2027,194,0,ClusterChain-K3-CBO-seed2027,0,273.49263310432434
800,7de896507ae118b7d1384450b0b083dfe4394f072662ac60d2a136e4cd1e4137,K3,877.7518588778796,0.04207553701219114,CBO,False,7344d0630c4d534767b982960d46fb57ee3014acf2ba544d09c3bd5f5fe17ee2,fine,337,ClusterChain,2028,196,0,ClusterChain-K3-CBO-seed2028,0,283.2217381000519
800,7de896507ae118b7d1384450b0b083dfe4394f072662ac60d2a136e4cd1e4137,K3,1272.682757951432,1.2752631820443356,CBO,False,e153eaf92d0862583adb10a8e0b74e5db3aaf0ad975c778b5ee961e8eaa85340,fine,356,ClusterChain,2029,215,0,ClusterChain-K3-CBO-seed2029,0,294.47489833831787
800,7de896507ae118b7d1384450b0b083dfe4394f072662ac60d2a136e4cd1e4137,K3,507.0018082236137,0.06566574393967478,QCBO,False,b7c186e223169dbab1f0a322cb5eeb5ae69e01a0969ad311b40bc035897a0709,alt,213,ClusterChain,2000,168,0,ClusterChain-K3-QCBO-alt-seed2000,0,80.31777453422546
800,7de896507ae118b7d1384450b0b083dfe4394f072662ac60d2a136e4cd1e4137,K3,458.5475407484113,0.10737680147384726,QCBO,False,9d005a0c4786bfcf65e2d9d0d1836f57e6d1942b32ad847c20e2c9bc9c60b67a,alt,216,ClusterChain,2001,171,0,ClusterChain-K3-QCBO-alt-seed2001,0,87.10009551048279
800,7de896507ae118b7d1384450b0b083dfe4394f072662ac60d2a136e4cd1e4137,K3,321.94988331352863,0.04036302859112594,QCBO,False,4e340053dade88aaf91c8c6deef4c45a8f9344adb29939d6116ff4c2a48d37d5,alt,208,ClusterChain,2002,163,0,ClusterChain-K3-QCBO-alt-seed2002,0,82.90313220024109
800,7de896507ae118b7d1384450b0b083dfe4394f072662ac60d2a136e4cd1e4137,K3,312.86252174317355,0.026656374397213863,QCBO,False,967d6c1f54b5d00830842f883c3e074492d9489ff372a84801884c33e100d4cf,alt,209,ClusterChain,2003,164,0,ClusterChain-K3-QCBO-alt-seed2003,0,89.59312272071838
800,7de896507ae118b7d1384450b0b083dfe4394f072662ac60d2a136e4cd1e4137,K3,317.40441261379993,0.07738530427081633,QCBO,False,fe48b3c52ee35996054ee8de9a634a46666d7fb0bc423caee0d84de832d5585b,alt,211,ClusterChain,2004,166,0,ClusterChain-K3-QCBO-alt-seed2004,0,75.89951276779175
800,7de896507ae118b7d1384450b0b083dfe4394f072662ac60d2a136e4cd1e4137,K3,401.95478627445,0.015863553500055652,QCBO,False,a381726b36eaeb765c608461e4a863a219be22e5fa5f7c8c13bed9c7bc80162f,alt,216,ClusterChain,2005,171,0,ClusterChain-K3-QCBO-alt-seed2005,0,83.60687065124512
800,7de896507ae118b7d1384450b0b083dfe4394f072662ac60d2a136e4cd1e4137,K3,283.7118010283456,0.06535606106232306,QCBO,False,bb708dce34dd42fcfbb28fcdc14b3da1f87ff8ab7ac0d8c1bcd9cdecb27448bd,alt,215,ClusterChain,2006,170,0,ClusterChain-K3-QCBO-alt-seed2006,0,79.64771866798401
800,7de896507ae118b7d1384450b0b083dfe4394f072662ac60d2a136e4cd1e4137,K3,639.0329124668036,0.05811502296987662,QCBO,False,f757dbd32ac8377c3eb94a493985b47bd0a5d6d660d6893cc1482e95fc3b6922,alt,214,ClusterChain,2007,169,0,ClusterChain-K3-QCBO-alt-seed2007,0,83.2023856639862
800,7de896507ae118b7d1384450b0b083dfe4394f072662ac60d2a136e4cd1e4137,K3,247.68272353559448,0.10281248991950892,QCBO,False,33fae087d26a42438644d1baf59bb577bf62075328f4e35cb7cce89652b7faa3,alt,208,ClusterChain,2008,163,0,ClusterChain-K3-QCBO-alt-seed2008,0,77.02003765106201
800,7de896507ae118b7d1384450b0b083dfe4394f072662ac60d2a136e4cd1e4137,K3,594.7369826276541,0.14965725758273887,QCBO,False,979ead175e112384f60fe2a83504d620c08a8777b2cc3e48ac38cae48c7f4ae7,alt,215,ClusterChain,2009,170,0,ClusterChain-K3-QCBO-alt-seed2009,0,82.51244926452637
800,7de896507ae118b7d1384450b0b083dfe4394f072662ac60d2a136e4cd1e4137,K3,1215.983905304229,0.4703633341955534,QCBO,False,a7d00727ac8a09971335e8543f3c0c7891afe6b8dac4b34c49ea0125f0fd9800,alt,220,ClusterChain,2010,175,0,ClusterChain-K3-QCBO-alt-seed2010,0,85.82844233512878
800,7de896507ae118b7d1384450b0b083dfe4394f072662ac60d2a136e4cd1e4137,K3,97.81917927800657,0.010975039238463533,QCBO,False,b992b88b97b2cc1e68ee3896f07a432fd965eccb33c83348e28e5e2e79efd67c,alt,211,ClusterChain,2011,166,0,ClusterChain-K3-QCBO-alt-seed2011,0,76.54090237617493
800,7de896507ae118b7d1384450b0b083dfe4394f072662ac60d2a136e4cd1e4137,K3,172.55932766494695,0.030277093475996976,QCBO,False,b72d261e3675764964dc52dff0b7ad5315675ae3f43d02a5ca66f176024589b0,alt,215,ClusterChain,2012,170,0,ClusterChain-K3-QCBO-alt-seed2012,0,83.63847303390503
800,7de896507ae118b7d1384450b0b083dfe4394f072662ac60d2a136e4cd1e4137,K3,1323.0221536739134,0.7748966260659329,QCBO,False,85acd34be524542f3dfccf2b4c9c735746738ada51dc1f1a7321cc7b8340205f,alt,209,ClusterChain,2013,164,0,ClusterChain-K3-QCBO-alt-seed2013,0,81.30686068534851
800,7de896507ae118b7d1384450b0b083dfe4394f072662ac60d2a136e4cd1e4137,K3,222.13484379488577,0.0937572606406242,QCBO,False,2cf80d642bd67142232fcfac143de13c15d98725cea0c0a77b12d694fac63017,alt,291,ClusterChain,2014,246,0,ClusterChain-K3-QCBO-alt-seed2014,0,124.57365465164185
800,7de896507ae118b7d1384450b0b083dfe4394f072662ac60d2a136e4cd1e4137,K3,488.8819318822595,0.04914130951177519,QCBO,False,4ec9d63af74e61ad5ab8121d7ec1e6bf7d20ac97468864a210b0f290a2e3d7ed,alt,214,ClusterChain,2015,169,0,ClusterChain-K3-QCBO-alt-seed2015,0,86.26819014549255
800,7de896507ae118b7d1384450b0b083dfe4394f072662ac60d2a136e4cd1e4137,K3,932.117135661095,0.11558295513739947,QCBO,False,c26b643a2408126fdd57f3fa40534cfb1e2ca0fc7afcac37d65b7ce58ad5af71,alt,215,ClusterChain,2016,170,0,ClusterChain-K3-QCBO-alt-seed2016,0,81.89099764823914
800,7de896507ae118b7d1384450b0b083dfe4394f072662ac60d2a136e4cd1e4137,K3,654.2317436455354,0.009009852013106515,QCBO,False,c12a07bdfb6332697be2541f9bdac34e769ca5250eb8c6d34489dcd723c07457,alt,216,ClusterChain,2017,171,0,ClusterChain-K3-QCBO-alt-seed2017,0,78.55739164352417
800,7de896507ae118b7d1384450b0b083dfe4394f072662ac60d2a136e4cd1e4137,K3,587.8238857304486,0.07205610458975104,QCBO,False,0de0b3b19ee542dfb3eb1f54cdcb18941794254f61d723b184943edd017370c4,alt,223,ClusterChain,2018,178,0,ClusterChain-K3-QCBO-alt-seed2018,0,84.85189294815063
800,7de896507ae118b7d1384450b0b083dfe4394f072662ac60d2a136e4cd1e4137,K3,96.77619350969002,0.020821770795164583,QCBO,False,741b0e284016c45b293cba6433ee9f4e74a1179a782b4fe4bcdfefa2d9188b8b,alt,219,ClusterChain,2019,174,0,ClusterChain-K3-QCBO-alt-seed2019,0,82.72647166252136
800,7de896507ae118b7d1384450b0b083dfe4394f072662ac60d2a136e4cd1e4137,K3,338.70709850525964,0.00731800503463239,QCBO,False,913982948d4c101cb9719ba78e790ab530564d06b070f0158c5758171142f219,alt,211,ClusterChain,2020,166,0,ClusterChain-K3-QCBO-alt-seed2020,0,77.46703457832336
800,7de896507ae118b7d1384450b0b083dfe4394f072662ac60d2a136e4cd1e4137,K3,739.7334761001252,0.08495154242474867,QCBO,False,0dc02867c0e602a3db1102b06b7db7ca677820e8925adecb134ed41b4cee63e4,alt,216,ClusterChain,2021,171,0,ClusterChain-K3-QCBO-alt-seed2021,0,82.35713648796082
800,7de896507ae118b7d1384450b0b083dfe4394f072662ac60d2a136e4cd1e4137,K3,683.0514094923343,0.08950787245128838,QCBO,False,f4c0b6956b0f9c29a7513365ca18cd49ea39fbc0c4a2372a21ddc0fa6b8c72f7,alt,214,ClusterChain,2022,169,0,ClusterChain-K3-QCBO-alt-seed2022,0,80.66931509971619
800,7de896507ae118b7d1384450b0b083dfe4394f072662ac60d2a136e4cd1e4137,K3,596.4472401338039,0.1867574152914482,QCBO,False,76f6b9270a90a24af791864a9ccff8bf54607f7c212dd8d726188e5b1c38e55e,alt,212,ClusterChain,2023,167,0,ClusterChain-K3-QCBO-alt-seed2023,0,88.60597848892212
800,7de896507ae118b7d1384450b0b083dfe4394f072662ac60d2a136e4cd1e4137,K3,1115.6254346101255,0.34968411719073333,QCBO,False,6bceaf96787e7817cdad11ea1a53af75aebe2b3ebc20b8d9a8a724a76cf478ea,alt,216,ClusterChain,2024,171,0,ClusterChain-K3-QCBO-alt-seed2024,0,77.58278727531433
800,7de896507ae118b7d1384450b0b083dfe4394f072662ac60d2a136e4cd1e4137,K3,1628.8740382068952,0.3329875017742419,QCBO,False,f2066487c61bccea9b6085a867b5fdd055a6a8cf0eeef2bd283c6139aa52288e,alt,220,ClusterChain,2025,175,0,ClusterChain-K3-QCBO-alt-seed2025,0,83.30309557914734
800,7de896507ae118b7d1384450b0b083dfe4394f072662ac60d2a136e4cd1e4137,K3,224.4441479475868,0.008279627707965316,QCBO,False,56ef366e7a288b01e860dfd3ce3d81d5afa602ba5001e4335aa8693c9361757a,alt,207,ClusterChain,2026,162,0,ClusterChain-K3-QCBO-alt-seed2026,0,77.18304872512817
800,7de896507ae118b7d1384450b0b083dfe4394f072662ac60d2a136e4cd1e4137,K3,658.3385772327457,0.35546797040026007,QCBO,False,6843c8b93a05db5856fcf2053eef547ac069c8aedfc7fa2470885444b5ea1eaf,alt,216,ClusterChain,2027,171,0,ClusterChain-K3-QCBO-alt-seed2027,0,84.14148283004761
800,7de896507ae118b7d1384450b0b083dfe4394f072662ac60d2a136e4cd1e4137,K3,581.0517386988628,0.10858882069215256,QCBO,False,7344d0630c4d534767b982960d46fb57ee3014acf2ba544d09c3bd5f5fe17ee2,alt,216,ClusterChain,2028,171,0,ClusterChain-K3-QCBO-alt-seed2028,0,83.17792630195618
800,7de896507ae118b7d1384450b0b083dfe4394f072662ac60d2a136e4cd1e4137,K3,1360.0426561179959,1.2580299669791069,QCBO,False,e153eaf92d0862583adb10a8e0b74e5db3aaf0ad975c778b5ee961e8eaa85340,alt,220,ClusterChain,2029,175,0,ClusterChain-K3-QCBO-alt-seed2029,0,81.7893979549408
800,7de896507ae118b7d1384450b0b083dfe4394f072662ac60d2a136e4cd1e4137,K3,3247.944616831632,3.9661080707540943,QCBO,False,b7c186e223169dbab1f0a322cb5eeb5ae69e01a0969ad311b40bc035897a0709,coarse,151,ClusterChain,2000,142,0,ClusterChain-K3-QCBO-coarse-seed2000,0,20.50881862640381
800,7de896507ae118b7d1384450b0b083dfe4394f072662ac60d2a136e4cd1e4137,K3,3238.411925531026,3.9691864372141588,QCBO,False,9d005a0c4786bfcf65e2d9d0d1836f57e6d1942b32ad847c20e2c9bc9c60b67a,coarse,152,ClusterChain,2001,143,0,ClusterChain-K3-QCBO-coarse-seed2001,0,21.61181402206421
800,7de896507ae118b7d1384450b0b083dfe4394f072662ac60d2a136e4cd1e4137,K3,3278.9650721217427,3.9688037076507943,QCBO,False,4e340053dade88aaf91c8c6deef4c45a8f9344adb29939d6116ff4c2a48d37d5,coarse,149,ClusterChain,2002,140,0,ClusterChain-K3-QCBO-coarse-seed2002,0,22.060775995254517
800,7de896507ae118b7d1384450b0b083dfe4394f072662ac60d2a136e4cd1e4137,K3,3272.080242401859,3.964442824920214,QCBO,False,967d6c1f54b5d00830842f883c3e074492d9489ff372a84801884c33e100d4cf,coarse,152,ClusterChain,2003,143,0,ClusterChain-K3-QCBO-coarse-seed2003,0,21.31101703643799
800,7de896507ae118b7d1384450b0b083dfe4394f072662ac60d2a136e4cd1e4137,K3,3266.496839278622,3.9712687808760405,QCBO,False,fe48b3c52ee35996054ee8de9a634a46666d7fb0bc423caee0d84de832d5585b,coarse,151,ClusterChain,2004,142,0,ClusterChain-K3-QCBO-coarse-seed2004,0,20.36958146095276
800,7de896507ae118b7d1384450b0b083dfe4394f072662ac60d2a136e4cd1e4137,K3,3262.4101986377664,3.9703835990091703,QCBO,False,a381726b36eaeb765c608461e4a863a219be22e5fa5f7c8c13bed9c7bc80162f,coarse,151,ClusterChain,2005,142,0,ClusterChain-K3-QCBO-coarse-seed2005,0,23.36497735977173
800,7de896507ae118b7d1384450b0b083dfe4394f072662ac60d2a136e4cd1e4137,K3,3279.1479511655266,3.970487018692486,QCBO,False,bb708dce34dd42fcfbb28fcdc14b3da1f87ff8ab7ac0d8c1bcd9cdecb27448bd,coarse,150,ClusterChain,2006,141,0,ClusterChain-K3-QCBO-coarse-seed2006,0,21.865716218948364
800,7de896507ae118b7d1384450b0b083dfe4394f072662ac60d2a136e4cd1e4137,K3,3235.254187964362,3.9612429339021906,QCBO,False,f757dbd32ac8377c3eb94a493985b47bd0a5d6d660d6893cc1482e95fc3b6922,coarse,152,ClusterChain,2007,143,0,ClusterChain-K3-QCBO-coarse-seed2007,0,21.972864389419556
800,7de896507ae118b7d1384450b0b083dfe4394f072662ac60d2a136e4cd1e4137,K3,3301.5317103096318,3.9676431385024555,QCBO,False,33fae087d26a42438644d1baf59bb577bf62075328f4e35cb7cce89652b7faa3,coarse,148,ClusterChain,2008,139,0,ClusterChain-K3-QCBO-coarse-seed2008,0,21.055710554122925
800,7de896507ae118b7d1384450b0b083dfe4394f072662ac60d2a136e4cd1e4137,K3,3258.786856408996,3.969151538788462,QCBO,False,979ead175e112384f60fe2a83504d620c08a8777b2cc3e48ac38cae48c7f4ae7,coarse,148,ClusterChain,2009,139,0,ClusterChain-K3-QCBO-coarse-seed2009,0,24.0696280002594
800,7de896507ae118b7d1384450b0b083dfe4394f072662ac60d2a136e4cd1e4137,K3,3237.97780517598,3.966489821904486,QCBO,False,a7d00727ac8a09971335e8543f3c0c7891afe6b8dac4b34c49ea0125f0fd9800,coarse,152,ClusterChain,2010,143,0,ClusterChain-K3-QCBO-coarse-seed2010,0,22.8333683013916
800,7de896507ae118b7d1384450b0b083dfe4394f072662ac60d2a136e4cd1e4137,K3,3273.9217451958275,3.964869321400748,QCBO,False,b992b88b97b2cc1e68ee3896f07a432fd965eccb33c83348e28e5e2e79efd67c,coarse,149,ClusterChain,2011,140,0,ClusterChain-K3-QCBO-coarse-seed2011,0,21.771839141845703
800,7de896507ae118b7d1384450b0b083dfe4394f072662ac60d2a136e4cd1e4137,K3,3269.3583492666976,3.9622281967037374,QCBO,False,b72d261e3675764964dc52dff0b7ad5315675ae3f43d02a5ca66f176024589b0,coarse,151,ClusterChain,2012,142,0,ClusterChain-K3-QCBO-coarse-seed2012,0,21.766530752182007
800,7de896507ae118b7d1384450b0b083dfe4394f072662ac60d2a136e4cd1e4137,K3,3290.446174146669,3.9801641106235097,QCBO,False,85acd34be524542f3dfccf2b4c9c735746738ada51dc1f1a7321cc7b8340205f,coarse,150,ClusterChain,2013,141,0,ClusterChain-K3-QCBO-coarse-seed2013,0,22.10478663444519
800,7de896507ae118b7d1384450b0b083dfe4394f072662ac60d2a136e4cd1e4137,K3,3348.377089174556,3.961808623521879,QCBO,False,2cf80d642bd67142232fcfac143de13c15d98725cea0c0a77b12d694fac63017,coarse,256,ClusterChain,2014,247,0,ClusterChain-K3-QCBO-coarse-seed2014,0,48.236666679382324
800,7de896507ae118b7d1384450b0b083dfe4394f072662ac60d2a136e4cd1e4137,K3,3250.401897640135,3.9711857610547243,QCBO,False,4ec9d63af74e61ad5ab8121d7ec1e6bf7d20ac97468864a210b0f290a2e3d7ed,coarse,152,ClusterChain,2015,143,0,ClusterChain-K3-QCBO-coarse-seed2015,0,24.12846851348877
800,7de896507ae118b7d1384450b0b083dfe4394f072662ac60d2a136e4cd1e4137,K3,3745.8642282072788,4.0527644202099085,QCBO,False,c26b643a2408126fdd57f3fa40534cfb1e2ca0fc7afcac37d65b7ce58ad5af71,coarse,224,ClusterChain,2016,215,0,ClusterChain-K3-QCBO-coarse-seed2016,0,37.18902373313904
800,7de896507ae118b7d1384450b0b083dfe4394f072662ac60d2a136e4cd1e4137,K3,3247.316254756487,3.9805532466883697,QCBO,False,c12a07bdfb6332697be2541f9bdac34e769ca5250eb8c6d34489dcd723c07457,coarse,149,ClusterChain,2017,140,0,ClusterChain-K3-QCBO-coarse-seed2017,0,21.454052448272705
800,7de896507ae118b7d1384450b0b083dfe4394f072662ac60d2a136e4cd1e4137,K3,3386.6712774191055,3.967914618245713,QCBO,False,0de0b3b19ee542dfb3eb1f54cdcb18941794254f61d723b184943edd017370c4,coarse,154,ClusterChain,2018,145,0,ClusterChain-K3-QCBO-coarse-seed2018,0,28.634737014770508
800,7de896507ae118b7d1384450b0b083dfe4394f072662ac60d2a136e4cd1e4137,K3,3654.723748590702,4.0818579753462965,QCBO,False,741b0e284016c45b293cba6433ee9f4e74a1179a782b4fe4bcdfefa2d9188b8b,coarse,152,ClusterChain,2019,143,0,ClusterChain-K3-QCBO-coarse-seed2019,0,20.531025648117065
800,7de896507ae118b7d1384450b0b083dfe4394f072662ac60d2a136e4cd1e4137,K3,3282.928912238616,3.970525217519664,QCBO,False,913982948d4c101cb9719ba78e790ab530564d06b070f0158c5758171142f219,coarse,151,ClusterChain,2020,142,0,ClusterChain-K3-QCBO-coarse-seed2020,0,21.23637557029724
800,7de896507ae118b7d1384450b0b083dfe4394f072662ac60d2a136e4cd1e4137,K3,3265.4427530501143,3.9638191137251564,QCBO,False,0dc02867c0e602a3db1102b06b7db7ca677820e8925adecb134ed41b4cee63e4,coarse,149,ClusterChain,2021,140,0,ClusterChain-K3-QCBO-coarse-seed2021,0,24.258243560791016
800,7de896507ae118b7d1384450b0b083dfe4394f072662ac60d2a136e4cd1e4137,K3,3251.9076563154504,3.9610451385484966,QCBO,False,f4c0b6956b0f9c29a7513365ca18cd49ea39fbc0c4a2372a21ddc0fa6b8c72f7,coarse,150,ClusterChain,2022,141,0,ClusterChain-K3-QCBO-coarse-seed2022,0,24.680745124816895
800,7de896507ae118b7d1384450b0b083dfe4394f072662ac60d2a136e4cd1e4137,K3,3286.567043693324,3.973718374086374,QCBO,False,76f6b9270a90a24af791864a9ccff8bf54607f7c212dd8d726188e5b1c38e55e,coarse,151,ClusterChain,2023,142,0,ClusterChain-K3-QCBO-coarse-seed2023,0,25.0865478515625
800,7de896507ae118b7d1384450b0b083dfe4394f072662ac60d2a136e4cd1e4137,K3,3293.621206812241,3.965453221219585,QCBO,False,6bceaf96787e7817cdad11ea1a53af75aebe2b3ebc20b8d9a8a724a76cf478ea,coarse,147,ClusterChain,2024,138,0,ClusterChain-K3-QCBO-coarse-seed2024,0,22.714035511016846
800,7de896507ae118b7d1384450b0b083dfe4394f072662ac60d2a136e4cd1e4137,K3,3336.4987480185814,3.962990816291261,QCBO,False,f2066487c61bccea9b6085a867b5fdd055a6a8cf0eeef2bd283c6139aa52288e,coarse,149,ClusterChain,2025,140,0,ClusterChain-K3-QCBO-coarse-seed2025,0,24.003485202789307
800,7de896507ae118b7d1384450b0b083dfe4394f072662ac60d2a136e4cd1e4137,K3,3263.1473208514826,3.96057990148997,QCBO,False,56ef366e7a288b01e860dfd3ce3d81d5afa602ba5001e4335aa8693c9361757a,coarse,151,ClusterChain,2026,142,0,ClusterChain-K3-QCBO-coarse-seed2026,0,22.138656854629517
800,7de896507ae118b7d1384450b0b083dfe4394f072662ac60d2a136e4cd1e4137,K3,3533.826914197407,4.103783082448441,QCBO,False,6843c8b93a05db5856fcf2053eef547ac069c8aedfc7fa2470885444b5ea1eaf,coarse,153,ClusterChain,2027,144,0,ClusterChain-K3-QCBO-coarse-seed2027,0,21.356863737106323
800,7de896507ae118b7d1384450b0b083dfe4394f072662ac60d2a136e4cd1e4137,K3,3253.774365946113,3.960882573896167,QCBO,False,7344d0630c4d534767b982960d46fb57ee3014acf2ba544d09c3bd5f5fe17ee2,coarse,151,ClusterChain,2028,142,0,ClusterChain-K3-QCBO-coarse-seed2028,0,20.770594120025635
800,7de896507ae118b7d1384450b0b083dfe4394f072662ac60d2a136e4cd1e4137,K3,3265.56437506346,3.9672634298103686,QCBO,False,e153eaf92d0862583adb10a8e0b74e5db3aaf0ad975c778b5ee961e8eaa85340,coarse,151,ClusterChain,2029,142,0,ClusterChain-K3-QCBO-coarse-seed2029,0,21.979608297348022
800,7de896507ae118b7d1384450b0b083dfe4394f072662ac60d2a136e4cd1e4137,K3,1131.3711852861486,1.252701511219507,QCBO,False,b7c186e223169dbab1f0a322cb5eeb5ae69e01a0969ad311b40bc035897a0709,pairs,189,ClusterChain,2000,168,0,ClusterChain-K3-QCBO-pairs-seed2000,0,38.5783314704895
800,7de896507ae118b7d1384450b0b083dfe4394f072662ac60d2a136e4cd1e4137,K3,1124.9508011026348,1.270505259694495,QCBO,False,9d005a0c4786bfcf65e2d9d0d1836f57e6d1942b32ad847c20e2c9bc9c60b67a,pairs,191,ClusterChain,2001,170,0,ClusterChain-K3-QCBO-pairs-seed2001,0,40.12992334365845
800,7de896507ae118b7d1384450b0b083dfe4394f072662ac60d2a136e4cd1e4137,K3,1749.8851190956404,1.2963370528992337,QCBO,False,4e340053dade88aaf91c8c6deef4c45a8f9344adb29939d6116ff4c2a48d37d5,pairs,186,ClusterChain,2002,165,0,ClusterChain-K3-QCBO-pairs-seed2002,0,43.02056384086609
800,7de896507ae118b7d1384450b0b083dfe4394f072662ac60d2a136e4cd1e4137,K3,1391.8660230267267,1.2881888815903912,QCBO,False,967d6c1f54b5d00830842f883c3e074492d9489ff372a84801884c33e100d4cf,pairs,185,ClusterChain,2003,164,0,ClusterChain-K3-QCBO-pairs-seed2003,0,39.918468713760376
800,7de896507ae118b7d1384450b0b083dfe4394f072662ac60d2a136e4cd1e4137,K3,1347.8134142519718,1.2688003186323238,QCBO,False,fe48b3c52ee35996054ee8de9a634a46666d7fb0bc423caee0d84de832d5585b,pairs,184,ClusterChain,2004,163,0,ClusterChain-K3-QCBO-pairs-seed2004,0,38.474218130111694
800,7de896507ae118b7d1384450b0b083dfe4394f072662ac60d2a136e4cd1e4137,K3,1106.45292709064,1.2649439623530871,QCBO,False,a381726b36eaeb765c608461e4a863a219be22e5fa5f7c8c13bed9c7bc80162f,pairs,188,ClusterChain,2005,167,0,ClusterChain-K3-QCBO-pairs-seed2005,0,40.112656593322754
800,7de896507ae118b7d1384450b0b083dfe4394f072662ac60d2a136e4cd1e4137,K3,1210.1545067377197,1.267501632533868,QCBO,False,bb708dce34dd42fcfbb28fcdc14b3da1f87ff8ab7ac0d8c1bcd9cdecb27448bd,pairs,188,ClusterChain,2006,167,0,ClusterChain-K3-QCBO-pairs-seed2006,0,45.94041705131531
800,7de896507ae118b7d1384450b0b083dfe4394f072662ac60d2a136e4cd1e4137,K3,1237.8766116960558,1.2615606984327983,QCBO,False,f757dbd32ac8377c3eb94a493985b47bd0a5d6d660d6893cc1482e95fc3b6922,pairs,187,ClusterChain,2007,166,0,ClusterChain-K3-QCBO-pairs-seed2007,0,41.00290513038635
800,7de896507ae118b7d1384450b0b083dfe4394f072662ac60d2a136e4cd1e4137,K3,1139.9729767050294,1.2629448719744663,QCBO,False,33fae087d26a42438644d1baf59bb577bf62075328f4e35cb7cce89652b7faa3,pairs,184,ClusterChain,2008,163,0,ClusterChain-K3-QCBO-pairs-seed2008,0,40.68773818016052
800,7de896507ae118b7d1384450b0b083dfe4394f072662ac60d2a136e4cd1e4137,K3,1314.398324037219,1.2542198799037072,QCBO,False,979ead175e112384f60fe2a83504d620c08a8777b2cc3e48ac38cae48c7f4ae7,pairs,187,ClusterChain,2009,166,0,ClusterChain-K3-QCBO-pairs-seed2009,0,41.856191873550415
800,7de896507ae118b7d1384450b0b083dfe4394f072662ac60d2a136e4cd1e4137,K3,1162.6714386912342,1.2510860610951813,QCBO,False,a7d00727ac8a09971335e8543f3c0c7891afe6b8dac4b34c49ea0125f0fd9800,pairs,189,ClusterChain,2010,168,0,ClusterChain-K3-QCBO-pairs-seed2010,0,40.77357053756714
800,7de896507ae118b7d1384450b0b083dfe4394f072662ac60d2a136e4cd1e4137,K3,1581.4829661976266,1.3888286700444572,QCBO,False,b992b88b97b2cc1e68ee3896f07a432fd965eccb33c83348e28e5e2e79efd67c,pairs,187,ClusterChain,2011,166,0,ClusterChain-K3-QCBO-pairs-seed2011,0,43.89631962776184
800,7de896507ae118b7d1384450b0b083dfe4394f072662ac60d2a136e4cd1e4137,K3,1099.828235254249,1.2558249895372533,QCBO,False,b72d261e3675764964dc52dff0b7ad5315675ae3f43d02a5ca66f176024589b0,pairs,188,ClusterChain,2012,167,0,ClusterChain-K3-QCBO-pairs-seed2012,0,39.319703578948975
800,7de896507ae118b7d1384450b0b083dfe4394f072662ac60d2a136e4cd1e4137,K3,1699.9659199972207,1.311278882487989,QCBO,False,85acd34be524542f3dfccf2b4c9c735746738ada51dc1f1a7321cc7b8340205f,pairs,186,ClusterChain,2013,165,0,ClusterChain-K3-QCBO-pairs-seed2013,0,43.48863363265991
800,7de896507ae118b7d1384450b0b083dfe4394f072662ac60d2a136e4cd1e4137,K3,2741.850869285563,1.4417443093994577,QCBO,False,2cf80d642bd67142232fcfac143de13c15d98725cea0c0a77b12d694fac63017,pairs,286,ClusterChain,2014,265,0,ClusterChain-K3-QCBO-pairs-seed2014,0,85.00233054161072
800,7de896507ae118b7d1384450b0b083dfe4394f072662ac60d2a136e4cd1e4137,K3,1149.3497202195592,1.2540269337303152,QCBO,False,4ec9d63af74e61ad5ab8121d7ec1e6bf7d20ac97468864a210b0f290a2e3d7ed,pairs,188,ClusterChain,2015,167,0,ClusterChain-K3-QCBO-pairs-seed2015,0,40.65301442146301
800,7de896507ae118b7d1384450b0b083dfe4394f072662ac60d2a136e4cd1e4137,K3,1747.1819790609359,1.3924080617006704,QCBO,False,c26b643a2408126fdd57f3fa40534cfb1e2ca0fc7afcac37d65b7ce58ad5af71,pairs,189,ClusterChain,2016,168,0,ClusterChain-K3-QCBO-pairs-seed2016,0,41.70153260231018
800,7de896507ae118b7d1384450b0b083dfe4394f072662ac60d2a136e4cd1e4137,K3,1127.173422362117,1.294473109004949,QCBO,False,c12a07bdfb6332697be2541f9bdac34e769ca5250eb8c6d34489dcd723c07457,pairs,189,ClusterChain,2017,168,0,ClusterChain-K3-QCBO-pairs-seed2017,0,39.949955224990845
800,7de896507ae118b7d1384450b0b083dfe4394f072662ac60d2a136e4cd1e4137,K3,1351.5130967208263,1.293896774204593,QCBO,False,0de0b3b19ee542dfb3eb1f54cdcb18941794254f61d723b184943edd017370c4,pairs,196,ClusterChain,2018,175,0,ClusterChain-K3-QCBO-pairs-seed2018,0,41.980637550354004
800,7de896507ae118b7d1384450b0b083dfe4394f072662ac60d2a136e4cd1e4137,K3,1073.4784527909749,1.2691436572063812,QCBO,False,741b0e284016c45b293cba6433ee9f4e74a1179a782b4fe4bcdfefa2d9188b8b,pairs,193,ClusterChain,2019,172,0,ClusterChain-K3-QCBO-pairs-seed2019,0,41.109867095947266
800,7de896507ae118b7d1384450b0b083dfe4394f072662ac60d2a136e4cd1e4137,K3,1377.9728666017713,1.3092063826435625,QCBO,False,913982948d4c101cb9719ba78e790ab530564d06b070f0158c5758171142f219,pairs,188,ClusterChain,2020,167,0,ClusterChain-K3-QCBO-pairs-seed2020,0,39.134222984313965
800,7de896507ae118b7d1384450b0b083dfe4394f072662ac60d2a136e4cd1e4137,K3,1146.6877417795286,1.2716665458115006,QCBO,False,0dc02867c0e602a3db1102b06b7db7ca677820e8925adecb134ed41b4cee63e4,pairs,189,ClusterChain,2021,168,0,ClusterChain-K3-QCBO-pairs-seed2021,0,40.848469972610474
800,7de896507ae118b7d1384450b0b083dfe4394f072662ac60d2a136e4cd1e4137,K3,1126.5985878816623,1.2559439765207387,QCBO,False,f4c0b6956b0f9c29a7513365ca18cd49ea39fbc0c4a2372a21ddc0fa6b8c72f7,pairs,188,ClusterChain,2022,167,0,ClusterChain-K3-QCBO-pairs-seed2022,0,39.98939895629883
800,7de896507ae118b7d1384450b0b083dfe4394f072662ac60d2a136e4cd1e4137,K3,1902.2981835652527,1.2589595153592146,QCBO,False,76f6b9270a90a24af791864a9ccff8bf54607f7c212dd8d726188e5b1c38e55e,pairs,187,ClusterChain,2023,166,0,ClusterChain-K3-QCBO-pairs-seed2023,0,41.79868698120117
800,7de896507ae118b7d1384450b0b083dfe4394f072662ac60d2a136e4cd1e4137,K3,1105.1992889544167,1.261699875922177,QCBO,False,6bceaf96787e7817cdad11ea1a53af75aebe2b3ebc20b8d9a8a724a76cf478ea,pairs,187,ClusterChain,2024,166,0,ClusterChain-K3-QCBO-pairs-seed2024,0,41.130420446395874
800,7de896507ae118b7d1384450b0b083dfe4394f072662ac60d2a136e4cd1e4137,K3,1587.2332702472672,1.255984959897397,QCBO,False,f2066487c61bccea9b6085a867b5fdd055a6a8cf0eeef2bd283c6139aa52288e,pairs,189,ClusterChain,2025,168,0,ClusterChain-K3-QCBO-pairs-seed2025,0,42.89666485786438
800,7de896507ae118b7d1384450b0b083dfe4394f072662ac60d2a136e4cd1e4137,K3,1774.4053094681335,1.3469493486995072,QCBO,False,56ef366e7a288b01e860dfd3ce3d81d5afa602ba5001e4335aa8693c9361757a,pairs,187,ClusterChain,2026,166,0,ClusterChain-K3-QCBO-pairs-seed2026,0,40.80789494514465
800,7de896507ae118b7d1384450b0b083dfe4394f072662ac60d2a136e4cd1e4137,K3,1135.8444355456793,1.298079629302044,QCBO,False,6843c8b93a05db5856fcf2053eef547ac069c8aedfc7fa2470885444b5ea1eaf,pairs,189,ClusterChain,2027,168,0,ClusterChain-K3-QCBO-pairs-seed2027,0,40.81267189979553
800,7de896507ae118b7d1384450b0b083dfe4394f072662ac60d2a136e4cd1e4137,K3,1149.6591665625333,1.2622811213033502,QCBO,False,7344d0630c4d534767b982960d46fb57ee3014acf2ba544d09c3bd5f5fe17ee2,pairs,189,ClusterChain,2028,168,0,ClusterChain-K3-QCBO-pairs-seed2028,0,41.591007232666016
800,7de896507ae118b7d1384450b0b083dfe4394f072662ac60d2a136e4cd1e4137,K3,1339.3974411953905,1.2549739994193296,QCBO,False,e153eaf92d0862583adb10a8e0b74e5db3aaf0ad975c778b5ee961e8eaa85340,pairs,188,ClusterChain,2029,167,0,ClusterChain-K3-QCBO-pairs-seed2029,0,40.60562491416931
