actual_cost,code_identity,cond,cost_integrated_recommendation_regret,final_recommendation_regret,method,null_recommended_final,observational_sha256,partition,purchases,scm,seed,sequential_purchases,split_cost,unit_id,unspent,wall_seconds
100,7de896507ae118b7d1384450b0b083dfe4394f072662ac60d2a136e4cd1e4137,B0,31.782408917663656,0.0021671595675760713,BO-S,False,d5f0afd31219ecd3c96b5a9f4a56e204ed6b0861383ce86d5807b1cb02845e6f,fine,63,FrontDoor,2000,54,0,FrontDoor-B0-BO-S-seed2000,0,3.205185651779175
100,7de896507ae118b7d1384450b0b083dfe4394f072662ac60d2a136e4cd1e4137,B0,21.871795258751966,0.00020270635282138016,BO-S,False,b23b847495d9c03add0cba56d3b643ad97fa378824f61e0d19642866cc7c3984,fine,63,FrontDoor,2001,54,0,FrontDoor-B0-BO-S-seed2001,0,3.166191816329956
100,7de896507ae118b7d1384450b0b083dfe4394f072662ac60d2a136e4cd1e4137,B0,6.76563697711136,0.001983171946667417,BO-S,False,c3412213fb20ad6d46839f8b0c9af8f19b747ccd65229e708a5bc5b8a1e9dc40,fine,63,FrontDoor,2002,54,0,FrontDoor-B0-BO-S-seed2002,0,3.1517324447631836
100,7de896507ae118b7d1384450b0b083dfe4394f072662ac60d2a136e4cd1e4137,B0,27.701478992512047,2.038371819090834e-05,BO-S,False,0cd0d758220094ddeca8126e71619a318330ffea59062ecad27ab60f427eb26e,fine,67,FrontDoor,2003,58,0,FrontDoor-B0-BO-S-seed2003,0,3.489180326461792
100,7de896507ae118b7d1384450b0b083dfe4394f072662ac60d2a136e4cd1e4137,B0,9.361507738316405,0.001915423175923081,BO-S,False,567cee2a9db78c3d59878f2ca9c2e5d3925bc24fd8274528c9dbc0fa5cdab2b2,fine,67,FrontDoor,2004,58,0,FrontDoor-B0-BO-S-seed2004,0,3.1417903900146484
100,7de896507ae118b7d1384450b0b083dfe4394f072662ac60d2a136e4cd1e4137,B0,25.533616115763092,0.0003794280512430248,BO-S,False,c30c4d181bd4dff8ceabaa6d6da4f4df761768ad236ca5cc5a4c1ac709bdb709,fine,64,FrontDoor,2005,55,0,FrontDoor-B0-BO-S-seed2005,0,3.1729114055633545
100,7de896507ae118b7d1384450b0b083dfe4394f072662ac60d2a136e4cd1e4137,B0,0.00791171271553237,7.833378926269674e-05,BO-S,False,63a5886a7efcb0a3497fffaf593ae0d634c38d53992d7332087f9cdafe92048e,fine,66,FrontDoor,2006,57,0,FrontDoor-B0-BO-S-seed2006,0,3.2950456142425537
100,7de896507ae118b7d1384450b0b083dfe4394f072662ac60d2a136e4cd1e4137,B0,5.214932597524364,1.0508487859883786e-06,BO-S,False,d0d207666b3f11e024e45431f1c86098a6f1969b5f20405b3463edac43329e89,fine,65,FrontDoor,2007,56,0,FrontDoor-B0-BO-S-seed2007,0,3.0318098068237305
100,7de896507ae118b7d1384450b0b083dfe4394f072662ac60d2a136e4cd1e4137,B0,20.2963861314076,0.0019409568338701888,BO-S,False,610522ecacbf1a96ed1dce8f091b77345a86ec80cc2146d8931efddab47aac92,fine,63,FrontDoor,2008,54,0,FrontDoor-B0-BO-S-seed2008,0,2.937825918197632
100,7de896507ae118b7d1384450b0b083dfe4394f072662ac60d2a136e4cd1e4137,B0,26.690494615516023,0.00613518517230216,BO-S,False,69d1161d5d80209585f17fbbb7f91d7b2a9be28b50a3b618712f9e135dd89344,fine,63,FrontDoor,2009,54,0,FrontDoor-B0-BO-S-seed2009,0,2.993227243423462
100,7de896507ae118b7d1384450b0b083dfe4394f072662ac60d2a136e4cd1e4137,B0,37.25191502561493,0.010442454414873126,BO-S,False,1960a51e06480e3e077261267dd3580c2a40daab19a23a7abeb44912d9fa1130,fine,63,FrontDoor,2010,54,0,FrontDoor-B0-BO-S-seed2010,0,3.677973985671997
100,7de896507ae118b7d1384450b0b083dfe4394f072662ac60d2a136e4cd1e4137,B0,7.645224774998296,4.1453601146823615e-05,BO-S,False,e3ea17109cf3297b854a4975ea826a415654629562e814628f560c8185c78f4b,fine,64,FrontDoor,2011,55,0,FrontDoor-B0-BO-S-seed2011,0,3.186333417892456
100,7de896507ae118b7d1384450b0b083dfe4394f072662ac60d2a136e4cd1e4137,B0,0.13599405196418424,0.0013464757620216261,BO-S,False,1e83f9ff3c6d4d3154c304be92acc02f1e2d93faf84a665ec1d1634b12e22530,fine,66,FrontDoor,2012,57,0,FrontDoor-B0-BO-S-seed2012,0,3.1462972164154053
100,7de896507ae118b7d1384450b0b083dfe4394f072662ac60d2a136e4cd1e4137,B0,20.808818486381565,3.3726925209309755e-05,BO-S,False,d070ad7dc7a16858df2d16975f5c89868ad4963f234c8dbf35fc3b95581e39c3,fine,63,FrontDoor,2013,54,0,FrontDoor-B0-BO-S-seed2013,0,3.201723098754883
100,7de896507ae118b7d1384450b0b083dfe4394f072662ac60d2a136e4cd1e4137,B0,37.852514029944466,0.00010505135305538538,BO-S,False,9ea5fe42541351025fcc948bd94c0266350dd65f8c9727531e3f31fc2262d754,fine,64,FrontDoor,2014,55,0,FrontDoor-B0-BO-S-seed2014,0,3.1029701232910156
100,7de896507ae118b7d1384450b0b083dfe4394f072662ac60d2a136e4cd1e4137,B0,0.35143077803815026,1.2845540527495203e-05,BO-S,False,f46029dd3dc136a7444c5e7cdf2ec89aefcc34d05d7972dcfb5ea6e73720238c,fine,66,FrontDoor,2015,57,0,FrontDoor-B0-BO-S-seed2015,0,2.995525598526001
100,7de896507ae118b7d1384450b0b083dfe4394f072662ac60d2a136e4cd1e4137,B0,16.96611995697467,0.00011137031543939635,BO-S,False,35dcc59012942314e3174ab235b3bd90c8746653203066d22027130251d04f99,fine,63,FrontDoor,2016,54,0,FrontDoor-B0-BO-S-seed2016,0,3.164416551589966
100,7de896507ae118b7d1384450b0b083dfe4394f072662ac60d2a136e4cd1e4137,B0,31.095905699176356,0.0035827497611269354,BO-S,False,365fab64eeacc4a68ad67dcd383460fb8d8b40dc96387d91240fa619080fe99c,fine,64,FrontDoor,2017,55,0,FrontDoor-B0-BO-S-seed2017,0,3.197862148284912
100,7de896507ae118b7d1384450b0b083dfe4394f072662ac60d2a136e4cd1e4137,B0,4.113643702770887,0.0002751909568656785,BO-S,False,f06211a13edcdae90bc0e5d8a9adcd3edec97c419971a72151a0137ab26370ad,fine,64,FrontDoor,2018,55,0,FrontDoor-B0-BO-S-seed2018,0,3.242591142654419
100,7de896507ae118b7d1384450b0b083dfe4394f072662ac60d2a136e4cd1e4137,B0,16.324370280662432,0.0024314036197181643,BO-S,False,c86dc52793f3af7b34e09a2d2a47a4f8902db275bff9805fd75f0cfc336785e0,fine,64,FrontDoor,2019,55,0,FrontDoor-B0-BO-S-seed2019,0,3.146451234817505
100,7de896507ae118b7d1384450b0b083dfe4394f072662ac60d2a136e4cd1e4137,B0,10.705276814545657,0.003330215786748747,BO-S,False,60e8bca2fdd419292c193c61cdaaeacb2017c6d60be5af0d35965bcf905cfb56,fine,63,FrontDoor,2020,54,0,FrontDoor-B0-BO-S-seed2020,0,3.126203775405884
100,7de896507ae118b7d1384450b0b083dfe4394f072662ac60d2a136e4cd1e4137,B0,22.65045870644623,3.1843832568601016e-06,BO-S,False,2c2e9fdf994dee7f91a3131a8f6c9e3a17790b365a3c89e779b6d2eb91ecdc6d,fine,64,FrontDoor,2021,55,0,FrontDoor-B0-BO-S-seed2021,0,3.1595089435577393
100,7de896507ae118b7d1384450b0b083dfe4394f072662ac60d2a136e4cd1e4137,B0,2.6913930554534575,0.0009608806491792077,BO-S,False,428958ae86f3db2d891c463cf4c9de9598891a27386257e5cdce5d3e49c1c0ca,fine,64,FrontDoor,2022,55,0,FrontDoor-B0-BO-S-seed2022,0,3.034527540206909
100,7de896507ae118b7d1384450b0b083dfe4394f072662ac60d2a136e4cd1e4137,B0,38.73652364503187,0.0008305213761281571,BO-S,False,464e46d9c0e867e79de9f888e6b27a67b5e9c72e711d9ec04b72d1bb40ddb9e1,fine,65,FrontDoor,2023,56,0,FrontDoor-B0-BO-S-seed2023,0,3.2821271419525146
100,7de896507ae118b7d1384450b0b083dfe4394f072662ac60d2a136e4cd1e4137,B0,23.8737176525151,0.0016608753335782822,BO-S,False,52db97774037fb7e5fd8a7f959ff9c86e5ef36ada3381516053097a367822d16,fine,63,FrontDoor,2024,54,0,FrontDoor-B0-BO-S-seed2024,0,3.57519793510437
100,7de896507ae118b7d1384450b0b083dfe4394f072662ac60d2a136e4cd1e4137,B0,3.446691984335592,0.00017772162474205544,BO-S,False,81a0eacaa70686b034f6b9faba0ba320db1e85f385972081cc0a345d6a19bc74,fine,66,FrontDoor,2025,57,0,FrontDoor-B0-BO-S-seed2025,0,3.221026659011841
100,7de896507ae118b7d1384450b0b083dfe4394f072662ac60d2a136e4cd1e4137,B0,8.296943206068857,6.414258183307098e-05,BO-S,False,aaa585042ed84d352b74510d82b84e6d90b9f8d153159828ef7ca79900258e9e,fine,65,FrontDoor,2026,56,0,FrontDoor-B0-BO-S-seed2026,0,3.1633431911468506
100,7de896507ae118b7d1384450b0b083dfe4394f072662ac60d2a136e4cd1e4137,B0,31.046010022316743,0.0003803824249981602,BO-S,False,5a7f0a53a509cc34202e551f6beb82fb915f06ce1241b532d4c9e13a88e8b165,fine,63,FrontDoor,2027,54,0,FrontDoor-B0-BO-S-seed2027,0,3.2501327991485596
100,7de896507ae118b7d1384450b0b083dfe4394f072662ac60d2a136e4cd1e4137,B0,16.62969351555212,0.0014995938798521014,BO-S,False,5fad0d08d3f34fee2f0b5ffb0cfa8ada2e8c884a3a70b544e4ce13ea14dcbfbc,fine,64,FrontDoor,2028,55,0,FrontDoor-B0-BO-S-seed2028,0,3.2813494205474854
100,7de896507ae118b7d1384450b0b083dfe4394f072662ac60d2a136e4cd1e4137,B0,1.5381520283311332,0.006854248687205633,BO-S,False,007f9d572126320c5beb14ad2ea3993cb34e81e649dfe93f02621bff748eb758,fine,63,FrontDoor,2029,54,0,FrontDoor-B0-BO-S-seed2029,0,3.0992658138275146
100,7de896507ae118b7d1384450b0b083dfe4394f072662ac60d2a136e4cd1e4137,B0,165.37583748442097,1.6373845295487255,BO,True,d5f0afd31219ecd3c96b5a9f4a56e204ed6b0861383ce86d5807b1cb02845e6f,fine,53,FrontDoor,2000,50,0,FrontDoor-B0-BO-seed2000,0,2.2850112915039062
100,7de896507ae118b7d1384450b0b083dfe4394f072662ac60d2a136e4cd1e4137,B0,50.29456063440849,0.0027317850945793865,BO,False,b23b847495d9c03add0cba56d3b643ad97fa378824f61e0d19642866cc7c3984,fine,53,FrontDoor,2001,50,0,FrontDoor-B0-BO-seed2001,0,2.478393316268921
100,7de896507ae118b7d1384450b0b083dfe4394f072662ac60d2a136e4cd1e4137,B0,11.63583787396211,0.0006241705531104813,BO,False,c3412213fb20ad6d46839f8b0c9af8f19b747ccd65229e708a5bc5b8a1e9dc40,fine,53,FrontDoor,2002,50,0,FrontDoor-B0-BO-seed2002,0,2.3830058574676514
100,7de896507ae118b7d1384450b0b083dfe4394f072662ac60d2a136e4cd1e4137,B0,29.582354408068113,2.642207105618688e-05,BO,False,0cd0d758220094ddeca8126e71619a318330ffea59062ecad27ab60f427eb26e,fine,53,FrontDoor,2003,50,0,FrontDoor-B0-BO-seed2003,0,2.483097791671753
100,7de896507ae118b7d1384450b0b083dfe4394f072662ac60d2a136e4cd1e4137,B0,3.068889040710358,0.00037897854838386813,BO,False,567cee2a9db78c3d59878f2ca9c2e5d3925bc24fd8274528c9dbc0fa5cdab2b2,fine,53,FrontDoor,2004,50,0,FrontDoor-B0-BO-seed2004,0,2.6904356479644775
100,7de896507ae118b7d1384450b0b083dfe4394f072662ac60d2a136e4cd1e4137,B0,24.660583163574238,3.6203388675826176e-05,BO,False,c30c4d181bd4dff8ceabaa6d6da4f4df761768ad236ca5cc5a4c1ac709bdb709,fine,53,FrontDoor,2005,50,0,FrontDoor-B0-BO-seed2005,0,2.469522476196289
100,7de896507ae118b7d1384450b0b083dfe4394f072662ac60d2a136e4cd1e4137,B0,27.00414048049306,1.960772499254304e-06,BO,False,63a5886a7efcb0a3497fffaf593ae0d634c38d53992d7332087f9cdafe92048e,fine,53,FrontDoor,2006,50,0,FrontDoor-B0-BO-seed2006,0,2.4667458534240723
100,7de896507ae118b7d1384450b0b083dfe4394f072662ac60d2a136e4cd1e4137,B0,5.823537013064496,0.012310993975769735,BO,False,d0d207666b3f11e024e45431f1c86098a6f1969b5f20405b3463edac43329e89,fine,53,FrontDoor,2007,50,0,FrontDoor-B0-BO-seed2007,0,2.649243116378784
100,7de896507ae118b7d1384450b0b083dfe4394f072662ac60d2a136e4cd1e4137,B0,165.37583748442097,1.6373845295487255,BO,True,610522ecacbf1a96ed1dce8f091b77345a86ec80cc2146d8931efddab47aac92,fine,53,FrontDoor,2008,50,0,FrontDoor-B0-BO-seed2008,0,2.6366989612579346
100,7de896507ae118b7d1384450b0b083dfe4394f072662ac60d2a136e4cd1e4137,B0,165.37583748442097,1.6373845295487255,BO,True,69d1161d5d80209585f17fbbb7f91d7b2a9be28b50a3b618712f9e135dd89344,fine,53,FrontDoor,2009,50,0,FrontDoor-B0-BO-seed2009,0,2.3424465656280518
100,7de896507ae118b7d1384450b0b083dfe4394f072662ac60d2a136e4cd1e4137,B0,17.692618275812592,0.007397309932590357,BO,False,1960a51e06480e3e077261267dd3580c2a40daab19a23a7abeb44912d9fa1130,fine,53,FrontDoor,2010,50,0,FrontDoor-B0-BO-seed2010,0,2.551696300506592
100,7de896507ae118b7d1384450b0b083dfe4394f072662ac60d2a136e4cd1e4137,B0,35.48371870534372,0.00041103711661905074,BO,False,e3ea17109cf3297b854a4975ea826a415654629562e814628f560c8185c78f4b,fine,53,FrontDoor,2011,50,0,FrontDoor-B0-BO-seed2011,0,2.4884531497955322
100,7de896507ae118b7d1384450b0b083dfe4394f072662ac60d2a136e4cd1e4137,B0,9.498238345786465,8.23795699878005e-06,BO,False,1e83f9ff3c6d4d3154c304be92acc02f1e2d93faf84a665ec1d1634b12e22530,fine,53,FrontDoor,2012,50,0,FrontDoor-B0-BO-seed2012,0,2.5498714447021484
100,7de896507ae118b7d1384450b0b083dfe4394f072662ac60d2a136e4cd1e4137,B0,22.17304722463221,0.0013132063416210205,BO,False,d070ad7dc7a16858df2d16975f5c89868ad4963f234c8dbf35fc3b95581e39c3,fine,53,FrontDoor,2013,50,0,FrontDoor-B0-BO-seed2013,0,2.5087673664093018
100,7de896507ae118b7d1384450b0b083dfe4394f072662ac60d2a136e4cd1e4137,B0,19.040051545070988,0.029298969775647166,BO,False,9ea5fe42541351025fcc948bd94c0266350dd65f8c9727531e3f31fc2262d754,fine,53,FrontDoor,2014,50,0,FrontDoor-B0-BO-seed2014,0,3.7221081256866455
100,7de896507ae118b7d1384450b0b083dfe4394f072662ac60d2a136e4cd1e4137,B0,43.89337212574205,0.0027140631260071935,BO,False,f46029dd3dc136a7444c5e7cdf2ec89aefcc34d05d7972dcfb5ea6e73720238c,fine,53,FrontDoor,2015,50,0,FrontDoor-B0-BO-seed2015,0,2.476059913635254
100,7de896507ae118b7d1384450b0b083dfe4394f072662ac60d2a136e4cd1e4137,B0,27.67614176448315,0.0012037354285818758,BO,False,35dcc59012942314e3174ab235b3bd90c8746653203066d22027130251d04f99,fine,53,FrontDoor,2016,50,0,FrontDoor-B0-BO-seed2016,0,2.6795613765716553
100,7de896507ae118b7d1384450b0b083dfe4394f072662ac60d2a136e4cd1e4137,B0,165.37583748442097,1.6373845295487255,BO,True,365fab64eeacc4a68ad67dcd383460fb8d8b40dc96387d91240fa619080fe99c,fine,53,FrontDoor,2017,50,0,FrontDoor-B0-BO-seed2017,0,2.2502472400665283
100,7de896507ae118b7d1384450b0b083dfe4394f072662ac60d2a136e4cd1e4137,B0,5.67851159046851,0.0001427780184497518,BO,False,f06211a13edcdae90bc0e5d8a9adcd3edec97c419971a72151a0137ab26370ad,fine,53,FrontDoor,2018,50,0,FrontDoor-B0-BO-seed2018,0,2.4089059829711914
100,7de896507ae118b7d1384450b0b083dfe4394f072662ac60d2a136e4cd1e4137,B0,165.37583748442097,1.6373845295487255,BO,True,c86dc52793f3af7b34e09a2d2a47a4f8902db275bff9805fd75f0cfc336785e0,fine,53,FrontDoor,2019,50,0,FrontDoor-B0-BO-seed2019,0,2.2397847175598145
100,7de896507ae118b7d1384450b0b083dfe4394f072662ac60d2a136e4cd1e4137,B0,13.583332860096121,0.0001941730794154939,BO,False,60e8bca2fdd419292c193c61cdaaeacb2017c6d60be5af0d35965bcf905cfb56,fine,53,FrontDoor,2020,50,0,FrontDoor-B0-BO-seed2020,0,2.4375617504119873
100,7de896507ae118b7d1384450b0b083dfe4394f072662ac60d2a136e4cd1e4137,B0,21.463260824985117,0.0007393486812514727,BO,False,2c2e9fdf994dee7f91a3131a8f6c9e3a17790b365a3c89e779b6d2eb91ecdc6d,fine,53,FrontDoor,2021,50,0,FrontDoor-B0-BO-seed2021,0,2.7348742485046387
100,7de896507ae118b7d1384450b0b083dfe4394f072662ac60d2a136e4cd1e4137,B0,16.835684390998722,0.0009923355906888975,BO,False,428958ae86f3db2d891c463cf4c9de9598891a27386257e5cdce5d3e49c1c0ca,fine,53,FrontDoor,2022,50,0,FrontDoor-B0-BO-seed2022,0,2.4808318614959717
100,7de896507ae118b7d1384450b0b083dfe4394f072662ac60d2a136e4cd1e4137,B0,165.37583748442097,1.6373845295487255,BO,True,464e46d9c0e867e79de9f888e6b27a67b5e9c72e711d9ec04b72d1bb40ddb9e1,fine,53,FrontDoor,2023,50,0,FrontDoor-B0-BO-seed2023,0,2.3615472316741943
100,7de896507ae118b7d1384450b0b083dfe4394f072662ac60d2a136e4cd1e4137,B0,10.564427694610332,0.0071705273956153,BO,False,52db97774037fb7e5fd8a7f959ff9c86e5ef36ada3381516053097a367822d16,fine,53,FrontDoor,2024,50,0,FrontDoor-B0-BO-seed2024,0,2.5489838123321533
100,7de896507ae118b7d1384450b0b083dfe4394f072662ac60d2a136e4cd1e4137,B0,20.935504218223997,0.003801663584191095,BO,False,81a0eacaa70686b034f6b9faba0ba320db1e85f385972081cc0a345d6a19bc74,fine,53,FrontDoor,2025,50,0,FrontDoor-B0-BO-seed2025,0,2.4370381832122803
100,7de896507ae118b7d1384450b0b083dfe4394f072662ac60d2a136e4cd1e4137,B0,39.41412704058957,1.5935919972509538e-06,BO,False,aaa585042ed84d352b74510d82b84e6d90b9f8d153159828ef7ca79900258e9e,fine,53,FrontDoor,2026,50,0,FrontDoor-B0-BO-seed2026,0,2.4593746662139893
100,7de896507ae118b7d1384450b0b083dfe4394f072662ac60d2a136e4cd1e4137,B0,29.147182163228702,0.023878379333271527,BO,False,5a7f0a53a509cc34202e551f6beb82fb915f06ce1241b532d4c9e13a88e8b165,fine,53,FrontDoor,2027,50,0,FrontDoor-B0-BO-seed2027,0,2.437749147415161
100,7de896507ae118b7d1384450b0b083dfe4394f072662ac60d2a136e4cd1e4137,B0,165.37583748442097,1.6373845295487255,BO,True,5fad0d08d3f34fee2f0b5ffb0cfa8ada2e8c884a3a70b544e4ce13ea14dcbfbc,fine,53,FrontDoor,2028,50,0,FrontDoor-B0-BO-seed2028,0,2.3082170486450195
100,7de896507ae118b7d1384450b0b083dfe4394f072662ac60d2a136e4cd1e4137,B0,1.199492414638667,0.00029529493671254237,BO,False,007f9d572126320c5beb14ad2ea3993cb34e81e649dfe93f02621bff748eb758,fine,53,FrontDoor,2029,50,0,FrontDoor-B0-BO-seed2029,0,2.5369317531585693
100,7de896507ae118b7d1384450b0b083dfe4394f072662ac60d2a136e4cd1e4137,B0,10.157089451654766,2.3889045929204045e-05,CBO-FALLBACK,False,d5f0afd31219ecd3c96b5a9f4a56e204ed6b0861383ce86d5807b1cb02845e6f,fine,106,FrontDoor,2000,100,0,FrontDoor-B0-CBO-FALLBACK-seed2000,0,4.495906591415405
100,7de896507ae118b7d1384450b0b083dfe4394f072662ac60d2a136e4cd1e4137,B0,6.659750445740274,2.9383593529441754e-06,CBO-FALLBACK,False,b23b847495d9c03add0cba56d3b643ad97fa378824f61e0d19642866cc7c3984,fine,106,FrontDoor,2001,100,0,FrontDoor-B0-CBO-FALLBACK-seed2001,0,4.512158632278442
100,7de896507ae118b7d1384450b0b083dfe4394f072662ac60d2a136e4cd1e4137,B0,8.466824327702104,0.0010398374629942975,CBO-FALLBACK,False,c3412213fb20ad6d46839f8b0c9af8f19b747ccd65229e708a5bc5b8a1e9dc40,fine,106,FrontDoor,2002,100,0,FrontDoor-B0-CBO-FALLBACK-seed2002,0,4.434199571609497
100,7de896507ae118b7d1384450b0b083dfe4394f072662ac60d2a136e4cd1e4137,B0,5.664496257138771,4.049808722150772e-06,CBO-FALLBACK,False,0cd0d758220094ddeca8126e71619a318330ffea59062ecad27ab60f427eb26e,fine,106,FrontDoor,2003,100,0,FrontDoor-B0-CBO-FALLBACK-seed2003,0,4.417197227478027
100,7de896507ae118b7d1384450b0b083dfe4394f072662ac60d2a136e4cd1e4137,B0,1.9365721895100843,0.002104656685576911,CBO-FALLBACK,False,567cee2a9db78c3d59878f2ca9c2e5d3925bc24fd8274528c9dbc0fa5cdab2b2,fine,106,FrontDoor,2004,100,0,FrontDoor-B0-CBO-FALLBACK-seed2004,0,4.611722707748413
100,7de896507ae118b7d1384450b0b083dfe4394f072662ac60d2a136e4cd1e4137,B0,3.959662746433639,0.00015407347855433962,CBO-FALLBACK,False,c30c4d181bd4dff8ceabaa6d6da4f4df761768ad236ca5cc5a4c1ac709bdb709,fine,106,FrontDoor,2005,100,0,FrontDoor-B0-CBO-FALLBACK-seed2005,0,4.396104574203491
100,7de896507ae118b7d1384450b0b083dfe4394f072662ac60d2a136e4cd1e4137,B0,0.00791171271553237,7.833378926269674e-05,CBO-FALLBACK,False,63a5886a7efcb0a3497fffaf593ae0d634c38d53992d7332087f9cdafe92048e,fine,106,FrontDoor,2006,100,0,FrontDoor-B0-CBO-FALLBACK-seed2006,0,4.2580246925354
100,7de896507ae118b7d1384450b0b083dfe4394f072662ac60d2a136e4cd1e4137,B0,6.459956170293111,1.964021395961524e-06,CBO-FALLBACK,False,d0d207666b3f11e024e45431f1c86098a6f1969b5f20405b3463edac43329e89,fine,106,FrontDoor,2007,100,0,FrontDoor-B0-CBO-FALLBACK-seed2007,0,4.339144468307495
100,7de896507ae118b7d1384450b0b083dfe4394f072662ac60d2a136e4cd1e4137,B0,9.10660589192189,0.001240204137032519,CBO-FALLBACK,False,610522ecacbf1a96ed1dce8f091b77345a86ec80cc2146d8931efddab47aac92,fine,106,FrontDoor,2008,100,0,FrontDoor-B0-CBO-FALLBACK-seed2008,0,4.351049423217773
100,7de896507ae118b7d1384450b0b083dfe4394f072662ac60d2a136e4cd1e4137,B0,10.142195983167335,0.0005226538516172052,CBO-FALLBACK,False,69d1161d5d80209585f17fbbb7f91d7b2a9be28b50a3b618712f9e135dd89344,fine,106,FrontDoor,2009,100,0,FrontDoor-B0-CBO-FALLBACK-seed2009,0,4.441514015197754
100,7de896507ae118b7d1384450b0b083dfe4394f072662ac60d2a136e4cd1e4137,B0,9.776375933381743,0.0001649702889521265,CBO-FALLBACK,False,1960a51e06480e3e077261267dd3580c2a40daab19a23a7abeb44912d9fa1130,fine,106,FrontDoor,2010,100,0,FrontDoor-B0-CBO-FALLBACK-seed2010,0,4.474517822265625
100,7de896507ae118b7d1384450b0b083dfe4394f072662ac60d2a136e4cd1e4137,B0,6.37945224240744,0.003148816769881435,CBO-FALLBACK,False,e3ea17109cf3297b854a4975ea826a415654629562e814628f560c8185c78f4b,fine,106,FrontDoor,2011,100,0,FrontDoor-B0-CBO-FALLBACK-seed2011,0,4.413391590118408
100,7de896507ae118b7d1384450b0b083dfe4394f072662ac60d2a136e4cd1e4137,B0,0.11237861127333049,0.0010553974764491159,CBO-FALLBACK,False,1e83f9ff3c6d4d3154c304be92acc02f1e2d93faf84a665ec1d1634b12e22530,fine,106,FrontDoor,2012,100,0,FrontDoor-B0-CBO-FALLBACK-seed2012,0,4.230812311172485
100,7de896507ae118b7d1384450b0b083dfe4394f072662ac60d2a136e4cd1e4137,B0,13.832191491617838,8.349841162158533e-05,CBO-FALLBACK,False,d070ad7dc7a16858df2d16975f5c89868ad4963f234c8dbf35fc3b95581e39c3,fine,106,FrontDoor,2013,100,0,FrontDoor-B0-CBO-FALLBACK-seed2013,0,4.459641933441162
100,7de896507ae118b7d1384450b0b083dfe4394f072662ac60d2a136e4cd1e4137,B0,10.249773893851602,1.3216046921282754e-05,CBO-FALLBACK,False,9ea5fe42541351025fcc948bd94c0266350dd65f8c9727531e3f31fc2262d754,fine,106,FrontDoor,2014,100,0,FrontDoor-B0-CBO-FALLBACK-seed2014,0,4.348271608352661
100,7de896507ae118b7d1384450b0b083dfe4394f072662ac60d2a136e4cd1e4137,B0,0.11235758843590649,0.00031294391359026896,CBO-FALLBACK,False,f46029dd3dc136a7444c5e7cdf2ec89aefcc34d05d7972dcfb5ea6e73720238c,fine,106,FrontDoor,2015,100,0,FrontDoor-B0-CBO-FALLBACK-seed2015,0,4.528083801269531
100,7de896507ae118b7d1384450b0b083dfe4394f072662ac60d2a136e4cd1e4137,B0,9.202333396930111,0.0019963588044937808,CBO-FALLBACK,False,35dcc59012942314e3174ab235b3bd90c8746653203066d22027130251d04f99,fine,106,FrontDoor,2016,100,0,FrontDoor-B0-CBO-FALLBACK-seed2016,0,4.261549711227417
100,7de896507ae118b7d1384450b0b083dfe4394f072662ac60d2a136e4cd1e4137,B0,9.367283409815068,0.001686162226865573,CBO-FALLBACK,False,365fab64eeacc4a68ad67dcd383460fb8d8b40dc96387d91240fa619080fe99c,fine,106,FrontDoor,2017,100,0,FrontDoor-B0-CBO-FALLBACK-seed2017,0,4.662810802459717
100,7de896507ae118b7d1384450b0b083dfe4394f072662ac60d2a136e4cd1e4137,B0,0.906884768621731,1.4598559099354702e-06,CBO-FALLBACK,False,f06211a13edcdae90bc0e5d8a9adcd3edec97c419971a72151a0137ab26370ad,fine,106,FrontDoor,2018,100,0,FrontDoor-B0-CBO-FALLBACK-seed2018,0,4.484438419342041
100,7de896507ae118b7d1384450b0b083dfe4394f072662ac60d2a136e4cd1e4137,B0,3.7024633336962918,0.00028796727214763784,CBO-FALLBACK,False,c86dc52793f3af7b34e09a2d2a47a4f8902db275bff9805fd75f0cfc336785e0,fine,106,FrontDoor,2019,100,0,FrontDoor-B0-CBO-FALLBACK-seed2019,0,4.29867148399353
100,7de896507ae118b7d1384450b0b083dfe4394f072662ac60d2a136e4cd1e4137,B0,6.1284180233734435,3.5173839754154557e-06,CBO-FALLBACK,False,60e8bca2fdd419292c193c61cdaaeacb2017c6d60be5af0d35965bcf905cfb56,fine,106,FrontDoor,2020,100,0,FrontDoor-B0-CBO-FALLBACK-seed2020,0,4.5158374309539795
100,7de896507ae118b7d1384450b0b083dfe4394f072662ac60d2a136e4cd1e4137,B0,10.914188219754573,0.012780266859058864,CBO-FALLBACK,False,2c2e9fdf994dee7f91a3131a8f6c9e3a17790b365a3c89e779b6d2eb91ecdc6d,fine,106,FrontDoor,2021,100,0,FrontDoor-B0-CBO-FALLBACK-seed2021,0,4.4581382274627686
100,7de896507ae118b7d1384450b0b083dfe4394f072662ac60d2a136e4cd1e4137,B0,1.5273473311905867,0.00875699746694103,CBO-FALLBACK,False,428958ae86f3db2d891c463cf4c9de9598891a27386257e5cdce5d3e49c1c0ca,fine,106,FrontDoor,2022,100,0,FrontDoor-B0-CBO-FALLBACK-seed2022,0,4.440191268920898
100,7de896507ae118b7d1384450b0b083dfe4394f072662ac60d2a136e4cd1e4137,B0,13.381812469521982,0.00012107129437932684,CBO-FALLBACK,False,464e46d9c0e867e79de9f888e6b27a67b5e9c72e711d9ec04b72d1bb40ddb9e1,fine,106,FrontDoor,2023,100,0,FrontDoor-B0-CBO-FALLBACK-seed2023,0,5.174004316329956
100,7de896507ae118b7d1384450b0b083dfe4394f072662ac60d2a136e4cd1e4137,B0,8.511012526427367,0.0005879354857756258,CBO-FALLBACK,False,52db97774037fb7e5fd8a7f959ff9c86e5ef36ada3381516053097a367822d16,fine,106,FrontDoor,2024,100,0,FrontDoor-B0-CBO-FALLBACK-seed2024,0,4.911211252212524
100,7de896507ae118b7d1384450b0b083dfe4394f072662ac60d2a136e4cd1e4137,B0,0.8226323021957502,2.7689040266842824e-05,CBO-FALLBACK,False,81a0eacaa70686b034f6b9faba0ba320db1e85f385972081cc0a345d6a19bc74,fine,106,FrontDoor,2025,100,0,FrontDoor-B0-CBO-FALLBACK-seed2025,0,4.384947776794434
100,7de896507ae118b7d1384450b0b083dfe4394f072662ac60d2a136e4cd1e4137,B0,4.926448553287776,1.4926982940588474e-05,CBO-FALLBACK,False,aaa585042ed84d352b74510d82b84e6d90b9f8d153159828ef7ca79900258e9e,fine,106,FrontDoor,2026,100,0,FrontDoor-B0-CBO-FALLBACK-seed2026,0,4.377164602279663
100,7de896507ae118b7d1384450b0b083dfe4394f072662ac60d2a136e4cd1e4137,B0,14.084128151834104,0.006791117308328598,CBO-FALLBACK,False,5a7f0a53a509cc34202e551f6beb82fb915f06ce1241b532d4c9e13a88e8b165,fine,106,FrontDoor,2027,100,0,FrontDoor-B0-CBO-FALLBACK-seed2027,0,4.296228647232056
100,7de896507ae118b7d1384450b0b083dfe4394f072662ac60d2a136e4cd1e4137,B0,12.566775841505603,0.0003575843686092206,CBO-FALLBACK,False,5fad0d08d3f34fee2f0b5ffb0cfa8ada2e8c884a3a70b544e4ce13ea14dcbfbc,fine,106,FrontDoor,2028,100,0,FrontDoor-B0-CBO-FALLBACK-seed2028,0,4.569194078445435
100,7de896507ae118b7d1384450b0b083dfe4394f072662ac60d2a136e4cd1e4137,B0,0.44970252828963964,3.563698556474648e-06,CBO-FALLBACK,False,007f9d572126320c5beb14ad2ea3993cb34e81e649dfe93f02621bff748eb758,fine,106,FrontDoor,2029,100,0,FrontDoor-B0-CBO-FALLBACK-seed2029,0,4.559271574020386
100,7de896507ae118b7d1384450b0b083dfe4394f072662ac60d2a136e4cd1e4137,B0,10.049696215056684,0.002372516186993634,CBO-NP,False,d5f0afd31219ecd3c96b5a9f4a56e204ed6b0861383ce86d5807b1cb02845e6f,fine,106,FrontDoor,2000,100,0,FrontDoor-B0-CBO-NP-seed2000,0,3.8180887699127197
100,7de896507ae118b7d1384450b0b083dfe4394f072662ac60d2a136e4cd1e4137,B0,7.719651912984332,0.00019447078799550432,CBO-NP,False,b23b847495d9c03add0cba56d3b643ad97fa378824f61e0d19642866cc7c3984,fine,106,FrontDoor,2001,100,0,FrontDoor-B0-CBO-NP-seed2001,0,3.931274890899658
100,7de896507ae118b7d1384450b0b083dfe4394f072662ac60d2a136e4cd1e4137,B0,8.428320207320445,0.0015970531928100051,CBO-NP,False,c3412213fb20ad6d46839f8b0c9af8f19b747ccd65229e708a5bc5b8a1e9dc40,fine,106,FrontDoor,2002,100,0,FrontDoor-B0-CBO-NP-seed2002,0,3.867406129837036
100,7de896507ae118b7d1384450b0b083dfe4394f072662ac60d2a136e4cd1e4137,B0,3.729658201474569,8.863103348355494e-06,CBO-NP,False,0cd0d758220094ddeca8126e71619a318330ffea59062ecad27ab60f427eb26e,fine,106,FrontDoor,2003,100,0,FrontDoor-B0-CBO-NP-seed2003,0,3.71498441696167
100,7de896507ae118b7d1384450b0b083dfe4394f072662ac60d2a136e4cd1e4137,B0,2.8899427096510806,0.0019154196098385423,CBO-NP,False,567cee2a9db78c3d59878f2ca9c2e5d3925bc24fd8274528c9dbc0fa5cdab2b2,fine,106,FrontDoor,2004,100,0,FrontDoor-B0-CBO-NP-seed2004,0,3.781243324279785
100,7de896507ae118b7d1384450b0b083dfe4394f072662ac60d2a136e4cd1e4137,B0,3.9000653316001737,9.693884308070722e-05,CBO-NP,False,c30c4d181bd4dff8ceabaa6d6da4f4df761768ad236ca5cc5a4c1ac709bdb709,fine,106,FrontDoor,2005,100,0,FrontDoor-B0-CBO-NP-seed2005,0,3.8299083709716797
100,7de896507ae118b7d1384450b0b083dfe4394f072662ac60d2a136e4cd1e4137,B0,0.00791171271553237,7.833378926269674e-05,CBO-NP,False,63a5886a7efcb0a3497fffaf593ae0d634c38d53992d7332087f9cdafe92048e,fine,106,FrontDoor,2006,100,0,FrontDoor-B0-CBO-NP-seed2006,0,4.016127347946167
100,7de896507ae118b7d1384450b0b083dfe4394f072662ac60d2a136e4cd1e4137,B0,4.453715351221063,1.964021395961524e-06,CBO-NP,False,d0d207666b3f11e024e45431f1c86098a6f1969b5f20405b3463edac43329e89,fine,106,FrontDoor,2007,100,0,FrontDoor-B0-CBO-NP-seed2007,0,3.7014734745025635
100,7de896507ae118b7d1384450b0b083dfe4394f072662ac60d2a136e4cd1e4137,B0,9.825242925429118,0.001240204137032519,CBO-NP,False,610522ecacbf1a96ed1dce8f091b77345a86ec80cc2146d8931efddab47aac92,fine,106,FrontDoor,2008,100,0,FrontDoor-B0-CBO-NP-seed2008,0,3.6706581115722656
100,7de896507ae118b7d1384450b0b083dfe4394f072662ac60d2a136e4cd1e4137,B0,7.560361061176768,1.0898874257536662e-05,CBO-NP,False,69d1161d5d80209585f17fbbb7f91d7b2a9be28b50a3b618712f9e135dd89344,fine,106,FrontDoor,2009,100,0,FrontDoor-B0-CBO-NP-seed2009,0,3.7752935886383057
100,7de896507ae118b7d1384450b0b083dfe4394f072662ac60d2a136e4cd1e4137,B0,9.546398351350408,4.778484793654947e-05,CBO-NP,False,1960a51e06480e3e077261267dd3580c2a40daab19a23a7abeb44912d9fa1130,fine,106,FrontDoor,2010,100,0,FrontDoor-B0-CBO-NP-seed2010,0,3.7781612873077393
100,7de896507ae118b7d1384450b0b083dfe4394f072662ac60d2a136e4cd1e4137,B0,5.943482110811344,0.00018824342271295258,CBO-NP,False,e3ea17109cf3297b854a4975ea826a415654629562e814628f560c8185c78f4b,fine,106,FrontDoor,2011,100,0,FrontDoor-B0-CBO-NP-seed2011,0,3.5290634632110596
100,7de896507ae118b7d1384450b0b083dfe4394f072662ac60d2a136e4cd1e4137,B0,0.13599405196418424,0.0013464757620216261,CBO-NP,False,1e83f9ff3c6d4d3154c304be92acc02f1e2d93faf84a665ec1d1634b12e22530,fine,106,FrontDoor,2012,100,0,FrontDoor-B0-CBO-NP-seed2012,0,3.5804171562194824
100,7de896507ae118b7d1384450b0b083dfe4394f072662ac60d2a136e4cd1e4137,B0,15.392854696698832,8.349841162158533e-05,CBO-NP,False,d070ad7dc7a16858df2d16975f5c89868ad4963f234c8dbf35fc3b95581e39c3,fine,106,FrontDoor,2013,100,0,FrontDoor-B0-CBO-NP-seed2013,0,3.744664430618286
100,7de896507ae118b7d1384450b0b083dfe4394f072662ac60d2a136e4cd1e4137,B0,9.083250943546451,0.00010435787810592068,CBO-NP,False,9ea5fe42541351025fcc948bd94c0266350dd65f8c9727531e3f31fc2262d754,fine,106,FrontDoor,2014,100,0,FrontDoor-B0-CBO-NP-seed2014,0,3.6275596618652344
100,7de896507ae118b7d1384450b0b083dfe4394f072662ac60d2a136e4cd1e4137,B0,0.07319160168622418,1.8162709120472798e-05,CBO-NP,False,f46029dd3dc136a7444c5e7cdf2ec89aefcc34d05d7972dcfb5ea6e73720238c,fine,106,FrontDoor,2015,100,0,FrontDoor-B0-CBO-NP-seed2015,0,3.678070068359375
100,7de896507ae118b7d1384450b0b083dfe4394f072662ac60d2a136e4cd1e4137,B0,8.982145445879855,5.4910448169298576e-05,CBO-NP,False,35dcc59012942314e3174ab235b3bd90c8746653203066d22027130251d04f99,fine,106,FrontDoor,2016,100,0,FrontDoor-B0-CBO-NP-seed2016,0,3.7649075984954834
100,7de896507ae118b7d1384450b0b083dfe4394f072662ac60d2a136e4cd1e4137,B0,13.387226195702912,0.001686162226865573,CBO-NP,False,365fab64eeacc4a68ad67dcd383460fb8d8b40dc96387d91240fa619080fe99c,fine,106,FrontDoor,2017,100,0,FrontDoor-B0-CBO-NP-seed2017,0,3.7476425170898438
100,7de896507ae118b7d1384450b0b083dfe4394f072662ac60d2a136e4cd1e4137,B0,3.1300347199251854,2.866862391281977e-05,CBO-NP,False,f06211a13edcdae90bc0e5d8a9adcd3edec97c419971a72151a0137ab26370ad,fine,106,FrontDoor,2018,100,0,FrontDoor-B0-CBO-NP-seed2018,0,4.084520101547241
100,7de896507ae118b7d1384450b0b083dfe4394f072662ac60d2a136e4cd1e4137,B0,3.385770912325669,4.219503347901998e-05,CBO-NP,False,c86dc52793f3af7b34e09a2d2a47a4f8902db275bff9805fd75f0cfc336785e0,fine,106,FrontDoor,2019,100,0,FrontDoor-B0-CBO-NP-seed2019,0,3.800271987915039
100,7de896507ae118b7d1384450b0b083dfe4394f072662ac60d2a136e4cd1e4137,B0,6.9658899410006585,0.0006517282528542001,CBO-NP,False,60e8bca2fdd419292c193c61cdaaeacb2017c6d60be5af0d35965bcf905cfb56,fine,106,FrontDoor,2020,100,0,FrontDoor-B0-CBO-NP-seed2020,0,3.6989450454711914
100,7de896507ae118b7d1384450b0b083dfe4394f072662ac60d2a136e4cd1e4137,B0,12.769366026008463,0.0011833787284478703,CBO-NP,False,2c2e9fdf994dee7f91a3131a8f6c9e3a17790b365a3c89e779b6d2eb91ecdc6d,fine,106,FrontDoor,2021,100,0,FrontDoor-B0-CBO-NP-seed2021,0,3.968019962310791
100,7de896507ae118b7d1384450b0b083dfe4394f072662ac60d2a136e4cd1e4137,B0,2.1057309107556152,0.011841465301233534,CBO-NP,False,428958ae86f3db2d891c463cf4c9de9598891a27386257e5cdce5d3e49c1c0ca,fine,106,FrontDoor,2022,100,0,FrontDoor-B0-CBO-NP-seed2022,0,3.744813919067383
100,7de896507ae118b7d1384450b0b083dfe4394f072662ac60d2a136e4cd1e4137,B0,16.58014616350874,6.897522300852721e-05,CBO-NP,False,464e46d9c0e867e79de9f888e6b27a67b5e9c72e711d9ec04b72d1bb40ddb9e1,fine,106,FrontDoor,2023,100,0,FrontDoor-B0-CBO-NP-seed2023,0,3.7369682788848877
100,7de896507ae118b7d1384450b0b083dfe4394f072662ac60d2a136e4cd1e4137,B0,7.879836908050757,0.000489708041964354,CBO-NP,False,52db97774037fb7e5fd8a7f959ff9c86e5ef36ada3381516053097a367822d16,fine,106,FrontDoor,2024,100,0,FrontDoor-B0-CBO-NP-seed2024,0,4.122699737548828
100,7de896507ae118b7d1384450b0b083dfe4394f072662ac60d2a136e4cd1e4137,B0,1.2259490783979978,0.0001518773748432345,CBO-NP,False,81a0eacaa70686b034f6b9faba0ba320db1e85f385972081cc0a345d6a19bc74,fine,106,FrontDoor,2025,100,0,FrontDoor-B0-CBO-NP-seed2025,0,3.918062686920166
100,7de896507ae118b7d1384450b0b083dfe4394f072662ac60d2a136e4cd1e4137,B0,5.66032296201184,2.0320491196823554e-05,CBO-NP,False,aaa585042ed84d352b74510d82b84e6d90b9f8d153159828ef7ca79900258e9e,fine,106,FrontDoor,2026,100,0,FrontDoor-B0-CBO-NP-seed2026,0,3.5944204330444336
100,7de896507ae118b7d1384450b0b083dfe4394f072662ac60d2a136e4cd1e4137,B0,13.185805169472694,3.0463537803449015e-06,CBO-NP,False,5a7f0a53a509cc34202e551f6beb82fb915f06ce1241b532d4c9e13a88e8b165,fine,106,FrontDoor,2027,100,0,FrontDoor-B0-CBO-NP-seed2027,0,3.7809484004974365
100,7de896507ae118b7d1384450b0b083dfe4394f072662ac60d2a136e4cd1e4137,B0,9.963162704831026,0.0004936401578359284,CBO-NP,False,5fad0d08d3f34fee2f0b5ffb0cfa8ada2e8c884a3a70b544e4ce13ea14dcbfbc,fine,106,FrontDoor,2028,100,0,FrontDoor-B0-CBO-NP-seed2028,0,3.9365663528442383
100,7de896507ae118b7d1384450b0b083dfe4394f072662ac60d2a136e4cd1e4137,B0,0.6567496127202432,6.388707958882023e-06,CBO-NP,False,007f9d572126320c5beb14ad2ea3993cb34e81e649dfe93f02621bff748eb758,fine,106,FrontDoor,2029,100,0,FrontDoor-B0-CBO-NP-seed2029,0,3.6871140003204346
100,7de896507ae118b7d1384450b0b083dfe4394f072662ac60d2a136e4cd1e4137,B0,2.0775823521794416,7.748507405347382e-05,CBO,False,d5f0afd31219ecd3c96b5a9f4a56e204ed6b0861383ce86d5807b1cb02845e6f,fine,106,FrontDoor,2000,100,0,FrontDoor-B0-CBO-seed2000,0,244.5165195465088
100,7de896507ae118b7d1384450b0b083dfe4394f072662ac60d2a136e4cd1e4137,B0,2.131755556032406,2.9383593529441754e-06,CBO,False,b23b847495d9c03add0cba56d3b643ad97fa378824f61e0d19642866cc7c3984,fine,106,FrontDoor,2001,100,0,FrontDoor-B0-CBO-seed2001,0,256.86515188217163
100,7de896507ae118b7d1384450b0b083dfe4394f072662ac60d2a136e4cd1e4137,B0,0.8007492906097664,1.2023001021210789e-05,CBO,False,c3412213fb20ad6d46839f8b0c9af8f19b747ccd65229e708a5bc5b8a1e9dc40,fine,106,FrontDoor,2002,100,0,FrontDoor-B0-CBO-seed2002,0,261.8007490634918
100,7de896507ae118b7d1384450b0b083dfe4394f072662ac60d2a136e4cd1e4137,B0,1.1418017623673518,1.4061219433258998e-06,CBO,False,0cd0d758220094ddeca8126e71619a318330ffea59062ecad27ab60f427eb26e,fine,106,FrontDoor,2003,100,0,FrontDoor-B0-CBO-seed2003,0,258.9300363063812
100,7de896507ae118b7d1384450b0b083dfe4394f072662ac60d2a136e4cd1e4137,B0,0.27159672721131045,3.277469573514935e-07,CBO,False,567cee2a9db78c3d59878f2ca9c2e5d3925bc24fd8274528c9dbc0fa5cdab2b2,fine,106,FrontDoor,2004,100,0,FrontDoor-B0-CBO-seed2004,0,249.303297996521
100,7de896507ae118b7d1384450b0b083dfe4394f072662ac60d2a136e4cd1e4137,B0,0.7578997871531727,1.848553270455966e-07,CBO,False,c30c4d181bd4dff8ceabaa6d6da4f4df761768ad236ca5cc5a4c1ac709bdb709,fine,106,FrontDoor,2005,100,0,FrontDoor-B0-CBO-seed2005,0,212.23680591583252
100,7de896507ae118b7d1384450b0b083dfe4394f072662ac60d2a136e4cd1e4137,B0,0.004400320765415078,3.974706453613308e-05,CBO,False,63a5886a7efcb0a3497fffaf593ae0d634c38d53992d7332087f9cdafe92048e,fine,106,FrontDoor,2006,100,0,FrontDoor-B0-CBO-seed2006,0,230.79628324508667
100,7de896507ae118b7d1384450b0b083dfe4394f072662ac60d2a136e4cd1e4137,B0,0.4318675326161392,1.964021395961524e-06,CBO,False,d0d207666b3f11e024e45431f1c86098a6f1969b5f20405b3463edac43329e89,fine,106,FrontDoor,2007,100,0,FrontDoor-B0-CBO-seed2007,0,242.20374536514282
100,7de896507ae118b7d1384450b0b083dfe4394f072662ac60d2a136e4cd1e4137,B0,1.0504590896089825,0.00014201910121625083,CBO,False,610522ecacbf1a96ed1dce8f091b77345a86ec80cc2146d8931efddab47aac92,fine,106,FrontDoor,2008,100,0,FrontDoor-B0-CBO-seed2008,0,238.46540331840515
100,7de896507ae118b7d1384450b0b083dfe4394f072662ac60d2a136e4cd1e4137,B0,1.4632095401346819,1.322619126709057e-05,CBO,False,69d1161d5d80209585f17fbbb7f91d7b2a9be28b50a3b618712f9e135dd89344,fine,106,FrontDoor,2009,100,0,FrontDoor-B0-CBO-seed2009,0,290.28008222579956
100,7de896507ae118b7d1384450b0b083dfe4394f072662ac60d2a136e4cd1e4137,B0,1.787487288867721,4.237719264832407e-06,CBO,False,1960a51e06480e3e077261267dd3580c2a40daab19a23a7abeb44912d9fa1130,fine,106,FrontDoor,2010,100,0,FrontDoor-B0-CBO-seed2010,0,241.12324237823486
100,7de896507ae118b7d1384450b0b083dfe4394f072662ac60d2a136e4cd1e4137,B0,1.7955664346701883,3.042672700459548e-07,CBO,False,e3ea17109cf3297b854a4975ea826a415654629562e814628f560c8185c78f4b,fine,106,FrontDoor,2011,100,0,FrontDoor-B0-CBO-seed2011,0,264.1577024459839
100,7de896507ae118b7d1384450b0b083dfe4394f072662ac60d2a136e4cd1e4137,B0,0.023587742212079377,0.00014547600003056438,CBO,False,1e83f9ff3c6d4d3154c304be92acc02f1e2d93faf84a665ec1d1634b12e22530,fine,106,FrontDoor,2012,100,0,FrontDoor-B0-CBO-seed2012,0,259.1642370223999
100,7de896507ae118b7d1384450b0b083dfe4394f072662ac60d2a136e4cd1e4137,B0,2.902360079841091,2.867315118670888e-08,CBO,False,d070ad7dc7a16858df2d16975f5c89868ad4963f234c8dbf35fc3b95581e39c3,fine,106,FrontDoor,2013,100,0,FrontDoor-B0-CBO-seed2013,0,249.06023025512695
100,7de896507ae118b7d1384450b0b083dfe4394f072662ac60d2a136e4cd1e4137,B0,1.758381551790522,2.8064161845531288e-05,CBO,False,9ea5fe42541351025fcc948bd94c0266350dd65f8c9727531e3f31fc2262d754,fine,106,FrontDoor,2014,100,0,FrontDoor-B0-CBO-seed2014,0,187.23351311683655
100,7de896507ae118b7d1384450b0b083dfe4394f072662ac60d2a136e4cd1e4137,B0,0.04654166168828766,1.485283713797969e-07,CBO,False,f46029dd3dc136a7444c5e7cdf2ec89aefcc34d05d7972dcfb5ea6e73720238c,fine,106,FrontDoor,2015,100,0,FrontDoor-B0-CBO-seed2015,0,241.84010362625122
100,7de896507ae118b7d1384450b0b083dfe4394f072662ac60d2a136e4cd1e4137,B0,1.7022905796946926,1.9761481102609224e-06,CBO,False,35dcc59012942314e3174ab235b3bd90c8746653203066d22027130251d04f99,fine,106,FrontDoor,2016,100,0,FrontDoor-B0-CBO-seed2016,0,237.82978439331055
100,7de896507ae118b7d1384450b0b083dfe4394f072662ac60d2a136e4cd1e4137,B0,1.7568894370141899,3.327521621465657e-05,CBO,False,365fab64eeacc4a68ad67dcd383460fb8d8b40dc96387d91240fa619080fe99c,fine,106,FrontDoor,2017,100,0,FrontDoor-B0-CBO-seed2017,0,232.35139226913452
100,7de896507ae118b7d1384450b0b083dfe4394f072662ac60d2a136e4cd1e4137,B0,0.42628977724146155,4.7232107611039353e-05,CBO,False,f06211a13edcdae90bc0e5d8a9adcd3edec97c419971a72151a0137ab26370ad,fine,106,FrontDoor,2018,100,0,FrontDoor-B0-CBO-seed2018,0,203.6857168674469
100,7de896507ae118b7d1384450b0b083dfe4394f072662ac60d2a136e4cd1e4137,B0,1.374848716327076,1.1314676995333173e-07,CBO,False,c86dc52793f3af7b34e09a2d2a47a4f8902db275bff9805fd75f0cfc336785e0,fine,106,FrontDoor,2019,100,0,FrontDoor-B0-CBO-seed2019,0,199.34693431854248
100,7de896507ae118b7d1384450b0b083dfe4394f072662ac60d2a136e4cd1e4137,B0,1.974739341244602,3.5173839754154557e-06,CBO,False,60e8bca2fdd419292c193c61cdaaeacb2017c6d60be5af0d35965bcf905cfb56,fine,106,FrontDoor,2020,100,0,FrontDoor-B0-CBO-seed2020,0,203.13357591629028
100,7de896507ae118b7d1384450b0b083dfe4394f072662ac60d2a136e4cd1e4137,B0,1.937531201452081,9.524872816712993e-05,CBO,False,2c2e9fdf994dee7f91a3131a8f6c9e3a17790b365a3c89e779b6d2eb91ecdc6d,fine,106,FrontDoor,2021,100,0,FrontDoor-B0-CBO-seed2021,0,187.78168606758118
100,7de896507ae118b7d1384450b0b083dfe4394f072662ac60d2a136e4cd1e4137,B0,0.6710183281291309,9.010903450068497e-07,CBO,False,428958ae86f3db2d891c463cf4c9de9598891a27386257e5cdce5d3e49c1c0ca,fine,106,FrontDoor,2022,100,0,FrontDoor-B0-CBO-seed2022,0,225.04698991775513
100,7de896507ae118b7d1384450b0b083dfe4394f072662ac60d2a136e4cd1e4137,B0,1.1350755916530078,2.1222052781766365e-07,CBO,False,464e46d9c0e867e79de9f888e6b27a67b5e9c72e711d9ec04b72d1bb40ddb9e1,fine,106,FrontDoor,2023,100,0,FrontDoor-B0-CBO-seed2023,0,200.09188270568848
100,7de896507ae118b7d1384450b0b083dfe4394f072662ac60d2a136e4cd1e4137,B0,1.6613731586295886,9.993439116229297e-07,CBO,False,52db97774037fb7e5fd8a7f959ff9c86e5ef36ada3381516053097a367822d16,fine,106,FrontDoor,2024,100,0,FrontDoor-B0-CBO-seed2024,0,220.35497498512268
100,7de896507ae118b7d1384450b0b083dfe4394f072662ac60d2a136e4cd1e4137,B0,0.23573420306555137,4.527655606878511e-05,CBO,False,81a0eacaa70686b034f6b9faba0ba320db1e85f385972081cc0a345d6a19bc74,fine,106,FrontDoor,2025,100,0,FrontDoor-B0-CBO-seed2025,0,218.95956563949585
100,7de896507ae118b7d1384450b0b083dfe4394f072662ac60d2a136e4cd1e4137,B0,1.6769808684410659,1.4824767557986007e-06,CBO,False,aaa585042ed84d352b74510d82b84e6d90b9f8d153159828ef7ca79900258e9e,fine,106,FrontDoor,2026,100,0,FrontDoor-B0-CBO-seed2026,0,197.36048698425293
100,7de896507ae118b7d1384450b0b083dfe4394f072662ac60d2a136e4cd1e4137,B0,1.98552913595914,7.0882002241035025e-06,CBO,False,5a7f0a53a509cc34202e551f6beb82fb915f06ce1241b532d4c9e13a88e8b165,fine,106,FrontDoor,2027,100,0,FrontDoor-B0-CBO-seed2027,0,194.69500064849854
100,7de896507ae118b7d1384450b0b083dfe4394f072662ac60d2a136e4cd1e4137,B0,1.6451523457397224,5.123113029159576e-05,CBO,False,5fad0d08d3f34fee2f0b5ffb0cfa8ada2e8c884a3a70b544e4ce13ea14dcbfbc,fine,106,FrontDoor,2028,100,0,FrontDoor-B0-CBO-seed2028,0,121.23927879333496
100,7de896507ae118b7d1384450b0b083dfe4394f072662ac60d2a136e4cd1e4137,B0,0.3191365170032745,2.455860199646054e-06,CBO,False,007f9d572126320c5beb14ad2ea3993cb34e81e649dfe93f02621bff748eb758,fine,106,FrontDoor,2029,100,0,FrontDoor-B0-CBO-seed2029,0,82.70552897453308
100,7de896507ae118b7d1384450b0b083dfe4394f072662ac60d2a136e4cd1e4137,B0,20.746501390679242,0.00032630965306679194,QCBO,False,d5f0afd31219ecd3c96b5a9f4a56e204ed6b0861383ce86d5807b1cb02845e6f,coarse,53,FrontDoor,2000,50,0,FrontDoor-B0-QCBO-seed2000,0,7.009420871734619
100,7de896507ae118b7d1384450b0b083dfe4394f072662ac60d2a136e4cd1e4137,B0,19.84809915957827,2.1559635150492085e-06,QCBO,False,b23b847495d9c03add0cba56d3b643ad97fa378824f61e0d19642866cc7c3984,coarse,53,FrontDoor,2001,50,0,FrontDoor-B0-QCBO-seed2001,0,5.43855094909668
100,7de896507ae118b7d1384450b0b083dfe4394f072662ac60d2a136e4cd1e4137,B0,0.8416052360280883,4.37178021701623e-05,QCBO,False,c3412213fb20ad6d46839f8b0c9af8f19b747ccd65229e708a5bc5b8a1e9dc40,coarse,53,FrontDoor,2002,50,0,FrontDoor-B0-QCBO-seed2002,0,5.391382694244385
100,7de896507ae118b7d1384450b0b083dfe4394f072662ac60d2a136e4cd1e4137,B0,13.033026378368138,0.0005768412521347521,QCBO,False,0cd0d758220094ddeca8126e71619a318330ffea59062ecad27ab60f427eb26e,coarse,53,FrontDoor,2003,50,0,FrontDoor-B0-QCBO-seed2003,0,5.28937840461731
100,7de896507ae118b7d1384450b0b083dfe4394f072662ac60d2a136e4cd1e4137,B0,3.8329554925166507,0.001906088386399274,QCBO,False,567cee2a9db78c3d59878f2ca9c2e5d3925bc24fd8274528c9dbc0fa5cdab2b2,coarse,53,FrontDoor,2004,50,0,FrontDoor-B0-QCBO-seed2004,0,5.350705623626709
100,7de896507ae118b7d1384450b0b083dfe4394f072662ac60d2a136e4cd1e4137,B0,40.01071631238179,0.002550902647044939,QCBO,False,c30c4d181bd4dff8ceabaa6d6da4f4df761768ad236ca5cc5a4c1ac709bdb709,coarse,53,FrontDoor,2005,50,0,FrontDoor-B0-QCBO-seed2005,0,5.37750768661499
100,7de896507ae118b7d1384450b0b083dfe4394f072662ac60d2a136e4cd1e4137,B0,24.5751512672479,0.005196825978301733,QCBO,False,63a5886a7efcb0a3497fffaf593ae0d634c38d53992d7332087f9cdafe92048e,coarse,53,FrontDoor,2006,50,0,FrontDoor-B0-QCBO-seed2006,0,5.328158140182495
100,7de896507ae118b7d1384450b0b083dfe4394f072662ac60d2a136e4cd1e4137,B0,2.39380293201965,0.006643682335513601,QCBO,False,d0d207666b3f11e024e45431f1c86098a6f1969b5f20405b3463edac43329e89,coarse,53,FrontDoor,2007,50,0,FrontDoor-B0-QCBO-seed2007,0,5.289580821990967
100,7de896507ae118b7d1384450b0b083dfe4394f072662ac60d2a136e4cd1e4137,B0,24.648113703652218,0.0006458402236775296,QCBO,False,610522ecacbf1a96ed1dce8f091b77345a86ec80cc2146d8931efddab47aac92,coarse,53,FrontDoor,2008,50,0,FrontDoor-B0-QCBO-seed2008,0,5.036951303482056
100,7de896507ae118b7d1384450b0b083dfe4394f072662ac60d2a136e4cd1e4137,B0,29.32728128263569,0.00017009771422005215,QCBO,False,69d1161d5d80209585f17fbbb7f91d7b2a9be28b50a3b618712f9e135dd89344,coarse,53,FrontDoor,2009,50,0,FrontDoor-B0-QCBO-seed2009,0,5.117724657058716
100,7de896507ae118b7d1384450b0b083dfe4394f072662ac60d2a136e4cd1e4137,B0,30.27237858183632,0.00014908089189913376,QCBO,False,1960a51e06480e3e077261267dd3580c2a40daab19a23a7abeb44912d9fa1130,coarse,53,FrontDoor,2010,50,0,FrontDoor-B0-QCBO-seed2010,0,5.114065408706665
100,7de896507ae118b7d1384450b0b083dfe4394f072662ac60d2a136e4cd1e4137,B0,40.14488666947807,0.000595428583843649,QCBO,False,e3ea17109cf3297b854a4975ea826a415654629562e814628f560c8185c78f4b,coarse,53,FrontDoor,2011,50,0,FrontDoor-B0-QCBO-seed2011,0,4.893911361694336
100,7de896507ae118b7d1384450b0b083dfe4394f072662ac60d2a136e4cd1e4137,B0,14.974662159497747,0.0036118330680028343,QCBO,False,1e83f9ff3c6d4d3154c304be92acc02f1e2d93faf84a665ec1d1634b12e22530,coarse,53,FrontDoor,2012,50,0,FrontDoor-B0-QCBO-seed2012,0,4.858641862869263
100,7de896507ae118b7d1384450b0b083dfe4394f072662ac60d2a136e4cd1e4137,B0,36.58520018913828,9.776153773044527e-05,QCBO,False,d070ad7dc7a16858df2d16975f5c89868ad4963f234c8dbf35fc3b95581e39c3,coarse,53,FrontDoor,2013,50,0,FrontDoor-B0-QCBO-seed2013,0,4.4340550899505615
100,7de896507ae118b7d1384450b0b083dfe4394f072662ac60d2a136e4cd1e4137,B0,50.86544861589092,2.8064161845531288e-05,QCBO,False,9ea5fe42541351025fcc948bd94c0266350dd65f8c9727531e3f31fc2262d754,coarse,53,FrontDoor,2014,50,0,FrontDoor-B0-QCBO-seed2014,0,4.622459650039673
100,7de896507ae118b7d1384450b0b083dfe4394f072662ac60d2a136e4cd1e4137,B0,27.183698416009115,3.383611948404308e-07,QCBO,False,f46029dd3dc136a7444c5e7cdf2ec89aefcc34d05d7972dcfb5ea6e73720238c,coarse,53,FrontDoor,2015,50,0,FrontDoor-B0-QCBO-seed2015,0,4.245468616485596
100,7de896507ae118b7d1384450b0b083dfe4394f072662ac60d2a136e4cd1e4137,B0,29.65340915016437,0.00031691371210995634,QCBO,False,35dcc59012942314e3174ab235b3bd90c8746653203066d22027130251d04f99,coarse,53,FrontDoor,2016,50,0,FrontDoor-B0-QCBO-seed2016,0,4.476891756057739
100,7de896507ae118b7d1384450b0b083dfe4394f072662ac60d2a136e4cd1e4137,B0,26.746619498421804,6.2896886030561205e-06,QCBO,False,365fab64eeacc4a68ad67dcd383460fb8d8b40dc96387d91240fa619080fe99c,coarse,53,FrontDoor,2017,50,0,FrontDoor-B0-QCBO-seed2017,0,4.210851192474365
100,7de896507ae118b7d1384450b0b083dfe4394f072662ac60d2a136e4cd1e4137,B0,4.189803480989892,0.0005787682512441439,QCBO,False,f06211a13edcdae90bc0e5d8a9adcd3edec97c419971a72151a0137ab26370ad,coarse,53,FrontDoor,2018,50,0,FrontDoor-B0-QCBO-seed2018,0,4.468863010406494
100,7de896507ae118b7d1384450b0b083dfe4394f072662ac60d2a136e4cd1e4137,B0,32.72686676065134,0.0003550204780358168,QCBO,False,c86dc52793f3af7b34e09a2d2a47a4f8902db275bff9805fd75f0cfc336785e0,coarse,53,FrontDoor,2019,50,0,FrontDoor-B0-QCBO-seed2019,0,3.710667371749878
100,7de896507ae118b7d1384450b0b083dfe4394f072662ac60d2a136e4cd1e4137,B0,17.91170644956366,0.0007952384032499094,QCBO,False,60e8bca2fdd419292c193c61cdaaeacb2017c6d60be5af0d35965bcf905cfb56,coarse,53,FrontDoor,2020,50,0,FrontDoor-B0-QCBO-seed2020,0,3.739654541015625
100,7de896507ae118b7d1384450b0b083dfe4394f072662ac60d2a136e4cd1e4137,B0,23.624803840511248,0.00018824745313539282,QCBO,False,2c2e9fdf994dee7f91a3131a8f6c9e3a17790b365a3c89e779b6d2eb91ecdc6d,coarse,53,FrontDoor,2021,50,0,FrontDoor-B0-QCBO-seed2021,0,3.527301788330078
100,7de896507ae118b7d1384450b0b083dfe4394f072662ac60d2a136e4cd1e4137,B0,3.737087320683613,0.0011990627016569277,QCBO,False,428958ae86f3db2d891c463cf4c9de9598891a27386257e5cdce5d3e49c1c0ca,coarse,53,FrontDoor,2022,50,0,FrontDoor-B0-QCBO-seed2022,0,3.413691520690918
100,7de896507ae118b7d1384450b0b083dfe4394f072662ac60d2a136e4cd1e4137,B0,26.200189684757014,2.3967199734409306e-05,QCBO,False,464e46d9c0e867e79de9f888e6b27a67b5e9c72e711d9ec04b72d1bb40ddb9e1,coarse,53,FrontDoor,2023,50,0,FrontDoor-B0-QCBO-seed2023,0,3.419048547744751
100,7de896507ae118b7d1384450b0b083dfe4394f072662ac60d2a136e4cd1e4137,B0,34.3873318401564,0.00230080657651488,QCBO,False,52db97774037fb7e5fd8a7f959ff9c86e5ef36ada3381516053097a367822d16,coarse,53,FrontDoor,2024,50,0,FrontDoor-B0-QCBO-seed2024,0,3.3969154357910156
100,7de896507ae118b7d1384450b0b083dfe4394f072662ac60d2a136e4cd1e4137,B0,23.53830869514311,0.0006278697564414681,QCBO,False,81a0eacaa70686b034f6b9faba0ba320db1e85f385972081cc0a345d6a19bc74,coarse,53,FrontDoor,2025,50,0,FrontDoor-B0-QCBO-seed2025,0,3.437045097351074
100,7de896507ae118b7d1384450b0b083dfe4394f072662ac60d2a136e4cd1e4137,B0,44.873034125338336,0.0011596935441764433,QCBO,False,aaa585042ed84d352b74510d82b84e6d90b9f8d153159828ef7ca79900258e9e,coarse,53,FrontDoor,2026,50,0,FrontDoor-B0-QCBO-seed2026,0,3.42586088180542
100,7de896507ae118b7d1384450b0b083dfe4394f072662ac60d2a136e4cd1e4137,B0,24.366986144138824,0.0003397116825663016,QCBO,False,5a7f0a53a509cc34202e551f6beb82fb915f06ce1241b532d4c9e13a88e8b165,coarse,53,FrontDoor,2027,50,0,FrontDoor-B0-QCBO-seed2027,0,3.7139837741851807
100,7de896507ae118b7d1384450b0b083dfe4394f072662ac60d2a136e4cd1e4137,B0,20.983332760622197,0.00014226542461193148,QCBO,False,5fad0d08d3f34fee2f0b5ffb0cfa8ada2e8c884a3a70b544e4ce13ea14dcbfbc,coarse,53,FrontDoor,2028,50,0,FrontDoor-B0-QCBO-seed2028,0,3.718804359436035
100,7de896507ae118b7d1384450b0b083dfe4394f072662ac60d2a136e4cd1e4137,B0,0.3756864184261166,0.0016545414971200767,QCBO,False,007f9d572126320c5beb14ad2ea3993cb34e81e649dfe93f02621bff748eb758,coarse,53,FrontDoor,2029,50,0,FrontDoor-B0-QCBO-seed2029,0,3.2871291637420654
100,7de896507ae118b7d1384450b0b083dfe4394f072662ac60d2a136e4cd1e4137,B1,10.157089451654766,2.3889045929204045e-05,CBO,False,d5f0afd31219ecd3c96b5a9f4a56e204ed6b0861383ce86d5807b1cb02845e6f,fine,106,FrontDoor,2000,100,0,FrontDoor-B1-CBO-seed2000,0,5.094088315963745
100,7de896507ae118b7d1384450b0b083dfe4394f072662ac60d2a136e4cd1e4137,B1,6.659750445740274,2.9383593529441754e-06,CBO,False,b23b847495d9c03add0cba56d3b643ad97fa378824f61e0d19642866cc7c3984,fine,106,FrontDoor,2001,100,0,FrontDoor-B1-CBO-seed2001,0,4.9124791622161865
100,7de896507ae118b7d1384450b0b083dfe4394f072662ac60d2a136e4cd1e4137,B1,8.466824327702104,0.0010398374629942975,CBO,False,c3412213fb20ad6d46839f8b0c9af8f19b747ccd65229e708a5bc5b8a1e9dc40,fine,106,FrontDoor,2002,100,0,FrontDoor-B1-CBO-seed2002,0,4.641405344009399
100,7de896507ae118b7d1384450b0b083dfe4394f072662ac60d2a136e4cd1e4137,B1,5.664496257138771,4.049808722150772e-06,CBO,False,0cd0d758220094ddeca8126e71619a318330ffea59062ecad27ab60f427eb26e,fine,106,FrontDoor,2003,100,0,FrontDoor-B1-CBO-seed2003,0,5.130599737167358
100,7de896507ae118b7d1384450b0b083dfe4394f072662ac60d2a136e4cd1e4137,B1,1.9365721895100843,0.002104656685576911,CBO,False,567cee2a9db78c3d59878f2ca9c2e5d3925bc24fd8274528c9dbc0fa5cdab2b2,fine,106,FrontDoor,2004,100,0,FrontDoor-B1-CBO-seed2004,0,4.622002601623535
100,7de896507ae118b7d1384450b0b083dfe4394f072662ac60d2a136e4cd1e4137,B1,3.959662746433639,0.00015407347855433962,CBO,False,c30c4d181bd4dff8ceabaa6d6da4f4df761768ad236ca5cc5a4c1ac709bdb709,fine,106,FrontDoor,2005,100,0,FrontDoor-B1-CBO-seed2005,0,4.597379922866821
100,7de896507ae118b7d1384450b0b083dfe4394f072662ac60d2a136e4cd1e4137,B1,0.00791171271553237,7.833378926269674e-05,CBO,False,63a5886a7efcb0a3497fffaf593ae0d634c38d53992d7332087f9cdafe92048e,fine,106,FrontDoor,2006,100,0,FrontDoor-B1-CBO-seed2006,0,4.491647958755493
100,7de896507ae118b7d1384450b0b083dfe4394f072662ac60d2a136e4cd1e4137,B1,6.459956170293111,1.964021395961524e-06,CBO,False,d0d207666b3f11e024e45431f1c86098a6f1969b5f20405b3463edac43329e89,fine,106,FrontDoor,2007,100,0,FrontDoor-B1-CBO-seed2007,0,4.720462083816528
100,7de896507ae118b7d1384450b0b083dfe4394f072662ac60d2a136e4cd1e4137,B1,9.10660589192189,0.001240204137032519,CBO,False,610522ecacbf1a96ed1dce8f091b77345a86ec80cc2146d8931efddab47aac92,fine,106,FrontDoor,2008,100,0,FrontDoor-B1-CBO-seed2008,0,4.759547710418701
100,7de896507ae118b7d1384450b0b083dfe4394f072662ac60d2a136e4cd1e4137,B1,10.142195983167335,0.0005226538516172052,CBO,False,69d1161d5d80209585f17fbbb7f91d7b2a9be28b50a3b618712f9e135dd89344,fine,106,FrontDoor,2009,100,0,FrontDoor-B1-CBO-seed2009,0,5.134607791900635
100,7de896507ae118b7d1384450b0b083dfe4394f072662ac60d2a136e4cd1e4137,B1,9.776375933381743,0.0001649702889521265,CBO,False,1960a51e06480e3e077261267dd3580c2a40daab19a23a7abeb44912d9fa1130,fine,106,FrontDoor,2010,100,0,FrontDoor-B1-CBO-seed2010,0,6.182067155838013
100,7de896507ae118b7d1384450b0b083dfe4394f072662ac60d2a136e4cd1e4137,B1,6.37945224240744,0.003148816769881435,CBO,False,e3ea17109cf3297b854a4975ea826a415654629562e814628f560c8185c78f4b,fine,106,FrontDoor,2011,100,0,FrontDoor-B1-CBO-seed2011,0,4.582552671432495
100,7de896507ae118b7d1384450b0b083dfe4394f072662ac60d2a136e4cd1e4137,B1,0.11237861127333049,0.0010553974764491159,CBO,False,1e83f9ff3c6d4d3154c304be92acc02f1e2d93faf84a665ec1d1634b12e22530,fine,106,FrontDoor,2012,100,0,FrontDoor-B1-CBO-seed2012,0,4.55509614944458
100,7de896507ae118b7d1384450b0b083dfe4394f072662ac60d2a136e4cd1e4137,B1,13.832191491617838,8.349841162158533e-05,CBO,False,d070ad7dc7a16858df2d16975f5c89868ad4963f234c8dbf35fc3b95581e39c3,fine,106,FrontDoor,2013,100,0,FrontDoor-B1-CBO-seed2013,0,5.0910608768463135
100,7de896507ae118b7d1384450b0b083dfe4394f072662ac60d2a136e4cd1e4137,B1,10.249773893851602,1.3216046921282754e-05,CBO,False,9ea5fe42541351025fcc948bd94c0266350dd65f8c9727531e3f31fc2262d754,fine,106,FrontDoor,2014,100,0,FrontDoor-B1-CBO-seed2014,0,4.5345799922943115
100,7de896507ae118b7d1384450b0b083dfe4394f072662ac60d2a136e4cd1e4137,B1,0.11235758843590649,0.00031294391359026896,CBO,False,f46029dd3dc136a7444c5e7cdf2ec89aefcc34d05d7972dcfb5ea6e73720238c,fine,106,FrontDoor,2015,100,0,FrontDoor-B1-CBO-seed2015,0,4.72526478767395
100,7de896507ae118b7d1384450b0b083dfe4394f072662ac60d2a136e4cd1e4137,B1,9.202333396930111,0.0019963588044937808,CBO,False,35dcc59012942314e3174ab235b3bd90c8746653203066d22027130251d04f99,fine,106,FrontDoor,2016,100,0,FrontDoor-B1-CBO-seed2016,0,5.052127361297607
100,7de896507ae118b7d1384450b0b083dfe4394f072662ac60d2a136e4cd1e4137,B1,9.367283409815068,0.001686162226865573,CBO,False,365fab64eeacc4a68ad67dcd383460fb8d8b40dc96387d91240fa619080fe99c,fine,106,FrontDoor,2017,100,0,FrontDoor-B1-CBO-seed2017,0,4.704894065856934
100,7de896507ae118b7d1384450b0b083dfe4394f072662ac60d2a136e4cd1e4137,B1,0.906884768621731,1.4598559099354702e-06,CBO,False,f06211a13edcdae90bc0e5d8a9adcd3edec97c419971a72151a0137ab26370ad,fine,106,FrontDoor,2018,100,0,FrontDoor-B1-CBO-seed2018,0,4.6328136920928955
100,7de896507ae118b7d1384450b0b083dfe4394f072662ac60d2a136e4cd1e4137,B1,3.7024633336962918,0.00028796727214763784,CBO,False,c86dc52793f3af7b34e09a2d2a47a4f8902db275bff9805fd75f0cfc336785e0,fine,106,FrontDoor,2019,100,0,FrontDoor-B1-CBO-seed2019,0,4.525421142578125
100,7de896507ae118b7d1384450b0b083dfe4394f072662ac60d2a136e4cd1e4137,B1,6.1284180233734435,3.5173839754154557e-06,CBO,False,60e8bca2fdd419292c193c61cdaaeacb2017c6d60be5af0d35965bcf905cfb56,fine,106,FrontDoor,2020,100,0,FrontDoor-B1-CBO-seed2020,0,4.771229028701782
100,7de896507ae118b7d1384450b0b083dfe4394f072662ac60d2a136e4cd1e4137,B1,10.914188219754573,0.012780266859058864,CBO,False,2c2e9fdf994dee7f91a3131a8f6c9e3a17790b365a3c89e779b6d2eb91ecdc6d,fine,106,FrontDoor,2021,100,0,FrontDoor-B1-CBO-seed2021,0,4.4470908641815186
100,7de896507ae118b7d1384450b0b083dfe4394f072662ac60d2a136e4cd1e4137,B1,1.5273473311905867,0.00875699746694103,CBO,False,428958ae86f3db2d891c463cf4c9de9598891a27386257e5cdce5d3e49c1c0ca,fine,106,FrontDoor,2022,100,0,FrontDoor-B1-CBO-seed2022,0,5.561575174331665
100,7de896507ae118b7d1384450b0b083dfe4394f072662ac60d2a136e4cd1e4137,B1,13.381812469521982,0.00012107129437932684,CBO,False,464e46d9c0e867e79de9f888e6b27a67b5e9c72e711d9ec04b72d1bb40ddb9e1,fine,106,FrontDoor,2023,100,0,FrontDoor-B1-CBO-seed2023,0,4.7197265625
100,7de896507ae118b7d1384450b0b083dfe4394f072662ac60d2a136e4cd1e4137,B1,8.511012526427367,0.0005879354857756258,CBO,False,52db97774037fb7e5fd8a7f959ff9c86e5ef36ada3381516053097a367822d16,fine,106,FrontDoor,2024,100,0,FrontDoor-B1-CBO-seed2024,0,4.537753105163574
100,7de896507ae118b7d1384450b0b083dfe4394f072662ac60d2a136e4cd1e4137,B1,0.8226323021957502,2.7689040266842824e-05,CBO,False,81a0eacaa70686b034f6b9faba0ba320db1e85f385972081cc0a345d6a19bc74,fine,106,FrontDoor,2025,100,0,FrontDoor-B1-CBO-seed2025,0,4.513198375701904
100,7de896507ae118b7d1384450b0b083dfe4394f072662ac60d2a136e4cd1e4137,B1,4.926448553287776,1.4926982940588474e-05,CBO,False,aaa585042ed84d352b74510d82b84e6d90b9f8d153159828ef7ca79900258e9e,fine,106,FrontDoor,2026,100,0,FrontDoor-B1-CBO-seed2026,0,4.5549540519714355
100,7de896507ae118b7d1384450b0b083dfe4394f072662ac60d2a136e4cd1e4137,B1,14.084128151834104,0.006791117308328598,CBO,False,5a7f0a53a509cc34202e551f6beb82fb915f06ce1241b532d4c9e13a88e8b165,fine,106,FrontDoor,2027,100,0,FrontDoor-B1-CBO-seed2027,0,4.501862287521362
100,7de896507ae118b7d1384450b0b083dfe4394f072662ac60d2a136e4cd1e4137,B1,12.566775841505603,0.0003575843686092206,CBO,False,5fad0d08d3f34fee2f0b5ffb0cfa8ada2e8c884a3a70b544e4ce13ea14dcbfbc,fine,106,FrontDoor,2028,100,0,FrontDoor-B1-CBO-seed2028,0,4.539715766906738
100,7de896507ae118b7d1384450b0b083dfe4394f072662ac60d2a136e4cd1e4137,B1,0.44970252828963964,3.563698556474648e-06,CBO,False,007f9d572126320c5beb14ad2ea3993cb34e81e649dfe93f02621bff748eb758,fine,106,FrontDoor,2029,100,0,FrontDoor-B1-CBO-seed2029,0,4.541378021240234
100,7de896507ae118b7d1384450b0b083dfe4394f072662ac60d2a136e4cd1e4137,B1,20.746501390679242,0.00032630965306679194,QCBO,False,d5f0afd31219ecd3c96b5a9f4a56e204ed6b0861383ce86d5807b1cb02845e6f,coarse,53,FrontDoor,2000,50,0,FrontDoor-B1-QCBO-seed2000,0,3.955902099609375
100,7de896507ae118b7d1384450b0b083dfe4394f072662ac60d2a136e4cd1e4137,B1,19.84809915957827,2.1559635150492085e-06,QCBO,False,b23b847495d9c03add0cba56d3b643ad97fa378824f61e0d19642866cc7c3984,coarse,53,FrontDoor,2001,50,0,FrontDoor-B1-QCBO-seed2001,0,3.5110716819763184
100,7de896507ae118b7d1384450b0b083dfe4394f072662ac60d2a136e4cd1e4137,B1,0.8416052360280883,4.37178021701623e-05,QCBO,False,c3412213fb20ad6d46839f8b0c9af8f19b747ccd65229e708a5bc5b8a1e9dc40,coarse,53,FrontDoor,2002,50,0,FrontDoor-B1-QCBO-seed2002,0,3.1324236392974854
100,7de896507ae118b7d1384450b0b083dfe4394f072662ac60d2a136e4cd1e4137,B1,13.033026378368138,0.0005768412521347521,QCBO,False,0cd0d758220094ddeca8126e71619a318330ffea59062ecad27ab60f427eb26e,coarse,53,FrontDoor,2003,50,0,FrontDoor-B1-QCBO-seed2003,0,3.0472021102905273
100,7de896507ae118b7d1384450b0b083dfe4394f072662ac60d2a136e4cd1e4137,B1,3.8329554925166507,0.001906088386399274,QCBO,False,567cee2a9db78c3d59878f2ca9c2e5d3925bc24fd8274528c9dbc0fa5cdab2b2,coarse,53,FrontDoor,2004,50,0,FrontDoor-B1-QCBO-seed2004,0,3.4110238552093506
100,7de896507ae118b7d1384450b0b083dfe4394f072662ac60d2a136e4cd1e4137,B1,40.01071631238179,0.002550902647044939,QCBO,False,c30c4d181bd4dff8ceabaa6d6da4f4df761768ad236ca5cc5a4c1ac709bdb709,coarse,53,FrontDoor,2005,50,0,FrontDoor-B1-QCBO-seed2005,0,3.3547685146331787
100,7de896507ae118b7d1384450b0b083dfe4394f072662ac60d2a136e4cd1e4137,B1,24.5751512672479,0.005196825978301733,QCBO,False,63a5886a7efcb0a3497fffaf593ae0d634c38d53992d7332087f9cdafe92048e,coarse,53,FrontDoor,2006,50,0,FrontDoor-B1-QCBO-seed2006,0,3.3308510780334473
100,7de896507ae118b7d1384450b0b083dfe4394f072662ac60d2a136e4cd1e4137,B1,2.39380293201965,0.006643682335513601,QCBO,False,d0d207666b3f11e024e45431f1c86098a6f1969b5f20405b3463edac43329e89,coarse,53,FrontDoor,2007,50,0,FrontDoor-B1-QCBO-seed2007,0,3.330509662628174
100,7de896507ae118b7d1384450b0b083dfe4394f072662ac60d2a136e4cd1e4137,B1,24.648113703652218,0.0006458402236775296,QCBO,False,610522ecacbf1a96ed1dce8f091b77345a86ec80cc2146d8931efddab47aac92,coarse,53,FrontDoor,2008,50,0,FrontDoor-B1-QCBO-seed2008,0,3.204716444015503
100,7de896507ae118b7d1384450b0b083dfe4394f072662ac60d2a136e4cd1e4137,B1,29.32728128263569,0.00017009771422005215,QCBO,False,69d1161d5d80209585f17fbbb7f91d7b2a9be28b50a3b618712f9e135dd89344,coarse,53,FrontDoor,2009,50,0,FrontDoor-B1-QCBO-seed2009,0,3.285128116607666
100,7de896507ae118b7d1384450b0b083dfe4394f072662ac60d2a136e4cd1e4137,B1,30.27237858183632,0.00014908089189913376,QCBO,False,1960a51e06480e3e077261267dd3580c2a40daab19a23a7abeb44912d9fa1130,coarse,53,FrontDoor,2010,50,0,FrontDoor-B1-QCBO-seed2010,0,3.2282464504241943
100,7de896507ae118b7d1384450b0b083dfe4394f072662ac60d2a136e4cd1e4137,B1,40.14488666947807,0.000595428583843649,QCBO,False,e3ea17109cf3297b854a4975ea826a415654629562e814628f560c8185c78f4b,coarse,53,FrontDoor,2011,50,0,FrontDoor-B1-QCBO-seed2011,0,3.3065969944000244
100,7de896507ae118b7d1384450b0b083dfe4394f072662ac60d2a136e4cd1e4137,B1,14.974662159497747,0.0036118330680028343,QCBO,False,1e83f9ff3c6d4d3154c304be92acc02f1e2d93faf84a665ec1d1634b12e22530,coarse,53,FrontDoor,2012,50,0,FrontDoor-B1-QCBO-seed2012,0,3.1900198459625244
100,7de896507ae118b7d1384450b0b083dfe4394f072662ac60d2a136e4cd1e4137,B1,36.58520018913828,9.776153773044527e-05,QCBO,False,d070ad7dc7a16858df2d16975f5c89868ad4963f234c8dbf35fc3b95581e39c3,coarse,53,FrontDoor,2013,50,0,FrontDoor-B1-QCBO-seed2013,0,3.2535808086395264
100,7de896507ae118b7d1384450b0b083dfe4394f072662ac60d2a136e4cd1e4137,B1,50.86544861589092,2.8064161845531288e-05,QCBO,False,9ea5fe42541351025fcc948bd94c0266350dd65f8c9727531e3f31fc2262d754,coarse,53,FrontDoor,2014,50,0,FrontDoor-B1-QCBO-seed2014,0,3.265604019165039
100,7de896507ae118b7d1384450b0b083dfe4394f072662ac60d2a136e4cd1e4137,B1,27.183698416009115,3.383611948404308e-07,QCBO,False,f46029dd3dc136a7444c5e7cdf2ec89aefcc34d05d7972dcfb5ea6e73720238c,coarse,53,FrontDoor,2015,50,0,FrontDoor-B1-QCBO-seed2015,0,3.2400949001312256
100,7de896507ae118b7d1384450b0b083dfe4394f072662ac60d2a136e4cd1e4137,B1,29.65340915016437,0.00031691371210995634,QCBO,False,35dcc59012942314e3174ab235b3bd90c8746653203066d22027130251d04f99,coarse,53,FrontDoor,2016,50,0,FrontDoor-B1-QCBO-seed2016,0,3.4790167808532715
100,7de896507ae118b7d1384450b0b083dfe4394f072662ac60d2a136e4cd1e4137,B1,26.746619498421804,6.2896886030561205e-06,QCBO,False,365fab64eeacc4a68ad67dcd383460fb8d8b40dc96387d91240fa619080fe99c,coarse,53,FrontDoor,2017,50,0,FrontDoor-B1-QCBO-seed2017,0,3.1647188663482666
100,7de896507ae118b7d1384450b0b083dfe4394f072662ac60d2a136e4cd1e4137,B1,4.189803480989892,0.0005787682512441439,QCBO,False,f06211a13edcdae90bc0e5d8a9adcd3edec97c419971a72151a0137ab26370ad,coarse,53,FrontDoor,2018,50,0,FrontDoor-B1-QCBO-seed2018,0,3.8373844623565674
100,7de896507ae118b7d1384450b0b083dfe4394f072662ac60d2a136e4cd1e4137,B1,32.72686676065134,0.0003550204780358168,QCBO,False,c86dc52793f3af7b34e09a2d2a47a4f8902db275bff9805fd75f0cfc336785e0,coarse,53,FrontDoor,2019,50,0,FrontDoor-B1-QCBO-seed2019,0,3.112917423248291
100,7de896507ae118b7d1384450b0b083dfe4394f072662ac60d2a136e4cd1e4137,B1,17.91170644956366,0.0007952384032499094,QCBO,False,60e8bca2fdd419292c193c61cdaaeacb2017c6d60be5af0d35965bcf905cfb56,coarse,53,FrontDoor,2020,50,0,FrontDoor-B1-QCBO-seed2020,0,3.5842649936676025
100,7de896507ae118b7d1384450b0b083dfe4394f072662ac60d2a136e4cd1e4137,B1,23.624803840511248,0.00018824745313539282,QCBO,False,2c2e9fdf994dee7f91a3131a8f6c9e3a17790b365a3c89e779b6d2eb91ecdc6d,coarse,53,FrontDoor,2021,50,0,FrontDoor-B1-QCBO-seed2021,0,3.158161163330078
100,7de896507ae118b7d1384450b0b083dfe4394f072662ac60d2a136e4cd1e4137,B1,3.737087320683613,0.0011990627016569277,QCBO,False,428958ae86f3db2d891c463cf4c9de9598891a27386257e5cdce5d3e49c1c0ca,coarse,53,FrontDoor,2022,50,0,FrontDoor-B1-QCBO-seed2022,0,3.0712246894836426
100,7de896507ae118b7d1384450b0b083dfe4394f072662ac60d2a136e4cd1e4137,B1,26.200189684757014,2.3967199734409306e-05,QCBO,False,464e46d9c0e867e79de9f888e6b27a67b5e9c72e711d9ec04b72d1bb40ddb9e1,coarse,53,FrontDoor,2023,50,0,FrontDoor-B1-QCBO-seed2023,0,3.2068896293640137
100,7de896507ae118b7d1384450b0b083dfe4394f072662ac60d2a136e4cd1e4137,B1,34.3873318401564,0.00230080657651488,QCBO,False,52db97774037fb7e5fd8a7f959ff9c86e5ef36ada3381516053097a367822d16,coarse,53,FrontDoor,2024,50,0,FrontDoor-B1-QCBO-seed2024,0,3.8182930946350098
100,7de896507ae118b7d1384450b0b083dfe4394f072662ac60d2a136e4cd1e4137,B1,23.53830869514311,0.0006278697564414681,QCBO,False,81a0eacaa70686b034f6b9faba0ba320db1e85f385972081cc0a345d6a19bc74,coarse,53,FrontDoor,2025,50,0,FrontDoor-B1-QCBO-seed2025,0,3.1244969367980957
100,7de896507ae118b7d1384450b0b083dfe4394f072662ac60d2a136e4cd1e4137,B1,44.873034125338336,0.0011596935441764433,QCBO,False,aaa585042ed84d352b74510d82b84e6d90b9f8d153159828ef7ca79900258e9e,coarse,53,FrontDoor,2026,50,0,FrontDoor-B1-QCBO-seed2026,0,3.2125322818756104
100,7de896507ae118b7d1384450b0b083dfe4394f072662ac60d2a136e4cd1e4137,B1,24.366986144138824,0.0003397116825663016,QCBO,False,5a7f0a53a509cc34202e551f6beb82fb915f06ce1241b532d4c9e13a88e8b165,coarse,53,FrontDoor,2027,50,0,FrontDoor-B1-QCBO-seed2027,0,3.2040326595306396
100,7de896507ae118b7d1384450b0b083dfe4394f072662ac60d2a136e4cd1e4137,B1,20.983332760622197,0.00014226542461193148,QCBO,False,5fad0d08d3f34fee2f0b5ffb0cfa8ada2e8c884a3a70b544e4ce13ea14dcbfbc,coarse,53,FrontDoor,2028,50,0,FrontDoor-B1-QCBO-seed2028,0,3.3051466941833496
100,7de896507ae118b7d1384450b0b083dfe4394f072662ac60d2a136e4cd1e4137,B1,0.3756864184261166,0.0016545414971200767,QCBO,False,007f9d572126320c5beb14ad2ea3993cb34e81e649dfe93f02621bff748eb758,coarse,53,FrontDoor,2029,50,0,FrontDoor-B1-QCBO-seed2029,0,3.5160224437713623
120,7de896507ae118b7d1384450b0b083dfe4394f072662ac60d2a136e4cd1e4137,C0,57.50505725391613,1.76442194188553e-13,BO-S,False,52170ac4d294baad95d70d9d0c491ab9b57211c9a0079478f458b4c182959d5a,fine,103,MediatedChain,2000,94,0,MediatedChain-C0-BO-S-seed2000,0,5.65904688835144
120,7de896507ae118b7d1384450b0b083dfe4394f072662ac60d2a136e4cd1e4137,C0,27.674868895140584,5.707452994246909e-08,BO-S,False,b64a3cb880a3095fb63fef9b0e60b45d57f48f83a3fb7b2f344080e6369fb1a6,fine,102,MediatedChain,2001,93,0,MediatedChain-C0-BO-S-seed2001,0,5.501720905303955
120,7de896507ae118b7d1384450b0b083dfe4394f072662ac60d2a136e4cd1e4137,C0,27.15312468976119,8.43435737918341e-12,BO-S,False,1e4cf4453ecf3d791970968331b69db30594e0d55995c6525dd34852a21b64c5,fine,104,MediatedChain,2002,95,0,MediatedChain-C0-BO-S-seed2002,0,5.5452985763549805
120,7de896507ae118b7d1384450b0b083dfe4394f072662ac60d2a136e4cd1e4137,C0,43.384387580010966,4.1100787717684995e-08,BO-S,False,1a1d43c51b551c37c733a78955ab2cfb178d1f9d14acb8a5c47239d878a5335e,fine,102,MediatedChain,2003,93,0,MediatedChain-C0-BO-S-seed2003,0,5.748754262924194
120,7de896507ae118b7d1384450b0b083dfe4394f072662ac60d2a136e4cd1e4137,C0,17.998301754853337,8.981802801510952e-11,BO-S,False,1e6b351e1677f092608a0bb6225668d2c0df979244608b09882556205c037545,fine,104,MediatedChain,2004,95,0,MediatedChain-C0-BO-S-seed2004,0,5.662297964096069
120,7de896507ae118b7d1384450b0b083dfe4394f072662ac60d2a136e4cd1e4137,C0,3.2946021960088596,6.034416908523577e-08,BO-S,False,aa997861f70981b831d795fc56167cb51e16652a2cf607c2ea77c37a72f378dd,fine,103,MediatedChain,2005,94,0,MediatedChain-C0-BO-S-seed2005,0,5.829354286193848
120,7de896507ae118b7d1384450b0b083dfe4394f072662ac60d2a136e4cd1e4137,C0,22.072213753289308,4.8305585149954755e-08,BO-S,False,83b56d07715fcf047060ae5f78ad86f44e142361be3876783ee0015492e3e01c,fine,103,MediatedChain,2006,94,0,MediatedChain-C0-BO-S-seed2006,0,5.696710586547852
120,7de896507ae118b7d1384450b0b083dfe4394f072662ac60d2a136e4cd1e4137,C0,0.6521175446169257,5.7899199323863115e-11,BO-S,False,85ab853c9a7cb32d52c4c3c04aedb2cb25027a0ad2424b77a12c61aa834be0d1,fine,105,MediatedChain,2007,96,0,MediatedChain-C0-BO-S-seed2007,0,5.787522315979004
120,7de896507ae118b7d1384450b0b083dfe4394f072662ac60d2a136e4cd1e4137,C0,70.81083838343432,3.6961210481134543e-09,BO-S,False,e423740dd8221e653eb7c8c325be17654a33bac9c5a8fb7de8ad67d712e21154,fine,103,MediatedChain,2008,94,0,MediatedChain-C0-BO-S-seed2008,0,5.4257566928863525
120,7de896507ae118b7d1384450b0b083dfe4394f072662ac60d2a136e4cd1e4137,C0,44.87344275574882,5.032274270899695e-09,BO-S,False,50b9ede1dc0e2ce232b594d01b3f99b1eca6e4cab1fa99d9664cba810549c21c,fine,104,MediatedChain,2009,95,0,MediatedChain-C0-BO-S-seed2009,0,5.623193740844727
120,7de896507ae118b7d1384450b0b083dfe4394f072662ac60d2a136e4cd1e4137,C0,41.16088561768826,5.793669995146633e-08,BO-S,False,ad6c1fb0efeb43ea0b92115c1381af857e8c4627b994a713c704f2a0ab468d58,fine,104,MediatedChain,2010,95,0,MediatedChain-C0-BO-S-seed2010,0,5.523215293884277
120,7de896507ae118b7d1384450b0b083dfe4394f072662ac60d2a136e4cd1e4137,C0,57.40701184079428,9.166084620482184e-09,BO-S,False,1a83926840050e7355bb90e407f70ae9145824a4431c6654896fd36df6896e41,fine,104,MediatedChain,2011,95,0,MediatedChain-C0-BO-S-seed2011,0,5.465155839920044
120,7de896507ae118b7d1384450b0b083dfe4394f072662ac60d2a136e4cd1e4137,C0,3.6784585637985323,3.90031063002283e-12,BO-S,False,56be92d24962f59a84e91ac7813f8071d2f0b853ea0a027bca0064579c629764,fine,104,MediatedChain,2012,95,0,MediatedChain-C0-BO-S-seed2012,0,5.693416357040405
120,7de896507ae118b7d1384450b0b083dfe4394f072662ac60d2a136e4cd1e4137,C0,1.7537459376586497,4.712842213705493e-09,BO-S,False,98df23e13594e166b686ee8d7d2be571d41657710cf0b403cf8439de40242cae,fine,102,MediatedChain,2013,93,0,MediatedChain-C0-BO-S-seed2013,0,5.550554275512695
120,7de896507ae118b7d1384450b0b083dfe4394f072662ac60d2a136e4cd1e4137,C0,65.96916656780904,1.0150658993901551e-09,BO-S,False,7e8813f30e46490e75cae3f7465297d0ac70eb678ea96fc11baed2c7dace9774,fine,104,MediatedChain,2014,95,0,MediatedChain-C0-BO-S-seed2014,0,5.62786865234375
120,7de896507ae118b7d1384450b0b083dfe4394f072662ac60d2a136e4cd1e4137,C0,1.2569950488011978,6.477825914563695e-11,BO-S,False,32d5c84ed234898f0e7c7a4fff6a585c7fb796995b33a8e2a58f1414080d766f,fine,105,MediatedChain,2015,96,0,MediatedChain-C0-BO-S-seed2015,0,5.674174070358276
120,7de896507ae118b7d1384450b0b083dfe4394f072662ac60d2a136e4cd1e4137,C0,1.8432728765247264,3.6339071821100966e-09,BO-S,False,6a5e0cda5d8a78aee5f0ea8142567414e8665da5a9598dac829da595303e5391,fine,105,MediatedChain,2016,96,0,MediatedChain-C0-BO-S-seed2016,0,5.564235210418701
120,7de896507ae118b7d1384450b0b083dfe4394f072662ac60d2a136e4cd1e4137,C0,34.359263722828715,2.2368831925634325e-09,BO-S,False,ef28ff26310bcfcb114c277eabdb45ce06e829efb5c2ff079616a03e0ed82437,fine,104,MediatedChain,2017,95,0,MediatedChain-C0-BO-S-seed2017,0,5.516439914703369
120,7de896507ae118b7d1384450b0b083dfe4394f072662ac60d2a136e4cd1e4137,C0,19.391689536504167,1.9129786467397825e-07,BO-S,False,06e0139ae4c18e438fcf790af905c729df78016a12b1dd8120ad4c8d4b2334e9,fine,102,MediatedChain,2018,93,0,MediatedChain-C0-BO-S-seed2018,0,5.669538259506226
120,7de896507ae118b7d1384450b0b083dfe4394f072662ac60d2a136e4cd1e4137,C0,2.879087569788599,2.5437903936054163e-09,BO-S,False,7411ed6c4bc6c5de6cc0923a3528187ceb2df009460e2e6b32b3335ebb6b4d89,fine,102,MediatedChain,2019,93,0,MediatedChain-C0-BO-S-seed2019,0,5.394091606140137
120,7de896507ae118b7d1384450b0b083dfe4394f072662ac60d2a136e4cd1e4137,C0,2.0169347058934255,4.397762945473893e-09,BO-S,False,deed956fb7ef76d832dec2c7a1b2dbe15f5dad224227abffc1b65fdedfaf5b02,fine,105,MediatedChain,2020,96,0,MediatedChain-C0-BO-S-seed2020,0,5.846786975860596
120,7de896507ae118b7d1384450b0b083dfe4394f072662ac60d2a136e4cd1e4137,C0,4.302041992918669,9.918001836473067e-11,BO-S,False,c92b2df0362aba0f0c428bb1600ab496f0a3d77a9cf4b590ce0557faca7e177f,fine,106,MediatedChain,2021,97,0,MediatedChain-C0-BO-S-seed2021,0,5.757816314697266
120,7de896507ae118b7d1384450b0b083dfe4394f072662ac60d2a136e4cd1e4137,C0,32.63013829128518,7.498805930372665e-09,BO-S,False,a2f874da19df2a2334f8a3ed4218edcaf771094fc1915187aaaad855e46dddb6,fine,104,MediatedChain,2022,95,0,MediatedChain-C0-BO-S-seed2022,0,5.590957164764404
120,7de896507ae118b7d1384450b0b083dfe4394f072662ac60d2a136e4cd1e4137,C0,38.14403424577204,2.983998077799033e-08,BO-S,False,083d099affce68002a1869fd558d36688549784df635aa3921d4784421ce40b1,fine,107,MediatedChain,2023,98,0,MediatedChain-C0-BO-S-seed2023,0,5.738834857940674
120,7de896507ae118b7d1384450b0b083dfe4394f072662ac60d2a136e4cd1e4137,C0,0.416082909020546,8.436713577752997e-09,BO-S,False,06e0679f71ea70677563a787715c687f2cb2b4dcd8c7225b768cb99872f827d5,fine,103,MediatedChain,2024,94,0,MediatedChain-C0-BO-S-seed2024,0,5.68664026260376
120,7de896507ae118b7d1384450b0b083dfe4394f072662ac60d2a136e4cd1e4137,C0,57.5302122169298,8.304829046679174e-11,BO-S,False,d87760dd8e1cf967cb56eb5e3cc10c37fe7f89705a9346b0df3349c6ea5f120c,fine,103,MediatedChain,2025,94,0,MediatedChain-C0-BO-S-seed2025,0,5.550049781799316
120,7de896507ae118b7d1384450b0b083dfe4394f072662ac60d2a136e4cd1e4137,C0,0.686421133292762,5.156914201220886e-10,BO-S,False,b23edd34ddee7d6a1204582236f8582c2d8992ec2cfe2b378225fcafe8f714ea,fine,103,MediatedChain,2026,94,0,MediatedChain-C0-BO-S-seed2026,0,5.548896074295044
120,7de896507ae118b7d1384450b0b083dfe4394f072662ac60d2a136e4cd1e4137,C0,1.065763538244421,1.8694484155146185e-09,BO-S,False,789d808540e364c6f52d89f2cdba10f1160dc4b32ae8a3a655bbfa81332938b6,fine,103,MediatedChain,2027,94,0,MediatedChain-C0-BO-S-seed2027,0,5.656078338623047
120,7de896507ae118b7d1384450b0b083dfe4394f072662ac60d2a136e4cd1e4137,C0,43.03635319657872,5.1158214144086944e-08,BO-S,False,aa4ea61113121182d410fc4ea81033bf71e9570e002ab42421843b62bcb06b5e,fine,104,MediatedChain,2028,95,0,MediatedChain-C0-BO-S-seed2028,0,5.669731855392456
120,7de896507ae118b7d1384450b0b083dfe4394f072662ac60d2a136e4cd1e4137,C0,1.807174724040696,4.689616168312982e-08,BO-S,False,1b49bce1a36d09385fba8fe8ef6b0bd29d99f76aab94f7eff2335216d711aef4,fine,104,MediatedChain,2029,95,0,MediatedChain-C0-BO-S-seed2029,0,5.572996616363525
120,7de896507ae118b7d1384450b0b083dfe4394f072662ac60d2a136e4cd1e4137,C0,482.28921919919867,3.96,BO,False,52170ac4d294baad95d70d9d0c491ab9b57211c9a0079478f458b4c182959d5a,fine,63,MediatedChain,2000,60,0,MediatedChain-C0-BO-seed2000,0,2.598101854324341
120,7de896507ae118b7d1384450b0b083dfe4394f072662ac60d2a136e4cd1e4137,C0,485.3568418316049,3.96,BO,False,b64a3cb880a3095fb63fef9b0e60b45d57f48f83a3fb7b2f344080e6369fb1a6,fine,63,MediatedChain,2001,60,0,MediatedChain-C0-BO-seed2001,0,2.6784720420837402
120,7de896507ae118b7d1384450b0b083dfe4394f072662ac60d2a136e4cd1e4137,C0,490.9240533776252,3.96,BO,False,1e4cf4453ecf3d791970968331b69db30594e0d55995c6525dd34852a21b64c5,fine,63,MediatedChain,2002,60,0,MediatedChain-C0-BO-seed2002,0,2.659954309463501
120,7de896507ae118b7d1384450b0b083dfe4394f072662ac60d2a136e4cd1e4137,C0,482.7273101385278,3.96,BO,False,1a1d43c51b551c37c733a78955ab2cfb178d1f9d14acb8a5c47239d878a5335e,fine,63,MediatedChain,2003,60,0,MediatedChain-C0-BO-seed2003,0,2.6762490272521973
120,7de896507ae118b7d1384450b0b083dfe4394f072662ac60d2a136e4cd1e4137,C0,493.9546725799217,3.96,BO,False,1e6b351e1677f092608a0bb6225668d2c0df979244608b09882556205c037545,fine,63,MediatedChain,2004,60,0,MediatedChain-C0-BO-seed2004,0,2.6712379455566406
120,7de896507ae118b7d1384450b0b083dfe4394f072662ac60d2a136e4cd1e4137,C0,486.82563846100766,3.96,BO,False,aa997861f70981b831d795fc56167cb51e16652a2cf607c2ea77c37a72f378dd,fine,63,MediatedChain,2005,60,0,MediatedChain-C0-BO-seed2005,0,2.8603408336639404
120,7de896507ae118b7d1384450b0b083dfe4394f072662ac60d2a136e4cd1e4137,C0,495.18648185815067,3.96,BO,False,83b56d07715fcf047060ae5f78ad86f44e142361be3876783ee0015492e3e01c,fine,63,MediatedChain,2006,60,0,MediatedChain-C0-BO-seed2006,0,2.6089370250701904
120,7de896507ae118b7d1384450b0b083dfe4394f072662ac60d2a136e4cd1e4137,C0,485.54335532698946,3.96,BO,False,85ab853c9a7cb32d52c4c3c04aedb2cb25027a0ad2424b77a12c61aa834be0d1,fine,63,MediatedChain,2007,60,0,MediatedChain-C0-BO-seed2007,0,2.822801351547241
120,7de896507ae118b7d1384450b0b083dfe4394f072662ac60d2a136e4cd1e4137,C0,501.4595136266209,3.96,BO,False,e423740dd8221e653eb7c8c325be17654a33bac9c5a8fb7de8ad67d712e21154,fine,63,MediatedChain,2008,60,0,MediatedChain-C0-BO-seed2008,0,2.5621743202209473
120,7de896507ae118b7d1384450b0b083dfe4394f072662ac60d2a136e4cd1e4137,C0,505.2399999999989,3.96,BO,False,50b9ede1dc0e2ce232b594d01b3f99b1eca6e4cab1fa99d9664cba810549c21c,fine,63,MediatedChain,2009,60,0,MediatedChain-C0-BO-seed2009,0,2.6294021606445312
120,7de896507ae118b7d1384450b0b083dfe4394f072662ac60d2a136e4cd1e4137,C0,492.31765117878933,3.96,BO,False,ad6c1fb0efeb43ea0b92115c1381af857e8c4627b994a713c704f2a0ab468d58,fine,63,MediatedChain,2010,60,0,MediatedChain-C0-BO-seed2010,0,2.8624603748321533
120,7de896507ae118b7d1384450b0b083dfe4394f072662ac60d2a136e4cd1e4137,C0,485.92618188586414,3.96,BO,False,1a83926840050e7355bb90e407f70ae9145824a4431c6654896fd36df6896e41,fine,63,MediatedChain,2011,60,0,MediatedChain-C0-BO-seed2011,0,2.5725252628326416
120,7de896507ae118b7d1384450b0b083dfe4394f072662ac60d2a136e4cd1e4137,C0,505.2399999999989,3.96,BO,False,56be92d24962f59a84e91ac7813f8071d2f0b853ea0a027bca0064579c629764,fine,63,MediatedChain,2012,60,0,MediatedChain-C0-BO-seed2012,0,2.6724531650543213
120,7de896507ae118b7d1384450b0b083dfe4394f072662ac60d2a136e4cd1e4137,C0,505.2399999999989,3.96,BO,False,98df23e13594e166b686ee8d7d2be571d41657710cf0b403cf8439de40242cae,fine,63,MediatedChain,2013,60,0,MediatedChain-C0-BO-seed2013,0,2.397663116455078
120,7de896507ae118b7d1384450b0b083dfe4394f072662ac60d2a136e4cd1e4137,C0,485.4194346397394,3.96,BO,False,7e8813f30e46490e75cae3f7465297d0ac70eb678ea96fc11baed2c7dace9774,fine,63,MediatedChain,2014,60,0,MediatedChain-C0-BO-seed2014,0,2.842702865600586
120,7de896507ae118b7d1384450b0b083dfe4394f072662ac60d2a136e4cd1e4137,C0,479.8511873107708,3.96,BO,False,32d5c84ed234898f0e7c7a4fff6a585c7fb796995b33a8e2a58f1414080d766f,fine,63,MediatedChain,2015,60,0,MediatedChain-C0-BO-seed2015,0,2.5065202713012695
120,7de896507ae118b7d1384450b0b083dfe4394f072662ac60d2a136e4cd1e4137,C0,479.5578341602874,3.96,BO,False,6a5e0cda5d8a78aee5f0ea8142567414e8665da5a9598dac829da595303e5391,fine,63,MediatedChain,2016,60,0,MediatedChain-C0-BO-seed2016,0,2.744373083114624
120,7de896507ae118b7d1384450b0b083dfe4394f072662ac60d2a136e4cd1e4137,C0,482.96013152195513,3.96,BO,False,ef28ff26310bcfcb114c277eabdb45ce06e829efb5c2ff079616a03e0ed82437,fine,63,MediatedChain,2017,60,0,MediatedChain-C0-BO-seed2017,0,2.7338473796844482
120,7de896507ae118b7d1384450b0b083dfe4394f072662ac60d2a136e4cd1e4137,C0,481.1764543279089,3.96,BO,False,06e0139ae4c18e438fcf790af905c729df78016a12b1dd8120ad4c8d4b2334e9,fine,63,MediatedChain,2018,60,0,MediatedChain-C0-BO-seed2018,0,2.715301752090454
120,7de896507ae118b7d1384450b0b083dfe4394f072662ac60d2a136e4cd1e4137,C0,480.6142829338502,3.96,BO,False,7411ed6c4bc6c5de6cc0923a3528187ceb2df009460e2e6b32b3335ebb6b4d89,fine,63,MediatedChain,2019,60,0,MediatedChain-C0-BO-seed2019,0,2.7519588470458984
120,7de896507ae118b7d1384450b0b083dfe4394f072662ac60d2a136e4cd1e4137,C0,487.6022026797549,3.96,BO,False,deed956fb7ef76d832dec2c7a1b2dbe15f5dad224227abffc1b65fdedfaf5b02,fine,63,MediatedChain,2020,60,0,MediatedChain-C0-BO-seed2020,0,2.610758066177368
120,7de896507ae118b7d1384450b0b083dfe4394f072662ac60d2a136e4cd1e4137,C0,479.81361005526026,3.96,BO,False,c92b2df0362aba0f0c428bb1600ab496f0a3d77a9cf4b590ce0557faca7e177f,fine,63,MediatedChain,2021,60,0,MediatedChain-C0-BO-seed2021,0,2.6304993629455566
120,7de896507ae118b7d1384450b0b083dfe4394f072662ac60d2a136e4cd1e4137,C0,490.6184766476152,3.96,BO,False,a2f874da19df2a2334f8a3ed4218edcaf771094fc1915187aaaad855e46dddb6,fine,63,MediatedChain,2022,60,0,MediatedChain-C0-BO-seed2022,0,2.732236623764038
120,7de896507ae118b7d1384450b0b083dfe4394f072662ac60d2a136e4cd1e4137,C0,482.6624913913421,3.96,BO,False,083d099affce68002a1869fd558d36688549784df635aa3921d4784421ce40b1,fine,63,MediatedChain,2023,60,0,MediatedChain-C0-BO-seed2023,0,2.77895188331604
120,7de896507ae118b7d1384450b0b083dfe4394f072662ac60d2a136e4cd1e4137,C0,492.3792557728736,3.96,BO,False,06e0679f71ea70677563a787715c687f2cb2b4dcd8c7225b768cb99872f827d5,fine,63,MediatedChain,2024,60,0,MediatedChain-C0-BO-seed2024,0,2.8221585750579834
120,7de896507ae118b7d1384450b0b083dfe4394f072662ac60d2a136e4cd1e4137,C0,499.4648302415129,3.96,BO,False,d87760dd8e1cf967cb56eb5e3cc10c37fe7f89705a9346b0df3349c6ea5f120c,fine,63,MediatedChain,2025,60,0,MediatedChain-C0-BO-seed2025,0,2.817805051803589
120,7de896507ae118b7d1384450b0b083dfe4394f072662ac60d2a136e4cd1e4137,C0,479.7522327624022,3.96,BO,False,b23edd34ddee7d6a1204582236f8582c2d8992ec2cfe2b378225fcafe8f714ea,fine,63,MediatedChain,2026,60,0,MediatedChain-C0-BO-seed2026,0,2.655921697616577
120,7de896507ae118b7d1384450b0b083dfe4394f072662ac60d2a136e4cd1e4137,C0,490.3197602278693,3.96,BO,False,789d808540e364c6f52d89f2cdba10f1160dc4b32ae8a3a655bbfa81332938b6,fine,63,MediatedChain,2027,60,0,MediatedChain-C0-BO-seed2027,0,2.4913930892944336
120,7de896507ae118b7d1384450b0b083dfe4394f072662ac60d2a136e4cd1e4137,C0,504.29165634031364,3.96,BO,False,aa4ea61113121182d410fc4ea81033bf71e9570e002ab42421843b62bcb06b5e,fine,63,MediatedChain,2028,60,0,MediatedChain-C0-BO-seed2028,0,2.5995922088623047
120,7de896507ae118b7d1384450b0b083dfe4394f072662ac60d2a136e4cd1e4137,C0,496.36785824152287,3.96,BO,False,1b49bce1a36d09385fba8fe8ef6b0bd29d99f76aab94f7eff2335216d711aef4,fine,63,MediatedChain,2029,60,0,MediatedChain-C0-BO-seed2029,0,2.591479539871216
120,7de896507ae118b7d1384450b0b083dfe4394f072662ac60d2a136e4cd1e4137,C0,12.507768459890144,8.525215003385433e-08,CBO,False,52170ac4d294baad95d70d9d0c491ab9b57211c9a0079478f458b4c182959d5a,fine,126,MediatedChain,2000,120,0,MediatedChain-C0-CBO-seed2000,0,15.865912914276123
120,7de896507ae118b7d1384450b0b083dfe4394f072662ac60d2a136e4cd1e4137,C0,2.5556804157921698,7.190591524985912e-10,CBO,False,b64a3cb880a3095fb63fef9b0e60b45d57f48f83a3fb7b2f344080e6369fb1a6,fine,126,MediatedChain,2001,120,0,MediatedChain-C0-CBO-seed2001,0,18.535656452178955
120,7de896507ae118b7d1384450b0b083dfe4394f072662ac60d2a136e4cd1e4137,C0,2.924351277148529,3.7611052397523714e-09,CBO,False,1e4cf4453ecf3d791970968331b69db30594e0d55995c6525dd34852a21b64c5,fine,126,MediatedChain,2002,120,0,MediatedChain-C0-CBO-seed2002,0,17.52154517173767
120,7de896507ae118b7d1384450b0b083dfe4394f072662ac60d2a136e4cd1e4137,C0,4.378244175145261,3.0100223008533433e-10,CBO,False,1a1d43c51b551c37c733a78955ab2cfb178d1f9d14acb8a5c47239d878a5335e,fine,126,MediatedChain,2003,120,0,MediatedChain-C0-CBO-seed2003,0,17.46431016921997
120,7de896507ae118b7d1384450b0b083dfe4394f072662ac60d2a136e4cd1e4137,C0,2.5864930706492637,1.8345289870547177e-10,CBO,False,1e6b351e1677f092608a0bb6225668d2c0df979244608b09882556205c037545,fine,126,MediatedChain,2004,120,0,MediatedChain-C0-CBO-seed2004,0,17.421303749084473
120,7de896507ae118b7d1384450b0b083dfe4394f072662ac60d2a136e4cd1e4137,C0,2.7616080551363407,4.512161901754075e-08,CBO,False,aa997861f70981b831d795fc56167cb51e16652a2cf607c2ea77c37a72f378dd,fine,126,MediatedChain,2005,120,0,MediatedChain-C0-CBO-seed2005,0,16.943981647491455
120,7de896507ae118b7d1384450b0b083dfe4394f072662ac60d2a136e4cd1e4137,C0,2.9927553726176233,6.24364587809012e-10,CBO,False,83b56d07715fcf047060ae5f78ad86f44e142361be3876783ee0015492e3e01c,fine,126,MediatedChain,2006,120,0,MediatedChain-C0-CBO-seed2006,0,17.509183406829834
120,7de896507ae118b7d1384450b0b083dfe4394f072662ac60d2a136e4cd1e4137,C0,0.32233617572806,7.504403973235263e-10,CBO,False,85ab853c9a7cb32d52c4c3c04aedb2cb25027a0ad2424b77a12c61aa834be0d1,fine,126,MediatedChain,2007,120,0,MediatedChain-C0-CBO-seed2007,0,17.424097537994385
120,7de896507ae118b7d1384450b0b083dfe4394f072662ac60d2a136e4cd1e4137,C0,8.887877193525403,7.127055445810271e-09,CBO,False,e423740dd8221e653eb7c8c325be17654a33bac9c5a8fb7de8ad67d712e21154,fine,126,MediatedChain,2008,120,0,MediatedChain-C0-CBO-seed2008,0,17.504720211029053
120,7de896507ae118b7d1384450b0b083dfe4394f072662ac60d2a136e4cd1e4137,C0,2.9418843488636823,4.0430291977505695e-07,CBO,False,50b9ede1dc0e2ce232b594d01b3f99b1eca6e4cab1fa99d9664cba810549c21c,fine,126,MediatedChain,2009,120,0,MediatedChain-C0-CBO-seed2009,0,17.23870539665222
120,7de896507ae118b7d1384450b0b083dfe4394f072662ac60d2a136e4cd1e4137,C0,12.556577893620153,1.9794824113184006e-10,CBO,False,ad6c1fb0efeb43ea0b92115c1381af857e8c4627b994a713c704f2a0ab468d58,fine,126,MediatedChain,2010,120,0,MediatedChain-C0-CBO-seed2010,0,17.381306886672974
120,7de896507ae118b7d1384450b0b083dfe4394f072662ac60d2a136e4cd1e4137,C0,11.486200815444542,1.1621401284356292e-07,CBO,False,1a83926840050e7355bb90e407f70ae9145824a4431c6654896fd36df6896e41,fine,126,MediatedChain,2011,120,0,MediatedChain-C0-CBO-seed2011,0,18.089389085769653
120,7de896507ae118b7d1384450b0b083dfe4394f072662ac60d2a136e4cd1e4137,C0,1.0286161242319323,1.9089652358861287e-09,CBO,False,56be92d24962f59a84e91ac7813f8071d2f0b853ea0a027bca0064579c629764,fine,126,MediatedChain,2012,120,0,MediatedChain-C0-CBO-seed2012,0,13.15446400642395
120,7de896507ae118b7d1384450b0b083dfe4394f072662ac60d2a136e4cd1e4137,C0,1.520141186841186,1.525039469707501e-10,CBO,False,98df23e13594e166b686ee8d7d2be571d41657710cf0b403cf8439de40242cae,fine,126,MediatedChain,2013,120,0,MediatedChain-C0-CBO-seed2013,0,16.73773431777954
120,7de896507ae118b7d1384450b0b083dfe4394f072662ac60d2a136e4cd1e4137,C0,7.145584023873401,2.0438160122648874e-09,CBO,False,7e8813f30e46490e75cae3f7465297d0ac70eb678ea96fc11baed2c7dace9774,fine,126,MediatedChain,2014,120,0,MediatedChain-C0-CBO-seed2014,0,17.282344102859497
120,7de896507ae118b7d1384450b0b083dfe4394f072662ac60d2a136e4cd1e4137,C0,0.21898003527453813,3.0318860755329524e-09,CBO,False,32d5c84ed234898f0e7c7a4fff6a585c7fb796995b33a8e2a58f1414080d766f,fine,126,MediatedChain,2015,120,0,MediatedChain-C0-CBO-seed2015,0,17.243263244628906
120,7de896507ae118b7d1384450b0b083dfe4394f072662ac60d2a136e4cd1e4137,C0,1.1728092801354102,1.1024589116614969e-08,CBO,False,6a5e0cda5d8a78aee5f0ea8142567414e8665da5a9598dac829da595303e5391,fine,126,MediatedChain,2016,120,0,MediatedChain-C0-CBO-seed2016,0,16.762404203414917
120,7de896507ae118b7d1384450b0b083dfe4394f072662ac60d2a136e4cd1e4137,C0,23.002666806196025,8.132198317523098e-10,CBO,False,ef28ff26310bcfcb114c277eabdb45ce06e829efb5c2ff079616a03e0ed82437,fine,126,MediatedChain,2017,120,0,MediatedChain-C0-CBO-seed2017,0,17.004212856292725
120,7de896507ae118b7d1384450b0b083dfe4394f072662ac60d2a136e4cd1e4137,C0,5.412971710074468,2.0657332927553895e-09,CBO,False,06e0139ae4c18e438fcf790af905c729df78016a12b1dd8120ad4c8d4b2334e9,fine,126,MediatedChain,2018,120,0,MediatedChain-C0-CBO-seed2018,0,13.99660873413086
120,7de896507ae118b7d1384450b0b083dfe4394f072662ac60d2a136e4cd1e4137,C0,0.6761008806843891,4.49663763169017e-09,CBO,False,7411ed6c4bc6c5de6cc0923a3528187ceb2df009460e2e6b32b3335ebb6b4d89,fine,126,MediatedChain,2019,120,0,MediatedChain-C0-CBO-seed2019,0,14.815641403198242
120,7de896507ae118b7d1384450b0b083dfe4394f072662ac60d2a136e4cd1e4137,C0,0.8523731249717996,1.7226658918789717e-09,CBO,False,deed956fb7ef76d832dec2c7a1b2dbe15f5dad224227abffc1b65fdedfaf5b02,fine,126,MediatedChain,2020,120,0,MediatedChain-C0-CBO-seed2020,0,16.837318420410156
120,7de896507ae118b7d1384450b0b083dfe4394f072662ac60d2a136e4cd1e4137,C0,9.424482750369078,2.0606585778015774e-08,CBO,False,c92b2df0362aba0f0c428bb1600ab496f0a3d77a9cf4b590ce0557faca7e177f,fine,126,MediatedChain,2021,120,0,MediatedChain-C0-CBO-seed2021,0,16.679188013076782
120,7de896507ae118b7d1384450b0b083dfe4394f072662ac60d2a136e4cd1e4137,C0,6.2544931583290335,1.5709667879060252e-08,CBO,False,a2f874da19df2a2334f8a3ed4218edcaf771094fc1915187aaaad855e46dddb6,fine,126,MediatedChain,2022,120,0,MediatedChain-C0-CBO-seed2022,0,14.705008029937744
120,7de896507ae118b7d1384450b0b083dfe4394f072662ac60d2a136e4cd1e4137,C0,2.9343901525750997,2.4860275624205563e-07,CBO,False,083d099affce68002a1869fd558d36688549784df635aa3921d4784421ce40b1,fine,126,MediatedChain,2023,120,0,MediatedChain-C0-CBO-seed2023,0,15.639998197555542
120,7de896507ae118b7d1384450b0b083dfe4394f072662ac60d2a136e4cd1e4137,C0,0.2799816242502823,3.261425296496867e-10,CBO,False,06e0679f71ea70677563a787715c687f2cb2b4dcd8c7225b768cb99872f827d5,fine,126,MediatedChain,2024,120,0,MediatedChain-C0-CBO-seed2024,0,14.397784233093262
120,7de896507ae118b7d1384450b0b083dfe4394f072662ac60d2a136e4cd1e4137,C0,10.021325082542932,1.3217454894465241e-08,CBO,False,d87760dd8e1cf967cb56eb5e3cc10c37fe7f89705a9346b0df3349c6ea5f120c,fine,126,MediatedChain,2025,120,0,MediatedChain-C0-CBO-seed2025,0,15.559991121292114
120,7de896507ae118b7d1384450b0b083dfe4394f072662ac60d2a136e4cd1e4137,C0,0.0876032966733015,1.278525202375036e-11,CBO,False,b23edd34ddee7d6a1204582236f8582c2d8992ec2cfe2b378225fcafe8f714ea,fine,126,MediatedChain,2026,120,0,MediatedChain-C0-CBO-seed2026,0,17.12374711036682
120,7de896507ae118b7d1384450b0b083dfe4394f072662ac60d2a136e4cd1e4137,C0,1.0992591953651425,1.3331182630027527e-08,CBO,False,789d808540e364c6f52d89f2cdba10f1160dc4b32ae8a3a655bbfa81332938b6,fine,126,MediatedChain,2027,120,0,MediatedChain-C0-CBO-seed2027,0,17.673481464385986
120,7de896507ae118b7d1384450b0b083dfe4394f072662ac60d2a136e4cd1e4137,C0,17.970789280369736,2.5997014263534624e-10,CBO,False,aa4ea61113121182d410fc4ea81033bf71e9570e002ab42421843b62bcb06b5e,fine,126,MediatedChain,2028,120,0,MediatedChain-C0-CBO-seed2028,0,18.192397594451904
120,7de896507ae118b7d1384450b0b083dfe4394f072662ac60d2a136e4cd1e4137,C0,1.4967390916870924,2.402644937171683e-09,CBO,False,1b49bce1a36d09385fba8fe8ef6b0bd29d99f76aab94f7eff2335216d711aef4,fine,126,MediatedChain,2029,120,0,MediatedChain-C0-CBO-seed2029,0,16.683744192123413
120,7de896507ae118b7d1384450b0b083dfe4394f072662ac60d2a136e4cd1e4137,C0,75.29587716798294,8.632073314335242e-07,HQCBO,False,52170ac4d294baad95d70d9d0c491ab9b57211c9a0079478f458b4c182959d5a,coarse,83,MediatedChain,2000,80,0,MediatedChain-C0-HQCBO-seed2000,0,7.607394456863403
120,7de896507ae118b7d1384450b0b083dfe4394f072662ac60d2a136e4cd1e4137,C0,74.52030091005115,2.5534513106717505e-07,HQCBO,False,b64a3cb880a3095fb63fef9b0e60b45d57f48f83a3fb7b2f344080e6369fb1a6,coarse,83,MediatedChain,2001,80,0,MediatedChain-C0-HQCBO-seed2001,0,7.454979419708252
120,7de896507ae118b7d1384450b0b083dfe4394f072662ac60d2a136e4cd1e4137,C0,66.37078328864163,6.174585868296001e-08,HQCBO,False,1e4cf4453ecf3d791970968331b69db30594e0d55995c6525dd34852a21b64c5,coarse,80,MediatedChain,2002,77,0,MediatedChain-C0-HQCBO-seed2002,0,6.839184761047363
120,7de896507ae118b7d1384450b0b083dfe4394f072662ac60d2a136e4cd1e4137,C0,82.88298734722609,4.294379497143952e-08,HQCBO,False,1a1d43c51b551c37c733a78955ab2cfb178d1f9d14acb8a5c47239d878a5335e,coarse,84,MediatedChain,2003,81,0,MediatedChain-C0-HQCBO-seed2003,0,7.082411527633667
120,7de896507ae118b7d1384450b0b083dfe4394f072662ac60d2a136e4cd1e4137,C0,84.8344882357036,2.849758878598063e-07,HQCBO,False,1e6b351e1677f092608a0bb6225668d2c0df979244608b09882556205c037545,coarse,82,MediatedChain,2004,79,0,MediatedChain-C0-HQCBO-seed2004,0,8.095665693283081
120,7de896507ae118b7d1384450b0b083dfe4394f072662ac60d2a136e4cd1e4137,C0,61.19561643970074,3.788021199629954e-07,HQCBO,False,aa997861f70981b831d795fc56167cb51e16652a2cf607c2ea77c37a72f378dd,coarse,86,MediatedChain,2005,83,0,MediatedChain-C0-HQCBO-seed2005,0,7.232267618179321
120,7de896507ae118b7d1384450b0b083dfe4394f072662ac60d2a136e4cd1e4137,C0,99.73007059875347,4.299081923786474e-12,HQCBO,False,83b56d07715fcf047060ae5f78ad86f44e142361be3876783ee0015492e3e01c,coarse,83,MediatedChain,2006,80,0,MediatedChain-C0-HQCBO-seed2006,0,7.33797550201416
120,7de896507ae118b7d1384450b0b083dfe4394f072662ac60d2a136e4cd1e4137,C0,81.60896611163786,7.085711767329528e-09,HQCBO,False,85ab853c9a7cb32d52c4c3c04aedb2cb25027a0ad2424b77a12c61aa834be0d1,coarse,82,MediatedChain,2007,79,0,MediatedChain-C0-HQCBO-seed2007,0,7.157239198684692
120,7de896507ae118b7d1384450b0b083dfe4394f072662ac60d2a136e4cd1e4137,C0,102.13620663618644,6.189241959844716e-07,HQCBO,False,e423740dd8221e653eb7c8c325be17654a33bac9c5a8fb7de8ad67d712e21154,coarse,85,MediatedChain,2008,82,0,MediatedChain-C0-HQCBO-seed2008,0,7.323543310165405
120,7de896507ae118b7d1384450b0b083dfe4394f072662ac60d2a136e4cd1e4137,C0,101.41495375864446,3.1533337237904524e-07,HQCBO,False,50b9ede1dc0e2ce232b594d01b3f99b1eca6e4cab1fa99d9664cba810549c21c,coarse,82,MediatedChain,2009,79,0,MediatedChain-C0-HQCBO-seed2009,0,7.140864133834839
120,7de896507ae118b7d1384450b0b083dfe4394f072662ac60d2a136e4cd1e4137,C0,77.74406881973982,6.182143574215426e-07,HQCBO,False,ad6c1fb0efeb43ea0b92115c1381af857e8c4627b994a713c704f2a0ab468d58,coarse,84,MediatedChain,2010,81,0,MediatedChain-C0-HQCBO-seed2010,0,7.5907416343688965
120,7de896507ae118b7d1384450b0b083dfe4394f072662ac60d2a136e4cd1e4137,C0,76.57722054148257,2.2467694018452056e-07,HQCBO,False,1a83926840050e7355bb90e407f70ae9145824a4431c6654896fd36df6896e41,coarse,83,MediatedChain,2011,80,0,MediatedChain-C0-HQCBO-seed2011,0,7.0799338817596436
120,7de896507ae118b7d1384450b0b083dfe4394f072662ac60d2a136e4cd1e4137,C0,105.31271310024664,1.758834028350864e-07,HQCBO,False,56be92d24962f59a84e91ac7813f8071d2f0b853ea0a027bca0064579c629764,coarse,84,MediatedChain,2012,81,0,MediatedChain-C0-HQCBO-seed2012,0,7.37305212020874
120,7de896507ae118b7d1384450b0b083dfe4394f072662ac60d2a136e4cd1e4137,C0,95.4047642927762,4.726687835576726e-08,HQCBO,False,98df23e13594e166b686ee8d7d2be571d41657710cf0b403cf8439de40242cae,coarse,85,MediatedChain,2013,82,0,MediatedChain-C0-HQCBO-seed2013,0,7.760777473449707
120,7de896507ae118b7d1384450b0b083dfe4394f072662ac60d2a136e4cd1e4137,C0,79.13842671959023,6.415553053806811e-07,HQCBO,False,7e8813f30e46490e75cae3f7465297d0ac70eb678ea96fc11baed2c7dace9774,coarse,79,MediatedChain,2014,76,0,MediatedChain-C0-HQCBO-seed2014,0,6.829430818557739
120,7de896507ae118b7d1384450b0b083dfe4394f072662ac60d2a136e4cd1e4137,C0,71.31703628271376,2.387237653320162e-07,HQCBO,False,32d5c84ed234898f0e7c7a4fff6a585c7fb796995b33a8e2a58f1414080d766f,coarse,82,MediatedChain,2015,79,0,MediatedChain-C0-HQCBO-seed2015,0,6.756002426147461
120,7de896507ae118b7d1384450b0b083dfe4394f072662ac60d2a136e4cd1e4137,C0,75.94649259327196,1.7855200852567865e-08,HQCBO,False,6a5e0cda5d8a78aee5f0ea8142567414e8665da5a9598dac829da595303e5391,coarse,83,MediatedChain,2016,80,0,MediatedChain-C0-HQCBO-seed2016,0,7.170891284942627
120,7de896507ae118b7d1384450b0b083dfe4394f072662ac60d2a136e4cd1e4137,C0,74.856517185089,3.998603118060551e-07,HQCBO,False,ef28ff26310bcfcb114c277eabdb45ce06e829efb5c2ff079616a03e0ed82437,coarse,88,MediatedChain,2017,85,0,MediatedChain-C0-HQCBO-seed2017,0,7.684757232666016
120,7de896507ae118b7d1384450b0b083dfe4394f072662ac60d2a136e4cd1e4137,C0,69.61906446184338,3.307432622640105e-07,HQCBO,False,06e0139ae4c18e438fcf790af905c729df78016a12b1dd8120ad4c8d4b2334e9,coarse,82,MediatedChain,2018,79,0,MediatedChain-C0-HQCBO-seed2018,0,6.760844707489014
120,7de896507ae118b7d1384450b0b083dfe4394f072662ac60d2a136e4cd1e4137,C0,58.352770714977574,2.5005853016707436e-07,HQCBO,False,7411ed6c4bc6c5de6cc0923a3528187ceb2df009460e2e6b32b3335ebb6b4d89,coarse,86,MediatedChain,2019,83,0,MediatedChain-C0-HQCBO-seed2019,0,7.483827352523804
120,7de896507ae118b7d1384450b0b083dfe4394f072662ac60d2a136e4cd1e4137,C0,79.65063782537932,5.403241381263246e-07,HQCBO,False,deed956fb7ef76d832dec2c7a1b2dbe15f5dad224227abffc1b65fdedfaf5b02,coarse,85,MediatedChain,2020,82,0,MediatedChain-C0-HQCBO-seed2020,0,7.455414772033691
120,7de896507ae118b7d1384450b0b083dfe4394f072662ac60d2a136e4cd1e4137,C0,71.47272157776281,1.7893669927021572e-07,HQCBO,False,c92b2df0362aba0f0c428bb1600ab496f0a3d77a9cf4b590ce0557faca7e177f,coarse,82,MediatedChain,2021,79,0,MediatedChain-C0-HQCBO-seed2021,0,6.952381134033203
120,7de896507ae118b7d1384450b0b083dfe4394f072662ac60d2a136e4cd1e4137,C0,84.34774268690934,6.0426713424655e-09,HQCBO,False,a2f874da19df2a2334f8a3ed4218edcaf771094fc1915187aaaad855e46dddb6,coarse,86,MediatedChain,2022,83,0,MediatedChain-C0-HQCBO-seed2022,0,7.467164516448975
120,7de896507ae118b7d1384450b0b083dfe4394f072662ac60d2a136e4cd1e4137,C0,55.095487897184356,1.7593556602552018e-07,HQCBO,False,083d099affce68002a1869fd558d36688549784df635aa3921d4784421ce40b1,coarse,85,MediatedChain,2023,82,0,MediatedChain-C0-HQCBO-seed2023,0,7.349540710449219
120,7de896507ae118b7d1384450b0b083dfe4394f072662ac60d2a136e4cd1e4137,C0,88.48085122531054,1.1333728472395777e-07,HQCBO,False,06e0679f71ea70677563a787715c687f2cb2b4dcd8c7225b768cb99872f827d5,coarse,80,MediatedChain,2024,77,0,MediatedChain-C0-HQCBO-seed2024,0,6.750486135482788
120,7de896507ae118b7d1384450b0b083dfe4394f072662ac60d2a136e4cd1e4137,C0,91.71681969106292,6.932092243977506e-08,HQCBO,False,d87760dd8e1cf967cb56eb5e3cc10c37fe7f89705a9346b0df3349c6ea5f120c,coarse,84,MediatedChain,2025,81,0,MediatedChain-C0-HQCBO-seed2025,0,7.382429361343384
120,7de896507ae118b7d1384450b0b083dfe4394f072662ac60d2a136e4cd1e4137,C0,72.197422335232,4.74233873698493e-08,HQCBO,False,b23edd34ddee7d6a1204582236f8582c2d8992ec2cfe2b378225fcafe8f714ea,coarse,83,MediatedChain,2026,80,0,MediatedChain-C0-HQCBO-seed2026,0,7.10123348236084
120,7de896507ae118b7d1384450b0b083dfe4394f072662ac60d2a136e4cd1e4137,C0,94.37944599835566,2.3564602318060235e-08,HQCBO,False,789d808540e364c6f52d89f2cdba10f1160dc4b32ae8a3a655bbfa81332938b6,coarse,88,MediatedChain,2027,85,0,MediatedChain-C0-HQCBO-seed2027,0,8.65237545967102
120,7de896507ae118b7d1384450b0b083dfe4394f072662ac60d2a136e4cd1e4137,C0,96.6614460454643,1.4455923362521883e-07,HQCBO,False,aa4ea61113121182d410fc4ea81033bf71e9570e002ab42421843b62bcb06b5e,coarse,86,MediatedChain,2028,83,0,MediatedChain-C0-HQCBO-seed2028,0,7.137769460678101
120,7de896507ae118b7d1384450b0b083dfe4394f072662ac60d2a136e4cd1e4137,C0,88.63066459821987,1.5094335726467678e-07,HQCBO,False,1b49bce1a36d09385fba8fe8ef6b0bd29d99f76aab94f7eff2335216d711aef4,coarse,83,MediatedChain,2029,80,0,MediatedChain-C0-HQCBO-seed2029,0,7.103604555130005
120,7de896507ae118b7d1384450b0b083dfe4394f072662ac60d2a136e4cd1e4137,C0,480.72460959959886,3.96,QCBO,False,52170ac4d294baad95d70d9d0c491ab9b57211c9a0079478f458b4c182959d5a,coarse,63,MediatedChain,2000,60,0,MediatedChain-C0-QCBO-seed2000,0,6.000954866409302
120,7de896507ae118b7d1384450b0b083dfe4394f072662ac60d2a136e4cd1e4137,C0,482.25842091580193,3.96,QCBO,False,b64a3cb880a3095fb63fef9b0e60b45d57f48f83a3fb7b2f344080e6369fb1a6,coarse,63,MediatedChain,2001,60,0,MediatedChain-C0-QCBO-seed2001,0,5.520614862442017
120,7de896507ae118b7d1384450b0b083dfe4394f072662ac60d2a136e4cd1e4137,C0,490.9240533776252,3.96,QCBO,False,1e4cf4453ecf3d791970968331b69db30594e0d55995c6525dd34852a21b64c5,coarse,63,MediatedChain,2002,60,0,MediatedChain-C0-QCBO-seed2002,0,5.235171318054199
120,7de896507ae118b7d1384450b0b083dfe4394f072662ac60d2a136e4cd1e4137,C0,482.7273101385278,3.96,QCBO,False,1a1d43c51b551c37c733a78955ab2cfb178d1f9d14acb8a5c47239d878a5335e,coarse,63,MediatedChain,2003,60,0,MediatedChain-C0-QCBO-seed2003,0,5.479826927185059
120,7de896507ae118b7d1384450b0b083dfe4394f072662ac60d2a136e4cd1e4137,C0,493.9546725799217,3.96,QCBO,False,1e6b351e1677f092608a0bb6225668d2c0df979244608b09882556205c037545,coarse,63,MediatedChain,2004,60,0,MediatedChain-C0-QCBO-seed2004,0,5.512858629226685
120,7de896507ae118b7d1384450b0b083dfe4394f072662ac60d2a136e4cd1e4137,C0,486.82563846100766,3.96,QCBO,False,aa997861f70981b831d795fc56167cb51e16652a2cf607c2ea77c37a72f378dd,coarse,63,MediatedChain,2005,60,0,MediatedChain-C0-QCBO-seed2005,0,5.3033607006073
120,7de896507ae118b7d1384450b0b083dfe4394f072662ac60d2a136e4cd1e4137,C0,495.18648185815067,3.96,QCBO,False,83b56d07715fcf047060ae5f78ad86f44e142361be3876783ee0015492e3e01c,coarse,63,MediatedChain,2006,60,0,MediatedChain-C0-QCBO-seed2006,0,5.5993475914001465
120,7de896507ae118b7d1384450b0b083dfe4394f072662ac60d2a136e4cd1e4137,C0,485.54335532698946,3.96,QCBO,False,85ab853c9a7cb32d52c4c3c04aedb2cb25027a0ad2424b77a12c61aa834be0d1,coarse,63,MediatedChain,2007,60,0,MediatedChain-C0-QCBO-seed2007,0,5.888180255889893
120,7de896507ae118b7d1384450b0b083dfe4394f072662ac60d2a136e4cd1e4137,C0,501.4595136266209,3.96,QCBO,False,e423740dd8221e653eb7c8c325be17654a33bac9c5a8fb7de8ad67d712e21154,coarse,63,MediatedChain,2008,60,0,MediatedChain-C0-QCBO-seed2008,0,5.5275068283081055
120,7de896507ae118b7d1384450b0b083dfe4394f072662ac60d2a136e4cd1e4137,C0,505.2399999999989,3.96,QCBO,False,50b9ede1dc0e2ce232b594d01b3f99b1eca6e4cab1fa99d9664cba810549c21c,coarse,63,MediatedChain,2009,60,0,MediatedChain-C0-QCBO-seed2009,0,6.156332015991211
120,7de896507ae118b7d1384450b0b083dfe4394f072662ac60d2a136e4cd1e4137,C0,485.73882558939414,3.96,QCBO,False,ad6c1fb0efeb43ea0b92115c1381af857e8c4627b994a713c704f2a0ab468d58,coarse,63,MediatedChain,2010,60,0,MediatedChain-C0-QCBO-seed2010,0,5.796635389328003
120,7de896507ae118b7d1384450b0b083dfe4394f072662ac60d2a136e4cd1e4137,C0,485.92618188586414,3.96,QCBO,False,1a83926840050e7355bb90e407f70ae9145824a4431c6654896fd36df6896e41,coarse,63,MediatedChain,2011,60,0,MediatedChain-C0-QCBO-seed2011,0,5.2415831089019775
120,7de896507ae118b7d1384450b0b083dfe4394f072662ac60d2a136e4cd1e4137,C0,505.2399999999989,3.96,QCBO,False,56be92d24962f59a84e91ac7813f8071d2f0b853ea0a027bca0064579c629764,coarse,63,MediatedChain,2012,60,0,MediatedChain-C0-QCBO-seed2012,0,5.212280035018921
120,7de896507ae118b7d1384450b0b083dfe4394f072662ac60d2a136e4cd1e4137,C0,505.2399999999989,3.96,QCBO,False,98df23e13594e166b686ee8d7d2be571d41657710cf0b403cf8439de40242cae,coarse,63,MediatedChain,2013,60,0,MediatedChain-C0-QCBO-seed2013,0,5.483551263809204
120,7de896507ae118b7d1384450b0b083dfe4394f072662ac60d2a136e4cd1e4137,C0,485.4194346397394,3.96,QCBO,False,7e8813f30e46490e75cae3f7465297d0ac70eb678ea96fc11baed2c7dace9774,coarse,63,MediatedChain,2014,60,0,MediatedChain-C0-QCBO-seed2014,0,5.740972280502319
120,7de896507ae118b7d1384450b0b083dfe4394f072662ac60d2a136e4cd1e4137,C0,479.50559365538487,3.96,QCBO,False,32d5c84ed234898f0e7c7a4fff6a585c7fb796995b33a8e2a58f1414080d766f,coarse,63,MediatedChain,2015,60,0,MediatedChain-C0-QCBO-seed2015,0,5.395675182342529
120,7de896507ae118b7d1384450b0b083dfe4394f072662ac60d2a136e4cd1e4137,C0,479.3589170801432,3.96,QCBO,False,6a5e0cda5d8a78aee5f0ea8142567414e8665da5a9598dac829da595303e5391,coarse,63,MediatedChain,2016,60,0,MediatedChain-C0-QCBO-seed2016,0,5.556690216064453
120,7de896507ae118b7d1384450b0b083dfe4394f072662ac60d2a136e4cd1e4137,C0,482.96013152195513,3.96,QCBO,False,ef28ff26310bcfcb114c277eabdb45ce06e829efb5c2ff079616a03e0ed82437,coarse,63,MediatedChain,2017,60,0,MediatedChain-C0-QCBO-seed2017,0,5.6555585861206055
120,7de896507ae118b7d1384450b0b083dfe4394f072662ac60d2a136e4cd1e4137,C0,481.1764543279089,3.96,QCBO,False,06e0139ae4c18e438fcf790af905c729df78016a12b1dd8120ad4c8d4b2334e9,coarse,63,MediatedChain,2018,60,0,MediatedChain-C0-QCBO-seed2018,0,5.078109979629517
120,7de896507ae118b7d1384450b0b083dfe4394f072662ac60d2a136e4cd1e4137,C0,480.6142829338502,3.96,QCBO,False,7411ed6c4bc6c5de6cc0923a3528187ceb2df009460e2e6b32b3335ebb6b4d89,coarse,63,MediatedChain,2019,60,0,MediatedChain-C0-QCBO-seed2019,0,5.361926555633545
120,7de896507ae118b7d1384450b0b083dfe4394f072662ac60d2a136e4cd1e4137,C0,487.6022026797549,3.96,QCBO,False,deed956fb7ef76d832dec2c7a1b2dbe15f5dad224227abffc1b65fdedfaf5b02,coarse,63,MediatedChain,2020,60,0,MediatedChain-C0-QCBO-seed2020,0,5.361348867416382
120,7de896507ae118b7d1384450b0b083dfe4394f072662ac60d2a136e4cd1e4137,C0,479.81361005526026,3.96,QCBO,False,c92b2df0362aba0f0c428bb1600ab496f0a3d77a9cf4b590ce0557faca7e177f,coarse,63,MediatedChain,2021,60,0,MediatedChain-C0-QCBO-seed2021,0,5.411197662353516
120,7de896507ae118b7d1384450b0b083dfe4394f072662ac60d2a136e4cd1e4137,C0,490.6184766476152,3.96,QCBO,False,a2f874da19df2a2334f8a3ed4218edcaf771094fc1915187aaaad855e46dddb6,coarse,63,MediatedChain,2022,60,0,MediatedChain-C0-QCBO-seed2022,0,5.240413427352905
120,7de896507ae118b7d1384450b0b083dfe4394f072662ac60d2a136e4cd1e4137,C0,482.6624913913421,3.96,QCBO,False,083d099affce68002a1869fd558d36688549784df635aa3921d4784421ce40b1,coarse,63,MediatedChain,2023,60,0,MediatedChain-C0-QCBO-seed2023,0,5.376768350601196
120,7de896507ae118b7d1384450b0b083dfe4394f072662ac60d2a136e4cd1e4137,C0,492.3792557728736,3.96,QCBO,False,06e0679f71ea70677563a787715c687f2cb2b4dcd8c7225b768cb99872f827d5,coarse,63,MediatedChain,2024,60,0,MediatedChain-C0-QCBO-seed2024,0,5.21466588973999
120,7de896507ae118b7d1384450b0b083dfe4394f072662ac60d2a136e4cd1e4137,C0,499.4648302415129,3.96,QCBO,False,d87760dd8e1cf967cb56eb5e3cc10c37fe7f89705a9346b0df3349c6ea5f120c,coarse,63,MediatedChain,2025,60,0,MediatedChain-C0-QCBO-seed2025,0,5.414421796798706
120,7de896507ae118b7d1384450b0b083dfe4394f072662ac60d2a136e4cd1e4137,C0,479.7522327624022,3.96,QCBO,False,b23edd34ddee7d6a1204582236f8582c2d8992ec2cfe2b378225fcafe8f714ea,coarse,63,MediatedChain,2026,60,0,MediatedChain-C0-QCBO-seed2026,0,5.484831809997559
120,7de896507ae118b7d1384450b0b083dfe4394f072662ac60d2a136e4cd1e4137,C0,490.3197602278693,3.96,QCBO,False,789d808540e364c6f52d89f2cdba10f1160dc4b32ae8a3a655bbfa81332938b6,coarse,63,MediatedChain,2027,60,0,MediatedChain-C0-QCBO-seed2027,0,5.614121675491333
120,7de896507ae118b7d1384450b0b083dfe4394f072662ac60d2a136e4cd1e4137,C0,504.29165634031364,3.96,QCBO,False,aa4ea61113121182d410fc4ea81033bf71e9570e002ab42421843b62bcb06b5e,coarse,63,MediatedChain,2028,60,0,MediatedChain-C0-QCBO-seed2028,0,5.359709739685059
120,7de896507ae118b7d1384450b0b083dfe4394f072662ac60d2a136e4cd1e4137,C0,496.36785824152287,3.96,QCBO,False,1b49bce1a36d09385fba8fe8ef6b0bd29d99f76aab94f7eff2335216d711aef4,coarse,63,MediatedChain,2029,60,0,MediatedChain-C0-QCBO-seed2029,0,5.655689001083374
100,7de896507ae118b7d1384450b0b083dfe4394f072662ac60d2a136e4cd1e4137,A0,35.2418551224962,1.1153105613253253e-05,BO-S,False,fd9529535b62683bcfa72dbb5d8fbc2dcfd0cb8ed6e0cc843ee481dac1b3df76,fine,64,ParallelParent,2000,55,0,ParallelParent-A0-BO-S-seed2000,0,3.9270081520080566
100,7de896507ae118b7d1384450b0b083dfe4394f072662ac60d2a136e4cd1e4137,A0,43.81071547140717,8.053955710253265e-06,BO-S,False,2a7e7321d2d0212579b58c55669748baddee4dd3dcdc7c17e5c5ed29bce4d813,fine,64,ParallelParent,2001,55,0,ParallelParent-A0-BO-S-seed2001,0,4.292037725448608
100,7de896507ae118b7d1384450b0b083dfe4394f072662ac60d2a136e4cd1e4137,A0,39.16203022367975,0.0012935530613237389,BO-S,False,581799b535008f1fd842c13dc548430ba27062ae4885f00b4dd0755b693c88f2,fine,64,ParallelParent,2002,55,0,ParallelParent-A0-BO-S-seed2002,0,4.054714679718018
100,7de896507ae118b7d1384450b0b083dfe4394f072662ac60d2a136e4cd1e4137,A0,32.64058672039466,0.00026832857619719713,BO-S,False,1af60a491fd1e0b7fed7e593f41732598da3786a1fc83e2ef545e28485c5ef21,fine,63,ParallelParent,2003,54,0,ParallelParent-A0-BO-S-seed2003,0,4.06627345085144
100,7de896507ae118b7d1384450b0b083dfe4394f072662ac60d2a136e4cd1e4137,A0,2.2032210529192175,1.0930226356486613e-05,BO-S,False,fc72d511cbc85320d7a47fda9d6ce2eb6774647a6a3488a80b811e3b6ba13861,fine,64,ParallelParent,2004,55,0,ParallelParent-A0-BO-S-seed2004,0,4.37639594078064
100,7de896507ae118b7d1384450b0b083dfe4394f072662ac60d2a136e4cd1e4137,A0,7.680184975330855,1.6028145693085088e-06,BO-S,False,ac798ffd95e0a1b66e027779646d911bbc06fe0325c410a32d3097924b647a23,fine,64,ParallelParent,2005,55,0,ParallelParent-A0-BO-S-seed2005,0,3.903355598449707
100,7de896507ae118b7d1384450b0b083dfe4394f072662ac60d2a136e4cd1e4137,A0,6.615702427657252,0.0002898617311763187,BO-S,False,2db90f01946ec680d7cb6e1d6fa25a4f0149d78bbed6b856db61a134d68c019e,fine,64,ParallelParent,2006,55,0,ParallelParent-A0-BO-S-seed2006,0,4.001310586929321
100,7de896507ae118b7d1384450b0b083dfe4394f072662ac60d2a136e4cd1e4137,A0,8.506728719342757,3.37092452929882e-07,BO-S,False,fdde837d5761534036ad7e80307de06de7b4402391fd8dce4b36beb4aa6aaf19,fine,65,ParallelParent,2007,56,0,ParallelParent-A0-BO-S-seed2007,0,4.3766655921936035
100,7de896507ae118b7d1384450b0b083dfe4394f072662ac60d2a136e4cd1e4137,A0,33.281871851081114,4.7923792919596215e-05,BO-S,False,c0b4769ceedd2031c7532a5ed1114823914a20b413222cc63f1338c96f66be61,fine,64,ParallelParent,2008,55,0,ParallelParent-A0-BO-S-seed2008,0,4.0437188148498535
100,7de896507ae118b7d1384450b0b083dfe4394f072662ac60d2a136e4cd1e4137,A0,9.957978257367746,2.9933548307714355e-06,BO-S,False,01d88ddf9abde0ba80636640f2b1db52be56aa8737dc50ec930554304a56e35e,fine,64,ParallelParent,2009,55,0,ParallelParent-A0-BO-S-seed2009,0,4.040462255477905
100,7de896507ae118b7d1384450b0b083dfe4394f072662ac60d2a136e4cd1e4137,A0,33.47319483868115,1.0523429200973492e-05,BO-S,False,e59d1da28edfa8c1b1ad82e5c1b7676296b8636fb2fc394312853e6e043fc357,fine,64,ParallelParent,2010,55,0,ParallelParent-A0-BO-S-seed2010,0,3.9925100803375244
100,7de896507ae118b7d1384450b0b083dfe4394f072662ac60d2a136e4cd1e4137,A0,42.46484264171992,0.0001390681278264953,BO-S,False,ca293222fff01f57a5c79ea2a70c6921028e025dca454519cb8522deeb2bf109,fine,63,ParallelParent,2011,54,0,ParallelParent-A0-BO-S-seed2011,0,3.964414596557617
100,7de896507ae118b7d1384450b0b083dfe4394f072662ac60d2a136e4cd1e4137,A0,49.03509820111532,4.1618757838914636e-05,BO-S,False,560662cab2b4e85cdf8b9cca382f9a9649d4eee2539efad557de90f74d132ad9,fine,64,ParallelParent,2012,55,0,ParallelParent-A0-BO-S-seed2012,0,4.334523677825928
100,7de896507ae118b7d1384450b0b083dfe4394f072662ac60d2a136e4cd1e4137,A0,7.435468684059377,0.0008239182971803215,BO-S,False,2b5737541138cdf3ae28e082c00f75751932accecbad3d87293cfa256cf0cb80,fine,65,ParallelParent,2013,56,0,ParallelParent-A0-BO-S-seed2013,0,3.9009411334991455
100,7de896507ae118b7d1384450b0b083dfe4394f072662ac60d2a136e4cd1e4137,A0,42.561351432712904,6.336651325389762e-06,BO-S,False,cce7fcf5fd390178342e784b3cbf4786f6118e864c17d0ee4c8b8236a528dc18,fine,64,ParallelParent,2014,55,0,ParallelParent-A0-BO-S-seed2014,0,4.240881681442261
100,7de896507ae118b7d1384450b0b083dfe4394f072662ac60d2a136e4cd1e4137,A0,49.690356498379494,0.0028230206467927503,BO-S,False,a3d75bc9c72e09f6fe3bf411651d540daa6cb826cf8e9f967d0adb2810584b06,fine,65,ParallelParent,2015,56,0,ParallelParent-A0-BO-S-seed2015,0,4.012075901031494
100,7de896507ae118b7d1384450b0b083dfe4394f072662ac60d2a136e4cd1e4137,A0,23.92199907408886,7.942334017949914e-05,BO-S,False,14869dbdbd2711af21564a7aa2d8b76b5b0672bdc5216db806e569ede6935313,fine,64,ParallelParent,2016,55,0,ParallelParent-A0-BO-S-seed2016,0,4.126359462738037
100,7de896507ae118b7d1384450b0b083dfe4394f072662ac60d2a136e4cd1e4137,A0,9.27241165852417,0.0014372408866780357,BO-S,False,7f4c4f67f8bffc9d598b7798c9a35fa6434ac424235ed0e4b02f832b3ea725ea,fine,65,ParallelParent,2017,56,0,ParallelParent-A0-BO-S-seed2017,0,4.187286615371704
100,7de896507ae118b7d1384450b0b083dfe4394f072662ac60d2a136e4cd1e4137,A0,34.989487214146784,0.0001760387116468977,BO-S,False,5a2d9727ec75dca3aa85833c4024da38322a704b3f61bdef7a08d33c5bc89c5d,fine,64,ParallelParent,2018,55,0,ParallelParent-A0-BO-S-seed2018,0,4.0546228885650635
100,7de896507ae118b7d1384450b0b083dfe4394f072662ac60d2a136e4cd1e4137,A0,35.262014425602835,2.6747258093246964e-06,BO-S,False,8e78bb9c2b74d744c90f06a198a1a41d1096ea5fac3b8c0f505e28f71f0ac33d,fine,63,ParallelParent,2019,54,0,ParallelParent-A0-BO-S-seed2019,0,4.047460079193115
100,7de896507ae118b7d1384450b0b083dfe4394f072662ac60d2a136e4cd1e4137,A0,15.592337824630624,1.4968267411246866e-05,BO-S,False,4cc3d3f2092d3228f1f1c764bc793a4f9c7c3ead71a1c034b51c4c0d9e7a495f,fine,64,ParallelParent,2020,55,0,ParallelParent-A0-BO-S-seed2020,0,4.231956720352173
100,7de896507ae118b7d1384450b0b083dfe4394f072662ac60d2a136e4cd1e4137,A0,47.2148390520215,0.0010599845193108469,BO-S,False,de98cc7f0d0fd90600f08acdb41d4b3baaf292c4a82d55802825759abe95202f,fine,65,ParallelParent,2021,56,0,ParallelParent-A0-BO-S-seed2021,0,4.190176248550415
100,7de896507ae118b7d1384450b0b083dfe4394f072662ac60d2a136e4cd1e4137,A0,3.6239136618311396,0.001507994926270631,BO-S,False,07d439ff5b50c9cc1b44ed17ab55f828d0a3e17e51e8713135433d4fa191b0eb,fine,65,ParallelParent,2022,56,0,ParallelParent-A0-BO-S-seed2022,0,4.30890679359436
100,7de896507ae118b7d1384450b0b083dfe4394f072662ac60d2a136e4cd1e4137,A0,36.562352822756715,0.0022749902500142144,BO-S,False,52f5b855790486682b7ac7a3274fb98a03f28d151ce268630ed71b9482a5cfbb,fine,64,ParallelParent,2023,55,0,ParallelParent-A0-BO-S-seed2023,0,4.065367937088013
100,7de896507ae118b7d1384450b0b083dfe4394f072662ac60d2a136e4cd1e4137,A0,45.4093430614671,0.00030218280676659587,BO-S,False,ee9dfc0dbfb7d793d86a63d8b67be75933ff1619c93678d9d903d5361cdb648c,fine,63,ParallelParent,2024,54,0,ParallelParent-A0-BO-S-seed2024,0,4.176100492477417
100,7de896507ae118b7d1384450b0b083dfe4394f072662ac60d2a136e4cd1e4137,A0,2.3757208228147046,0.0004961181082910626,BO-S,False,f2785b9314209e4f5813b60355318863f27e7e553337698bc388ec3680abfeb9,fine,64,ParallelParent,2025,55,0,ParallelParent-A0-BO-S-seed2025,0,4.216221809387207
100,7de896507ae118b7d1384450b0b083dfe4394f072662ac60d2a136e4cd1e4137,A0,36.984015379489726,6.157478141390861e-05,BO-S,False,80c08b70654ff7cb8da55b906ff15a4e24d3d191ed933449657b33229e287cb8,fine,64,ParallelParent,2026,55,0,ParallelParent-A0-BO-S-seed2026,0,3.981346845626831
100,7de896507ae118b7d1384450b0b083dfe4394f072662ac60d2a136e4cd1e4137,A0,16.543962568787315,2.946872909296351e-07,BO-S,False,376bc4f0913af17a09470ca038e7659bcdf3168b8841a7ef063cdef86dbbcbfb,fine,64,ParallelParent,2027,55,0,ParallelParent-A0-BO-S-seed2027,0,4.007219314575195
100,7de896507ae118b7d1384450b0b083dfe4394f072662ac60d2a136e4cd1e4137,A0,16.104334086397113,0.0008192802058065316,BO-S,False,6ff51765152ed0cbdeb446445b9f13802b396fda000991ce3e4be623600be352,fine,63,ParallelParent,2028,54,0,ParallelParent-A0-BO-S-seed2028,0,3.8135197162628174
100,7de896507ae118b7d1384450b0b083dfe4394f072662ac60d2a136e4cd1e4137,A0,43.0853906377245,0.002155169904169526,BO-S,False,dbf7366524e227e9c62f8184d28dc1cdd89368f50a710ef9b9ff58758ba143db,fine,64,ParallelParent,2029,55,0,ParallelParent-A0-BO-S-seed2029,0,4.019481897354126
100,7de896507ae118b7d1384450b0b083dfe4394f072662ac60d2a136e4cd1e4137,A0,24.112266616775177,0.00010495930378091841,BO,False,fd9529535b62683bcfa72dbb5d8fbc2dcfd0cb8ed6e0cc843ee481dac1b3df76,fine,53,ParallelParent,2000,50,0,ParallelParent-A0-BO-seed2000,0,2.6737308502197266
100,7de896507ae118b7d1384450b0b083dfe4394f072662ac60d2a136e4cd1e4137,A0,18.866609041001094,0.0007485079238818941,BO,False,2a7e7321d2d0212579b58c55669748baddee4dd3dcdc7c17e5c5ed29bce4d813,fine,53,ParallelParent,2001,50,0,ParallelParent-A0-BO-seed2001,0,2.669455051422119
100,7de896507ae118b7d1384450b0b083dfe4394f072662ac60d2a136e4cd1e4137,A0,18.280254970323732,0.00019910039888314566,BO,False,581799b535008f1fd842c13dc548430ba27062ae4885f00b4dd0755b693c88f2,fine,53,ParallelParent,2002,50,0,ParallelParent-A0-BO-seed2002,0,2.651087522506714
100,7de896507ae118b7d1384450b0b083dfe4394f072662ac60d2a136e4cd1e4137,A0,26.215201949727906,0.00097762177311729,BO,False,1af60a491fd1e0b7fed7e593f41732598da3786a1fc83e2ef545e28485c5ef21,fine,53,ParallelParent,2003,50,0,ParallelParent-A0-BO-seed2003,0,2.5416555404663086
100,7de896507ae118b7d1384450b0b083dfe4394f072662ac60d2a136e4cd1e4137,A0,13.722932315387876,0.07914608871469594,BO,False,fc72d511cbc85320d7a47fda9d6ce2eb6774647a6a3488a80b811e3b6ba13861,fine,53,ParallelParent,2004,50,0,ParallelParent-A0-BO-seed2004,0,2.277425765991211
100,7de896507ae118b7d1384450b0b083dfe4394f072662ac60d2a136e4cd1e4137,A0,3.8479527768510793,1.6436267655128836e-09,BO,False,ac798ffd95e0a1b66e027779646d911bbc06fe0325c410a32d3097924b647a23,fine,53,ParallelParent,2005,50,0,ParallelParent-A0-BO-seed2005,0,2.584078073501587
100,7de896507ae118b7d1384450b0b083dfe4394f072662ac60d2a136e4cd1e4137,A0,3.9940554416125322,1.6441934120275537e-05,BO,False,2db90f01946ec680d7cb6e1d6fa25a4f0149d78bbed6b856db61a134d68c019e,fine,53,ParallelParent,2006,50,0,ParallelParent-A0-BO-seed2006,0,2.6034939289093018
100,7de896507ae118b7d1384450b0b083dfe4394f072662ac60d2a136e4cd1e4137,A0,4.636254603303672,6.503789871114583e-05,BO,False,fdde837d5761534036ad7e80307de06de7b4402391fd8dce4b36beb4aa6aaf19,fine,53,ParallelParent,2007,50,0,ParallelParent-A0-BO-seed2007,0,2.771639347076416
100,7de896507ae118b7d1384450b0b083dfe4394f072662ac60d2a136e4cd1e4137,A0,19.410282720234758,7.901904200604627e-08,BO,False,c0b4769ceedd2031c7532a5ed1114823914a20b413222cc63f1338c96f66be61,fine,53,ParallelParent,2008,50,0,ParallelParent-A0-BO-seed2008,0,2.6657965183258057
100,7de896507ae118b7d1384450b0b083dfe4394f072662ac60d2a136e4cd1e4137,A0,6.281107087045933,0.00025897625483542236,BO,False,01d88ddf9abde0ba80636640f2b1db52be56aa8737dc50ec930554304a56e35e,fine,53,ParallelParent,2009,50,0,ParallelParent-A0-BO-seed2009,0,2.6272237300872803
100,7de896507ae118b7d1384450b0b083dfe4394f072662ac60d2a136e4cd1e4137,A0,16.295677195487542,5.267437006468096e-05,BO,False,e59d1da28edfa8c1b1ad82e5c1b7676296b8636fb2fc394312853e6e043fc357,fine,53,ParallelParent,2010,50,0,ParallelParent-A0-BO-seed2010,0,2.7454564571380615
100,7de896507ae118b7d1384450b0b083dfe4394f072662ac60d2a136e4cd1e4137,A0,61.323714230074884,0.012335386170536743,BO,False,ca293222fff01f57a5c79ea2a70c6921028e025dca454519cb8522deeb2bf109,fine,53,ParallelParent,2011,50,0,ParallelParent-A0-BO-seed2011,0,2.3093299865722656
100,7de896507ae118b7d1384450b0b083dfe4394f072662ac60d2a136e4cd1e4137,A0,16.548235720697583,6.434063991813192e-05,BO,False,560662cab2b4e85cdf8b9cca382f9a9649d4eee2539efad557de90f74d132ad9,fine,53,ParallelParent,2012,50,0,ParallelParent-A0-BO-seed2012,0,2.624455451965332
100,7de896507ae118b7d1384450b0b083dfe4394f072662ac60d2a136e4cd1e4137,A0,4.187274044631935,0.000546801331769909,BO,False,2b5737541138cdf3ae28e082c00f75751932accecbad3d87293cfa256cf0cb80,fine,53,ParallelParent,2013,50,0,ParallelParent-A0-BO-seed2013,0,2.5673234462738037
100,7de896507ae118b7d1384450b0b083dfe4394f072662ac60d2a136e4cd1e4137,A0,25.56583701236764,7.778313510740356e-05,BO,False,cce7fcf5fd390178342e784b3cbf4786f6118e864c17d0ee4c8b8236a528dc18,fine,53,ParallelParent,2014,50,0,ParallelParent-A0-BO-seed2014,0,2.6361873149871826
100,7de896507ae118b7d1384450b0b083dfe4394f072662ac60d2a136e4cd1e4137,A0,40.63642097020831,1.7279010129854177e-06,BO,False,a3d75bc9c72e09f6fe3bf411651d540daa6cb826cf8e9f967d0adb2810584b06,fine,53,ParallelParent,2015,50,0,ParallelParent-A0-BO-seed2015,0,2.701083183288574
100,7de896507ae118b7d1384450b0b083dfe4394f072662ac60d2a136e4cd1e4137,A0,9.150779128191205,2.0195040222015504e-07,BO,False,14869dbdbd2711af21564a7aa2d8b76b5b0672bdc5216db806e569ede6935313,fine,53,ParallelParent,2016,50,0,ParallelParent-A0-BO-seed2016,0,2.709481716156006
100,7de896507ae118b7d1384450b0b083dfe4394f072662ac60d2a136e4cd1e4137,A0,4.993297448224243,5.515795207559303e-05,BO,False,7f4c4f67f8bffc9d598b7798c9a35fa6434ac424235ed0e4b02f832b3ea725ea,fine,53,ParallelParent,2017,50,0,ParallelParent-A0-BO-seed2017,0,2.712498188018799
100,7de896507ae118b7d1384450b0b083dfe4394f072662ac60d2a136e4cd1e4137,A0,28.754887014377424,2.809396684390161e-06,BO,False,5a2d9727ec75dca3aa85833c4024da38322a704b3f61bdef7a08d33c5bc89c5d,fine,53,ParallelParent,2018,50,0,ParallelParent-A0-BO-seed2018,0,2.658036708831787
100,7de896507ae118b7d1384450b0b083dfe4394f072662ac60d2a136e4cd1e4137,A0,41.426136221780475,0.00010743103765839865,BO,False,8e78bb9c2b74d744c90f06a198a1a41d1096ea5fac3b8c0f505e28f71f0ac33d,fine,53,ParallelParent,2019,50,0,ParallelParent-A0-BO-seed2019,0,2.638840913772583
100,7de896507ae118b7d1384450b0b083dfe4394f072662ac60d2a136e4cd1e4137,A0,9.719383283210924,9.138674169482967e-09,BO,False,4cc3d3f2092d3228f1f1c764bc793a4f9c7c3ead71a1c034b51c4c0d9e7a495f,fine,53,ParallelParent,2020,50,0,ParallelParent-A0-BO-seed2020,0,2.7996599674224854
100,7de896507ae118b7d1384450b0b083dfe4394f072662ac60d2a136e4cd1e4137,A0,20.823204502840206,0.0007762941336310412,BO,False,de98cc7f0d0fd90600f08acdb41d4b3baaf292c4a82d55802825759abe95202f,fine,53,ParallelParent,2021,50,0,ParallelParent-A0-BO-seed2021,0,2.7023327350616455
100,7de896507ae118b7d1384450b0b083dfe4394f072662ac60d2a136e4cd1e4137,A0,2.0664575270978194,3.0479158096159784e-07,BO,False,07d439ff5b50c9cc1b44ed17ab55f828d0a3e17e51e8713135433d4fa191b0eb,fine,53,ParallelParent,2022,50,0,ParallelParent-A0-BO-seed2022,0,2.6806113719940186
100,7de896507ae118b7d1384450b0b083dfe4394f072662ac60d2a136e4cd1e4137,A0,85.39841058891271,0.10779089998114963,BO,False,52f5b855790486682b7ac7a3274fb98a03f28d151ce268630ed71b9482a5cfbb,fine,53,ParallelParent,2023,50,0,ParallelParent-A0-BO-seed2023,0,2.1895883083343506
100,7de896507ae118b7d1384450b0b083dfe4394f072662ac60d2a136e4cd1e4137,A0,17.78625479077386,7.851006244865958e-05,BO,False,ee9dfc0dbfb7d793d86a63d8b67be75933ff1619c93678d9d903d5361cdb648c,fine,53,ParallelParent,2024,50,0,ParallelParent-A0-BO-seed2024,0,2.5286521911621094
100,7de896507ae118b7d1384450b0b083dfe4394f072662ac60d2a136e4cd1e4137,A0,1.2633183979463551,0.0007292104842279715,BO,False,f2785b9314209e4f5813b60355318863f27e7e553337698bc388ec3680abfeb9,fine,53,ParallelParent,2025,50,0,ParallelParent-A0-BO-seed2025,0,2.5252301692962646
100,7de896507ae118b7d1384450b0b083dfe4394f072662ac60d2a136e4cd1e4137,A0,15.332776889301055,8.942219348343442e-07,BO,False,80c08b70654ff7cb8da55b906ff15a4e24d3d191ed933449657b33229e287cb8,fine,53,ParallelParent,2026,50,0,ParallelParent-A0-BO-seed2026,0,2.6784698963165283
100,7de896507ae118b7d1384450b0b083dfe4394f072662ac60d2a136e4cd1e4137,A0,40.351285116835165,0.36660396618307284,BO,False,376bc4f0913af17a09470ca038e7659bcdf3168b8841a7ef063cdef86dbbcbfb,fine,53,ParallelParent,2027,50,0,ParallelParent-A0-BO-seed2027,0,2.2110366821289062
100,7de896507ae118b7d1384450b0b083dfe4394f072662ac60d2a136e4cd1e4137,A0,8.45855651931242,9.059288457816267e-09,BO,False,6ff51765152ed0cbdeb446445b9f13802b396fda000991ce3e4be623600be352,fine,53,ParallelParent,2028,50,0,ParallelParent-A0-BO-seed2028,0,2.6527512073516846
100,7de896507ae118b7d1384450b0b083dfe4394f072662ac60d2a136e4cd1e4137,A0,29.556338639779945,1.702434188152143e-07,BO,False,dbf7366524e227e9c62f8184d28dc1cdd89368f50a710ef9b9ff58758ba143db,fine,53,ParallelParent,2029,50,0,ParallelParent-A0-BO-seed2029,0,2.5286920070648193
100,7de896507ae118b7d1384450b0b083dfe4394f072662ac60d2a136e4cd1e4137,A0,35.2418551224962,1.1153105613253253e-05,CBO-NP,False,fd9529535b62683bcfa72dbb5d8fbc2dcfd0cb8ed6e0cc843ee481dac1b3df76,fine,64,ParallelParent,2000,55,0,ParallelParent-A0-CBO-NP-seed2000,0,4.231848478317261
100,7de896507ae118b7d1384450b0b083dfe4394f072662ac60d2a136e4cd1e4137,A0,43.81071547140717,8.053955710253265e-06,CBO-NP,False,2a7e7321d2d0212579b58c55669748baddee4dd3dcdc7c17e5c5ed29bce4d813,fine,64,ParallelParent,2001,55,0,ParallelParent-A0-CBO-NP-seed2001,0,3.8744122982025146
100,7de896507ae118b7d1384450b0b083dfe4394f072662ac60d2a136e4cd1e4137,A0,39.16203022367975,0.0012935530613237389,CBO-NP,False,581799b535008f1fd842c13dc548430ba27062ae4885f00b4dd0755b693c88f2,fine,64,ParallelParent,2002,55,0,ParallelParent-A0-CBO-NP-seed2002,0,4.093896865844727
100,7de896507ae118b7d1384450b0b083dfe4394f072662ac60d2a136e4cd1e4137,A0,32.64058672039466,0.00026832857619719713,CBO-NP,False,1af60a491fd1e0b7fed7e593f41732598da3786a1fc83e2ef545e28485c5ef21,fine,63,ParallelParent,2003,54,0,ParallelParent-A0-CBO-NP-seed2003,0,4.150003671646118
100,7de896507ae118b7d1384450b0b083dfe4394f072662ac60d2a136e4cd1e4137,A0,2.2032210529192175,1.0930226356486613e-05,CBO-NP,False,fc72d511cbc85320d7a47fda9d6ce2eb6774647a6a3488a80b811e3b6ba13861,fine,64,ParallelParent,2004,55,0,ParallelParent-A0-CBO-NP-seed2004,0,4.0147058963775635
100,7de896507ae118b7d1384450b0b083dfe4394f072662ac60d2a136e4cd1e4137,A0,7.680184975330855,1.6028145693085088e-06,CBO-NP,False,ac798ffd95e0a1b66e027779646d911bbc06fe0325c410a32d3097924b647a23,fine,64,ParallelParent,2005,55,0,ParallelParent-A0-CBO-NP-seed2005,0,3.978938579559326
100,7de896507ae118b7d1384450b0b083dfe4394f072662ac60d2a136e4cd1e4137,A0,6.615702427657252,0.0002898617311763187,CBO-NP,False,2db90f01946ec680d7cb6e1d6fa25a4f0149d78bbed6b856db61a134d68c019e,fine,64,ParallelParent,2006,55,0,ParallelParent-A0-CBO-NP-seed2006,0,4.026165962219238
100,7de896507ae118b7d1384450b0b083dfe4394f072662ac60d2a136e4cd1e4137,A0,8.506728719342757,3.37092452929882e-07,CBO-NP,False,fdde837d5761534036ad7e80307de06de7b4402391fd8dce4b36beb4aa6aaf19,fine,65,ParallelParent,2007,56,0,ParallelParent-A0-CBO-NP-seed2007,0,3.9601173400878906
100,7de896507ae118b7d1384450b0b083dfe4394f072662ac60d2a136e4cd1e4137,A0,33.281871851081114,4.7923792919596215e-05,CBO-NP,False,c0b4769ceedd2031c7532a5ed1114823914a20b413222cc63f1338c96f66be61,fine,64,ParallelParent,2008,55,0,ParallelParent-A0-CBO-NP-seed2008,0,4.060256242752075
100,7de896507ae118b7d1384450b0b083dfe4394f072662ac60d2a136e4cd1e4137,A0,9.957978257367746,2.9933548307714355e-06,CBO-NP,False,01d88ddf9abde0ba80636640f2b1db52be56aa8737dc50ec930554304a56e35e,fine,64,ParallelParent,2009,55,0,ParallelParent-A0-CBO-NP-seed2009,0,3.9890289306640625
100,7de896507ae118b7d1384450b0b083dfe4394f072662ac60d2a136e4cd1e4137,A0,33.47319483868115,1.0523429200973492e-05,CBO-NP,False,e59d1da28edfa8c1b1ad82e5c1b7676296b8636fb2fc394312853e6e043fc357,fine,64,ParallelParent,2010,55,0,ParallelParent-A0-CBO-NP-seed2010,0,3.861226797103882
100,7de896507ae118b7d1384450b0b083dfe4394f072662ac60d2a136e4cd1e4137,A0,42.46484264171992,0.0001390681278264953,CBO-NP,False,ca293222fff01f57a5c79ea2a70c6921028e025dca454519cb8522deeb2bf109,fine,63,ParallelParent,2011,54,0,ParallelParent-A0-CBO-NP-seed2011,0,3.971405506134033
100,7de896507ae118b7d1384450b0b083dfe4394f072662ac60d2a136e4cd1e4137,A0,49.03509820111532,4.1618757838914636e-05,CBO-NP,False,560662cab2b4e85cdf8b9cca382f9a9649d4eee2539efad557de90f74d132ad9,fine,64,ParallelParent,2012,55,0,ParallelParent-A0-CBO-NP-seed2012,0,3.96760892868042
100,7de896507ae118b7d1384450b0b083dfe4394f072662ac60d2a136e4cd1e4137,A0,7.435468684059377,0.0008239182971803215,CBO-NP,False,2b5737541138cdf3ae28e082c00f75751932accecbad3d87293cfa256cf0cb80,fine,65,ParallelParent,2013,56,0,ParallelParent-A0-CBO-NP-seed2013,0,3.811750888824463
100,7de896507ae118b7d1384450b0b083dfe4394f072662ac60d2a136e4cd1e4137,A0,42.561351432712904,6.336651325389762e-06,CBO-NP,False,cce7fcf5fd390178342e784b3cbf4786f6118e864c17d0ee4c8b8236a528dc18,fine,64,ParallelParent,2014,55,0,ParallelParent-A0-CBO-NP-seed2014,0,4.134811639785767
100,7de896507ae118b7d1384450b0b083dfe4394f072662ac60d2a136e4cd1e4137,A0,49.690356498379494,0.0028230206467927503,CBO-NP,False,a3d75bc9c72e09f6fe3bf411651d540daa6cb826cf8e9f967d0adb2810584b06,fine,65,ParallelParent,2015,56,0,ParallelParent-A0-CBO-NP-seed2015,0,3.8169753551483154
100,7de896507ae118b7d1384450b0b083dfe4394f072662ac60d2a136e4cd1e4137,A0,23.92199907408886,7.942334017949914e-05,CBO-NP,False,14869dbdbd2711af21564a7aa2d8b76b5b0672bdc5216db806e569ede6935313,fine,64,ParallelParent,2016,55,0,ParallelParent-A0-CBO-NP-seed2016,0,4.164499759674072
100,7de896507ae118b7d1384450b0b083dfe4394f072662ac60d2a136e4cd1e4137,A0,9.27241165852417,0.0014372408866780357,CBO-NP,False,7f4c4f67f8bffc9d598b7798c9a35fa6434ac424235ed0e4b02f832b3ea725ea,fine,65,ParallelParent,2017,56,0,ParallelParent-A0-CBO-NP-seed2017,0,4.018869400024414
100,7de896507ae118b7d1384450b0b083dfe4394f072662ac60d2a136e4cd1e4137,A0,34.989487214146784,0.0001760387116468977,CBO-NP,False,5a2d9727ec75dca3aa85833c4024da38322a704b3f61bdef7a08d33c5bc89c5d,fine,64,ParallelParent,2018,55,0,ParallelParent-A0-CBO-NP-seed2018,0,4.088739633560181
100,7de896507ae118b7d1384450b0b083dfe4394f072662ac60d2a136e4cd1e4137,A0,35.262014425602835,2.6747258093246964e-06,CBO-NP,False,8e78bb9c2b74d744c90f06a198a1a41d1096ea5fac3b8c0f505e28f71f0ac33d,fine,63,ParallelParent,2019,54,0,ParallelParent-A0-CBO-NP-seed2019,0,3.8353843688964844
100,7de896507ae118b7d1384450b0b083dfe4394f072662ac60d2a136e4cd1e4137,A0,15.592337824630624,1.4968267411246866e-05,CBO-NP,False,4cc3d3f2092d3228f1f1c764bc793a4f9c7c3ead71a1c034b51c4c0d9e7a495f,fine,64,ParallelParent,2020,55,0,ParallelParent-A0-CBO-NP-seed2020,0,4.025630950927734
100,7de896507ae118b7d1384450b0b083dfe4394f072662ac60d2a136e4cd1e4137,A0,47.2148390520215,0.0010599845193108469,CBO-NP,False,de98cc7f0d0fd90600f08acdb41d4b3baaf292c4a82d55802825759abe95202f,fine,65,ParallelParent,2021,56,0,ParallelParent-A0-CBO-NP-seed2021,0,3.9403741359710693
100,7de896507ae118b7d1384450b0b083dfe4394f072662ac60d2a136e4cd1e4137,A0,3.6239136618311396,0.001507994926270631,CBO-NP,False,07d439ff5b50c9cc1b44ed17ab55f828d0a3e17e51e8713135433d4fa191b0eb,fine,65,ParallelParent,2022,56,0,ParallelParent-A0-CBO-NP-seed2022,0,4.075615167617798
100,7de896507ae118b7d1384450b0b083dfe4394f072662ac60d2a136e4cd1e4137,A0,36.562352822756715,0.0022749902500142144,CBO-NP,False,52f5b855790486682b7ac7a3274fb98a03f28d151ce268630ed71b9482a5cfbb,fine,64,ParallelParent,2023,55,0,ParallelParent-A0-CBO-NP-seed2023,0,4.1492626667022705
100,7de896507ae118b7d1384450b0b083dfe4394f072662ac60d2a136e4cd1e4137,A0,45.4093430614671,0.00030218280676659587,CBO-NP,False,ee9dfc0dbfb7d793d86a63d8b67be75933ff1619c93678d9d903d5361cdb648c,fine,63,ParallelParent,2024,54,0,ParallelParent-A0-CBO-NP-seed2024,0,4.046105861663818
100,7de896507ae118b7d1384450b0b083dfe4394f072662ac60d2a136e4cd1e4137,A0,2.3757208228147046,0.0004961181082910626,CBO-NP,False,f2785b9314209e4f5813b60355318863f27e7e553337698bc388ec3680abfeb9,fine,64,ParallelParent,2025,55,0,ParallelParent-A0-CBO-NP-seed2025,0,3.9867842197418213
100,7de896507ae118b7d1384450b0b083dfe4394f072662ac60d2a136e4cd1e4137,A0,36.984015379489726,6.157478141390861e-05,CBO-NP,False,80c08b70654ff7cb8da55b906ff15a4e24d3d191ed933449657b33229e287cb8,fine,64,ParallelParent,2026,55,0,ParallelParent-A0-CBO-NP-seed2026,0,3.832693099975586
100,7de896507ae118b7d1384450b0b083dfe4394f072662ac60d2a136e4cd1e4137,A0,16.543962568787315,2.946872909296351e-07,CBO-NP,False,376bc4f0913af17a09470ca038e7659bcdf3168b8841a7ef063cdef86dbbcbfb,fine,64,ParallelParent,2027,55,0,ParallelParent-A0-CBO-NP-seed2027,0,3.994422197341919
100,7de896507ae118b7d1384450b0b083dfe4394f072662ac60d2a136e4cd1e4137,A0,16.104334086397113,0.0008192802058065316,CBO-NP,False,6ff51765152ed0cbdeb446445b9f13802b396fda000991ce3e4be623600be352,fine,63,ParallelParent,2028,54,0,ParallelParent-A0-CBO-NP-seed2028,0,3.787363052368164
100,7de896507ae118b7d1384450b0b083dfe4394f072662ac60d2a136e4cd1e4137,A0,43.0853906377245,0.002155169904169526,CBO-NP,False,dbf7366524e227e9c62f8184d28dc1cdd89368f50a710ef9b9ff58758ba143db,fine,64,ParallelParent,2029,55,0,ParallelParent-A0-CBO-NP-seed2029,0,4.032339572906494
100,7de896507ae118b7d1384450b0b083dfe4394f072662ac60d2a136e4cd1e4137,A0,9.99910228160012,0.002420533868888766,CBO,False,fd9529535b62683bcfa72dbb5d8fbc2dcfd0cb8ed6e0cc843ee481dac1b3df76,fine,67,ParallelParent,2000,58,0,ParallelParent-A0-CBO-seed2000,0,9.18417739868164
100,7de896507ae118b7d1384450b0b083dfe4394f072662ac60d2a136e4cd1e4137,A0,8.220048786097257,0.0007794373290174205,CBO,False,2a7e7321d2d0212579b58c55669748baddee4dd3dcdc7c17e5c5ed29bce4d813,fine,64,ParallelParent,2001,55,0,ParallelParent-A0-CBO-seed2001,0,9.289438724517822
100,7de896507ae118b7d1384450b0b083dfe4394f072662ac60d2a136e4cd1e4137,A0,6.182301254918619,0.00029568110997448834,CBO,False,581799b535008f1fd842c13dc548430ba27062ae4885f00b4dd0755b693c88f2,fine,66,ParallelParent,2002,57,0,ParallelParent-A0-CBO-seed2002,0,9.3080735206604
100,7de896507ae118b7d1384450b0b083dfe4394f072662ac60d2a136e4cd1e4137,A0,13.180933213806028,0.0001800685429737668,CBO,False,1af60a491fd1e0b7fed7e593f41732598da3786a1fc83e2ef545e28485c5ef21,fine,67,ParallelParent,2003,58,0,ParallelParent-A0-CBO-seed2003,0,9.3293137550354
100,7de896507ae118b7d1384450b0b083dfe4394f072662ac60d2a136e4cd1e4137,A0,0.7922351319314552,6.978194217300801e-07,CBO,False,fc72d511cbc85320d7a47fda9d6ce2eb6774647a6a3488a80b811e3b6ba13861,fine,66,ParallelParent,2004,57,0,ParallelParent-A0-CBO-seed2004,0,11.2192223072052
100,7de896507ae118b7d1384450b0b083dfe4394f072662ac60d2a136e4cd1e4137,A0,1.171424565046511,1.958232144080319e-07,CBO,False,ac798ffd95e0a1b66e027779646d911bbc06fe0325c410a32d3097924b647a23,fine,65,ParallelParent,2005,56,0,ParallelParent-A0-CBO-seed2005,0,9.276052236557007
100,7de896507ae118b7d1384450b0b083dfe4394f072662ac60d2a136e4cd1e4137,A0,1.5582773175257594,9.266581578816712e-05,CBO,False,2db90f01946ec680d7cb6e1d6fa25a4f0149d78bbed6b856db61a134d68c019e,fine,64,ParallelParent,2006,55,0,ParallelParent-A0-CBO-seed2006,0,9.01179027557373
100,7de896507ae118b7d1384450b0b083dfe4394f072662ac60d2a136e4cd1e4137,A0,1.3148970991319608,3.632254758925318e-05,CBO,False,fdde837d5761534036ad7e80307de06de7b4402391fd8dce4b36beb4aa6aaf19,fine,66,ParallelParent,2007,57,0,ParallelParent-A0-CBO-seed2007,0,9.06441330909729
100,7de896507ae118b7d1384450b0b083dfe4394f072662ac60d2a136e4cd1e4137,A0,9.122626171803265,0.0003355162499410043,CBO,False,c0b4769ceedd2031c7532a5ed1114823914a20b413222cc63f1338c96f66be61,fine,65,ParallelParent,2008,56,0,ParallelParent-A0-CBO-seed2008,0,8.91715931892395
100,7de896507ae118b7d1384450b0b083dfe4394f072662ac60d2a136e4cd1e4137,A0,2.1181891134012893,1.4661583445212424e-07,CBO,False,01d88ddf9abde0ba80636640f2b1db52be56aa8737dc50ec930554304a56e35e,fine,65,ParallelParent,2009,56,0,ParallelParent-A0-CBO-seed2009,0,8.862951517105103
100,7de896507ae118b7d1384450b0b083dfe4394f072662ac60d2a136e4cd1e4137,A0,11.981094178209567,1.8078168213754055e-05,CBO,False,e59d1da28edfa8c1b1ad82e5c1b7676296b8636fb2fc394312853e6e043fc357,fine,66,ParallelParent,2010,57,0,ParallelParent-A0-CBO-seed2010,0,11.574846506118774
100,7de896507ae118b7d1384450b0b083dfe4394f072662ac60d2a136e4cd1e4137,A0,11.801400680631719,0.00012431758814612976,CBO,False,ca293222fff01f57a5c79ea2a70c6921028e025dca454519cb8522deeb2bf109,fine,64,ParallelParent,2011,55,0,ParallelParent-A0-CBO-seed2011,0,9.497034311294556
100,7de896507ae118b7d1384450b0b083dfe4394f072662ac60d2a136e4cd1e4137,A0,7.5320447538190916,6.692725724947466e-07,CBO,False,560662cab2b4e85cdf8b9cca382f9a9649d4eee2539efad557de90f74d132ad9,fine,65,ParallelParent,2012,56,0,ParallelParent-A0-CBO-seed2012,0,9.280712842941284
100,7de896507ae118b7d1384450b0b083dfe4394f072662ac60d2a136e4cd1e4137,A0,1.3993442985672953,0.0001440823775358824,CBO,False,2b5737541138cdf3ae28e082c00f75751932accecbad3d87293cfa256cf0cb80,fine,66,ParallelParent,2013,57,0,ParallelParent-A0-CBO-seed2013,0,9.693613290786743
100,7de896507ae118b7d1384450b0b083dfe4394f072662ac60d2a136e4cd1e4137,A0,10.476723474201755,0.000563185333177832,CBO,False,cce7fcf5fd390178342e784b3cbf4786f6118e864c17d0ee4c8b8236a528dc18,fine,65,ParallelParent,2014,56,0,ParallelParent-A0-CBO-seed2014,0,9.317908763885498
100,7de896507ae118b7d1384450b0b083dfe4394f072662ac60d2a136e4cd1e4137,A0,10.610794501290856,0.00016599488286711745,CBO,False,a3d75bc9c72e09f6fe3bf411651d540daa6cb826cf8e9f967d0adb2810584b06,fine,66,ParallelParent,2015,57,0,ParallelParent-A0-CBO-seed2015,0,9.347425937652588
100,7de896507ae118b7d1384450b0b083dfe4394f072662ac60d2a136e4cd1e4137,A0,3.293145343906767,5.6385679594038e-08,CBO,False,14869dbdbd2711af21564a7aa2d8b76b5b0672bdc5216db806e569ede6935313,fine,66,ParallelParent,2016,57,0,ParallelParent-A0-CBO-seed2016,0,9.231611013412476
100,7de896507ae118b7d1384450b0b083dfe4394f072662ac60d2a136e4cd1e4137,A0,1.2917693979460985,1.9202694785256584e-07,CBO,False,7f4c4f67f8bffc9d598b7798c9a35fa6434ac424235ed0e4b02f832b3ea725ea,fine,65,ParallelParent,2017,56,0,ParallelParent-A0-CBO-seed2017,0,9.123663187026978
100,7de896507ae118b7d1384450b0b083dfe4394f072662ac60d2a136e4cd1e4137,A0,9.918116054568472,1.583588845903475e-06,CBO,False,5a2d9727ec75dca3aa85833c4024da38322a704b3f61bdef7a08d33c5bc89c5d,fine,64,ParallelParent,2018,55,0,ParallelParent-A0-CBO-seed2018,0,9.271692037582397
100,7de896507ae118b7d1384450b0b083dfe4394f072662ac60d2a136e4cd1e4137,A0,10.049999268553153,3.429434483649207e-05,CBO,False,8e78bb9c2b74d744c90f06a198a1a41d1096ea5fac3b8c0f505e28f71f0ac33d,fine,65,ParallelParent,2019,56,0,ParallelParent-A0-CBO-seed2019,0,8.93664026260376
100,7de896507ae118b7d1384450b0b083dfe4394f072662ac60d2a136e4cd1e4137,A0,2.3706236030781835,2.2760520440754649e-10,CBO,False,4cc3d3f2092d3228f1f1c764bc793a4f9c7c3ead71a1c034b51c4c0d9e7a495f,fine,65,ParallelParent,2020,56,0,ParallelParent-A0-CBO-seed2020,0,9.189760208129883
100,7de896507ae118b7d1384450b0b083dfe4394f072662ac60d2a136e4cd1e4137,A0,9.826578112695707,0.0007947247340566509,CBO,False,de98cc7f0d0fd90600f08acdb41d4b3baaf292c4a82d55802825759abe95202f,fine,67,ParallelParent,2021,58,0,ParallelParent-A0-CBO-seed2021,0,9.601617336273193
100,7de896507ae118b7d1384450b0b083dfe4394f072662ac60d2a136e4cd1e4137,A0,0.9785052613018312,1.2355554219975916e-06,CBO,False,07d439ff5b50c9cc1b44ed17ab55f828d0a3e17e51e8713135433d4fa191b0eb,fine,65,ParallelParent,2022,56,0,ParallelParent-A0-CBO-seed2022,0,8.96406602859497
100,7de896507ae118b7d1384450b0b083dfe4394f072662ac60d2a136e4cd1e4137,A0,7.138983141204934,0.0002730837742933475,CBO,False,52f5b855790486682b7ac7a3274fb98a03f28d151ce268630ed71b9482a5cfbb,fine,66,ParallelParent,2023,57,0,ParallelParent-A0-CBO-seed2023,0,8.984555006027222
100,7de896507ae118b7d1384450b0b083dfe4394f072662ac60d2a136e4cd1e4137,A0,8.711551402114798,3.1401120304031403e-06,CBO,False,ee9dfc0dbfb7d793d86a63d8b67be75933ff1619c93678d9d903d5361cdb648c,fine,65,ParallelParent,2024,56,0,ParallelParent-A0-CBO-seed2024,0,9.274337768554688
100,7de896507ae118b7d1384450b0b083dfe4394f072662ac60d2a136e4cd1e4137,A0,0.7455209121680957,2.1413623020381235e-07,CBO,False,f2785b9314209e4f5813b60355318863f27e7e553337698bc388ec3680abfeb9,fine,66,ParallelParent,2025,57,0,ParallelParent-A0-CBO-seed2025,0,8.883209705352783
100,7de896507ae118b7d1384450b0b083dfe4394f072662ac60d2a136e4cd1e4137,A0,6.184557474467781,6.415310426250039e-08,CBO,False,80c08b70654ff7cb8da55b906ff15a4e24d3d191ed933449657b33229e287cb8,fine,64,ParallelParent,2026,55,0,ParallelParent-A0-CBO-seed2026,0,8.873651266098022
100,7de896507ae118b7d1384450b0b083dfe4394f072662ac60d2a136e4cd1e4137,A0,2.706601458954252,1.2227313250300064e-07,CBO,False,376bc4f0913af17a09470ca038e7659bcdf3168b8841a7ef063cdef86dbbcbfb,fine,65,ParallelParent,2027,56,0,ParallelParent-A0-CBO-seed2027,0,8.903668642044067
100,7de896507ae118b7d1384450b0b083dfe4394f072662ac60d2a136e4cd1e4137,A0,2.2225276075782854,0.001032263243435586,CBO,False,6ff51765152ed0cbdeb446445b9f13802b396fda000991ce3e4be623600be352,fine,65,ParallelParent,2028,56,0,ParallelParent-A0-CBO-seed2028,0,9.192312717437744
100,7de896507ae118b7d1384450b0b083dfe4394f072662ac60d2a136e4cd1e4137,A0,9.38815603628851,0.0002868500057044473,CBO,False,dbf7366524e227e9c62f8184d28dc1cdd89368f50a710ef9b9ff58758ba143db,fine,67,ParallelParent,2029,58,0,ParallelParent-A0-CBO-seed2029,0,8.526062726974487
100,7de896507ae118b7d1384450b0b083dfe4394f072662ac60d2a136e4cd1e4137,A0,17.586467213031657,0.0001639342573534601,QCBO,False,fd9529535b62683bcfa72dbb5d8fbc2dcfd0cb8ed6e0cc843ee481dac1b3df76,coarse,53,ParallelParent,2000,50,0,ParallelParent-A0-QCBO-seed2000,0,5.110134601593018
100,7de896507ae118b7d1384450b0b083dfe4394f072662ac60d2a136e4cd1e4137,A0,8.484127883582893,0.0037464887067120414,QCBO,False,2a7e7321d2d0212579b58c55669748baddee4dd3dcdc7c17e5c5ed29bce4d813,coarse,53,ParallelParent,2001,50,0,ParallelParent-A0-QCBO-seed2001,0,5.195723295211792
100,7de896507ae118b7d1384450b0b083dfe4394f072662ac60d2a136e4cd1e4137,A0,6.231164760579978,0.0004119575999380616,QCBO,False,581799b535008f1fd842c13dc548430ba27062ae4885f00b4dd0755b693c88f2,coarse,53,ParallelParent,2002,50,0,ParallelParent-A0-QCBO-seed2002,0,5.108167409896851
100,7de896507ae118b7d1384450b0b083dfe4394f072662ac60d2a136e4cd1e4137,A0,17.89094971579128,1.3922547408947146e-05,QCBO,False,1af60a491fd1e0b7fed7e593f41732598da3786a1fc83e2ef545e28485c5ef21,coarse,53,ParallelParent,2003,50,0,ParallelParent-A0-QCBO-seed2003,0,5.219932317733765
100,7de896507ae118b7d1384450b0b083dfe4394f072662ac60d2a136e4cd1e4137,A0,0.9443143620581287,0.00033685411106400184,QCBO,False,fc72d511cbc85320d7a47fda9d6ce2eb6774647a6a3488a80b811e3b6ba13861,coarse,53,ParallelParent,2004,50,0,ParallelParent-A0-QCBO-seed2004,0,4.7445619106292725
100,7de896507ae118b7d1384450b0b083dfe4394f072662ac60d2a136e4cd1e4137,A0,1.2255955669927043,1.9347902750679215e-08,QCBO,False,ac798ffd95e0a1b66e027779646d911bbc06fe0325c410a32d3097924b647a23,coarse,53,ParallelParent,2005,50,0,ParallelParent-A0-QCBO-seed2005,0,4.68784761428833
100,7de896507ae118b7d1384450b0b083dfe4394f072662ac60d2a136e4cd1e4137,A0,1.2389771738393864,0.0005322363572492951,QCBO,False,2db90f01946ec680d7cb6e1d6fa25a4f0149d78bbed6b856db61a134d68c019e,coarse,53,ParallelParent,2006,50,0,ParallelParent-A0-QCBO-seed2006,0,5.299403429031372
100,7de896507ae118b7d1384450b0b083dfe4394f072662ac60d2a136e4cd1e4137,A0,1.2596531161086226,0.00035512863051167707,QCBO,False,fdde837d5761534036ad7e80307de06de7b4402391fd8dce4b36beb4aa6aaf19,coarse,53,ParallelParent,2007,50,0,ParallelParent-A0-QCBO-seed2007,0,5.313523530960083
100,7de896507ae118b7d1384450b0b083dfe4394f072662ac60d2a136e4cd1e4137,A0,17.6369803170682,8.209138185154408e-07,QCBO,False,c0b4769ceedd2031c7532a5ed1114823914a20b413222cc63f1338c96f66be61,coarse,53,ParallelParent,2008,50,0,ParallelParent-A0-QCBO-seed2008,0,5.03794264793396
100,7de896507ae118b7d1384450b0b083dfe4394f072662ac60d2a136e4cd1e4137,A0,2.267377815506854,0.003015053628973016,QCBO,False,01d88ddf9abde0ba80636640f2b1db52be56aa8737dc50ec930554304a56e35e,coarse,53,ParallelParent,2009,50,0,ParallelParent-A0-QCBO-seed2009,0,4.832465648651123
100,7de896507ae118b7d1384450b0b083dfe4394f072662ac60d2a136e4cd1e4137,A0,11.899127873962989,9.205028551486793e-06,QCBO,False,e59d1da28edfa8c1b1ad82e5c1b7676296b8636fb2fc394312853e6e043fc357,coarse,53,ParallelParent,2010,50,0,ParallelParent-A0-QCBO-seed2010,0,5.310193300247192
100,7de896507ae118b7d1384450b0b083dfe4394f072662ac60d2a136e4cd1e4137,A0,19.551467375613104,0.0004913411777608494,QCBO,False,ca293222fff01f57a5c79ea2a70c6921028e025dca454519cb8522deeb2bf109,coarse,53,ParallelParent,2011,50,0,ParallelParent-A0-QCBO-seed2011,0,5.3535096645355225
100,7de896507ae118b7d1384450b0b083dfe4394f072662ac60d2a136e4cd1e4137,A0,7.599080245622,0.0004941090422801118,QCBO,False,560662cab2b4e85cdf8b9cca382f9a9649d4eee2539efad557de90f74d132ad9,coarse,53,ParallelParent,2012,50,0,ParallelParent-A0-QCBO-seed2012,0,5.082818984985352
100,7de896507ae118b7d1384450b0b083dfe4394f072662ac60d2a136e4cd1e4137,A0,1.4047384747342968,0.0002885872617391908,QCBO,False,2b5737541138cdf3ae28e082c00f75751932accecbad3d87293cfa256cf0cb80,coarse,53,ParallelParent,2013,50,0,ParallelParent-A0-QCBO-seed2013,0,5.304383277893066
100,7de896507ae118b7d1384450b0b083dfe4394f072662ac60d2a136e4cd1e4137,A0,17.82607356650515,7.5456426442579e-08,QCBO,False,cce7fcf5fd390178342e784b3cbf4786f6118e864c17d0ee4c8b8236a528dc18,coarse,53,ParallelParent,2014,50,0,ParallelParent-A0-QCBO-seed2014,0,5.577676057815552
100,7de896507ae118b7d1384450b0b083dfe4394f072662ac60d2a136e4cd1e4137,A0,18.41648380007904,0.0013749128401959237,QCBO,False,a3d75bc9c72e09f6fe3bf411651d540daa6cb826cf8e9f967d0adb2810584b06,coarse,53,ParallelParent,2015,50,0,ParallelParent-A0-QCBO-seed2015,0,5.046102285385132
100,7de896507ae118b7d1384450b0b083dfe4394f072662ac60d2a136e4cd1e4137,A0,3.20929135630931,9.074193980952589e-05,QCBO,False,14869dbdbd2711af21564a7aa2d8b76b5b0672bdc5216db806e569ede6935313,coarse,53,ParallelParent,2016,50,0,ParallelParent-A0-QCBO-seed2016,0,5.505717754364014
100,7de896507ae118b7d1384450b0b083dfe4394f072662ac60d2a136e4cd1e4137,A0,1.383255825495244,0.00038822956366816393,QCBO,False,7f4c4f67f8bffc9d598b7798c9a35fa6434ac424235ed0e4b02f832b3ea725ea,coarse,53,ParallelParent,2017,50,0,ParallelParent-A0-QCBO-seed2017,0,5.153812408447266
100,7de896507ae118b7d1384450b0b083dfe4394f072662ac60d2a136e4cd1e4137,A0,18.64969202424157,0.0012669933556871378,QCBO,False,5a2d9727ec75dca3aa85833c4024da38322a704b3f61bdef7a08d33c5bc89c5d,coarse,53,ParallelParent,2018,50,0,ParallelParent-A0-QCBO-seed2018,0,5.359675884246826
100,7de896507ae118b7d1384450b0b083dfe4394f072662ac60d2a136e4cd1e4137,A0,18.440740177583763,0.0001253835966904857,QCBO,False,8e78bb9c2b74d744c90f06a198a1a41d1096ea5fac3b8c0f505e28f71f0ac33d,coarse,53,ParallelParent,2019,50,0,ParallelParent-A0-QCBO-seed2019,0,5.114512920379639
100,7de896507ae118b7d1384450b0b083dfe4394f072662ac60d2a136e4cd1e4137,A0,2.3730857991479395,0.00028658190976198504,QCBO,False,4cc3d3f2092d3228f1f1c764bc793a4f9c7c3ead71a1c034b51c4c0d9e7a495f,coarse,53,ParallelParent,2020,50,0,ParallelParent-A0-QCBO-seed2020,0,5.266424179077148
100,7de896507ae118b7d1384450b0b083dfe4394f072662ac60d2a136e4cd1e4137,A0,14.997449470881985,0.0030286827934371766,QCBO,False,de98cc7f0d0fd90600f08acdb41d4b3baaf292c4a82d55802825759abe95202f,coarse,53,ParallelParent,2021,50,0,ParallelParent-A0-QCBO-seed2021,0,5.3225257396698
100,7de896507ae118b7d1384450b0b083dfe4394f072662ac60d2a136e4cd1e4137,A0,0.9845102739307058,8.597091754613628e-05,QCBO,False,07d439ff5b50c9cc1b44ed17ab55f828d0a3e17e51e8713135433d4fa191b0eb,coarse,53,ParallelParent,2022,50,0,ParallelParent-A0-QCBO-seed2022,0,5.74687647819519
100,7de896507ae118b7d1384450b0b083dfe4394f072662ac60d2a136e4cd1e4137,A0,7.144189802103015,0.0002693739631335927,QCBO,False,52f5b855790486682b7ac7a3274fb98a03f28d151ce268630ed71b9482a5cfbb,coarse,53,ParallelParent,2023,50,0,ParallelParent-A0-QCBO-seed2023,0,5.2331836223602295
100,7de896507ae118b7d1384450b0b083dfe4394f072662ac60d2a136e4cd1e4137,A0,9.210817140896754,0.0010680691828805608,QCBO,False,ee9dfc0dbfb7d793d86a63d8b67be75933ff1619c93678d9d903d5361cdb648c,coarse,53,ParallelParent,2024,50,0,ParallelParent-A0-QCBO-seed2024,0,5.052582263946533
100,7de896507ae118b7d1384450b0b083dfe4394f072662ac60d2a136e4cd1e4137,A0,0.7483682369171284,9.969935185884712e-11,QCBO,False,f2785b9314209e4f5813b60355318863f27e7e553337698bc388ec3680abfeb9,coarse,53,ParallelParent,2025,50,0,ParallelParent-A0-QCBO-seed2025,0,4.943307876586914
100,7de896507ae118b7d1384450b0b083dfe4394f072662ac60d2a136e4cd1e4137,A0,6.2234290495658575,0.0007722576793991224,QCBO,False,80c08b70654ff7cb8da55b906ff15a4e24d3d191ed933449657b33229e287cb8,coarse,53,ParallelParent,2026,50,0,ParallelParent-A0-QCBO-seed2026,0,5.427136659622192
100,7de896507ae118b7d1384450b0b083dfe4394f072662ac60d2a136e4cd1e4137,A0,2.6817782588728303,2.619646798574585e-06,QCBO,False,376bc4f0913af17a09470ca038e7659bcdf3168b8841a7ef063cdef86dbbcbfb,coarse,53,ParallelParent,2027,50,0,ParallelParent-A0-QCBO-seed2027,0,5.314396142959595
100,7de896507ae118b7d1384450b0b083dfe4394f072662ac60d2a136e4cd1e4137,A0,2.0907253677739637,3.791295964548285e-05,QCBO,False,6ff51765152ed0cbdeb446445b9f13802b396fda000991ce3e4be623600be352,coarse,53,ParallelParent,2028,50,0,ParallelParent-A0-QCBO-seed2028,0,5.140265941619873
100,7de896507ae118b7d1384450b0b083dfe4394f072662ac60d2a136e4cd1e4137,A0,17.46355262791098,0.00024094815301407501,QCBO,False,dbf7366524e227e9c62f8184d28dc1cdd89368f50a710ef9b9ff58758ba143db,coarse,53,ParallelParent,2029,50,0,ParallelParent-A0-QCBO-seed2029,0,5.122721910476685
100,7de896507ae118b7d1384450b0b083dfe4394f072662ac60d2a136e4cd1e4137,A1,429.9214309084005,4.250000000000387,CBO-NP,False,fd9529535b62683bcfa72dbb5d8fbc2dcfd0cb8ed6e0cc843ee481dac1b3df76,fine,103,ParallelParent,2000,100,0,ParallelParent-A1-CBO-NP-seed2000,0,5.979753017425537
100,7de896507ae118b7d1384450b0b083dfe4394f072662ac60d2a136e4cd1e4137,A1,429.2688558236551,4.250000000000002,CBO-NP,False,2a7e7321d2d0212579b58c55669748baddee4dd3dcdc7c17e5c5ed29bce4d813,fine,103,ParallelParent,2001,100,0,ParallelParent-A1-CBO-NP-seed2001,0,5.89603590965271
100,7de896507ae118b7d1384450b0b083dfe4394f072662ac60d2a136e4cd1e4137,A1,429.2876951819106,4.250000000020061,CBO-NP,False,581799b535008f1fd842c13dc548430ba27062ae4885f00b4dd0755b693c88f2,fine,103,ParallelParent,2002,100,0,ParallelParent-A1-CBO-NP-seed2002,0,5.890939474105835
100,7de896507ae118b7d1384450b0b083dfe4394f072662ac60d2a136e4cd1e4137,A1,434.5721568861107,4.250000000545537,CBO-NP,False,1af60a491fd1e0b7fed7e593f41732598da3786a1fc83e2ef545e28485c5ef21,fine,103,ParallelParent,2003,100,0,ParallelParent-A1-CBO-NP-seed2003,0,6.073191404342651
100,7de896507ae118b7d1384450b0b083dfe4394f072662ac60d2a136e4cd1e4137,A1,429.43728173489757,4.250000000107938,CBO-NP,False,fc72d511cbc85320d7a47fda9d6ce2eb6774647a6a3488a80b811e3b6ba13861,fine,103,ParallelParent,2004,100,0,ParallelParent-A1-CBO-NP-seed2004,0,5.968617916107178
100,7de896507ae118b7d1384450b0b083dfe4394f072662ac60d2a136e4cd1e4137,A1,432.9529607662519,4.250000000310519,CBO-NP,False,ac798ffd95e0a1b66e027779646d911bbc06fe0325c410a32d3097924b647a23,fine,103,ParallelParent,2005,100,0,ParallelParent-A1-CBO-NP-seed2005,0,6.095402479171753
100,7de896507ae118b7d1384450b0b083dfe4394f072662ac60d2a136e4cd1e4137,A1,430.837126772264,4.250000000039051,CBO-NP,False,2db90f01946ec680d7cb6e1d6fa25a4f0149d78bbed6b856db61a134d68c019e,fine,103,ParallelParent,2006,100,0,ParallelParent-A1-CBO-NP-seed2006,0,5.959407806396484
100,7de896507ae118b7d1384450b0b083dfe4394f072662ac60d2a136e4cd1e4137,A1,429.78801592143714,4.250000000906921,CBO-NP,False,fdde837d5761534036ad7e80307de06de7b4402391fd8dce4b36beb4aa6aaf19,fine,103,ParallelParent,2007,100,0,ParallelParent-A1-CBO-NP-seed2007,0,6.162102460861206
100,7de896507ae118b7d1384450b0b083dfe4394f072662ac60d2a136e4cd1e4137,A1,432.9900888768099,4.250000007301844,CBO-NP,False,c0b4769ceedd2031c7532a5ed1114823914a20b413222cc63f1338c96f66be61,fine,103,ParallelParent,2008,100,0,ParallelParent-A1-CBO-NP-seed2008,0,5.966496706008911
100,7de896507ae118b7d1384450b0b083dfe4394f072662ac60d2a136e4cd1e4137,A1,429.3285339873869,4.250000000082918,CBO-NP,False,01d88ddf9abde0ba80636640f2b1db52be56aa8737dc50ec930554304a56e35e,fine,103,ParallelParent,2009,100,0,ParallelParent-A1-CBO-NP-seed2009,0,7.319265365600586
100,7de896507ae118b7d1384450b0b083dfe4394f072662ac60d2a136e4cd1e4137,A1,431.0522328438052,4.250000000008031,CBO-NP,False,e59d1da28edfa8c1b1ad82e5c1b7676296b8636fb2fc394312853e6e043fc357,fine,103,ParallelParent,2010,100,0,ParallelParent-A1-CBO-NP-seed2010,0,5.896154165267944
100,7de896507ae118b7d1384450b0b083dfe4394f072662ac60d2a136e4cd1e4137,A1,431.28644316789865,4.250000000000036,CBO-NP,False,ca293222fff01f57a5c79ea2a70c6921028e025dca454519cb8522deeb2bf109,fine,103,ParallelParent,2011,100,0,ParallelParent-A1-CBO-NP-seed2011,0,6.695209741592407
100,7de896507ae118b7d1384450b0b083dfe4394f072662ac60d2a136e4cd1e4137,A1,429.44432695179825,4.2500000001223,CBO-NP,False,560662cab2b4e85cdf8b9cca382f9a9649d4eee2539efad557de90f74d132ad9,fine,103,ParallelParent,2012,100,0,ParallelParent-A1-CBO-NP-seed2012,0,5.949749708175659
100,7de896507ae118b7d1384450b0b083dfe4394f072662ac60d2a136e4cd1e4137,A1,429.79987864428375,4.250000000007015,CBO-NP,False,2b5737541138cdf3ae28e082c00f75751932accecbad3d87293cfa256cf0cb80,fine,103,ParallelParent,2013,100,0,ParallelParent-A1-CBO-NP-seed2013,0,5.881299257278442
100,7de896507ae118b7d1384450b0b083dfe4394f072662ac60d2a136e4cd1e4137,A1,431.37830596533075,4.250000000001264,CBO-NP,False,cce7fcf5fd390178342e784b3cbf4786f6118e864c17d0ee4c8b8236a528dc18,fine,103,ParallelParent,2014,100,0,ParallelParent-A1-CBO-NP-seed2014,0,5.951314210891724
100,7de896507ae118b7d1384450b0b083dfe4394f072662ac60d2a136e4cd1e4137,A1,430.574733847311,4.250000000200223,CBO-NP,False,a3d75bc9c72e09f6fe3bf411651d540daa6cb826cf8e9f967d0adb2810584b06,fine,103,ParallelParent,2015,100,0,ParallelParent-A1-CBO-NP-seed2015,0,5.960004568099976
100,7de896507ae118b7d1384450b0b083dfe4394f072662ac60d2a136e4cd1e4137,A1,429.8500186747891,4.250000000000265,CBO-NP,False,14869dbdbd2711af21564a7aa2d8b76b5b0672bdc5216db806e569ede6935313,fine,103,ParallelParent,2016,100,0,ParallelParent-A1-CBO-NP-seed2016,0,5.643913269042969
100,7de896507ae118b7d1384450b0b083dfe4394f072662ac60d2a136e4cd1e4137,A1,433.4137547537237,4.2500000000822835,CBO-NP,False,7f4c4f67f8bffc9d598b7798c9a35fa6434ac424235ed0e4b02f832b3ea725ea,fine,103,ParallelParent,2017,100,0,ParallelParent-A1-CBO-NP-seed2017,0,5.864799499511719
100,7de896507ae118b7d1384450b0b083dfe4394f072662ac60d2a136e4cd1e4137,A1,429.34798115303596,4.2500000000376845,CBO-NP,False,5a2d9727ec75dca3aa85833c4024da38322a704b3f61bdef7a08d33c5bc89c5d,fine,103,ParallelParent,2018,100,0,ParallelParent-A1-CBO-NP-seed2018,0,6.020503282546997
100,7de896507ae118b7d1384450b0b083dfe4394f072662ac60d2a136e4cd1e4137,A1,431.35675840490626,4.250000000058889,CBO-NP,False,8e78bb9c2b74d744c90f06a198a1a41d1096ea5fac3b8c0f505e28f71f0ac33d,fine,103,ParallelParent,2019,100,0,ParallelParent-A1-CBO-NP-seed2019,0,6.120492458343506
100,7de896507ae118b7d1384450b0b083dfe4394f072662ac60d2a136e4cd1e4137,A1,429.2567045387188,4.2500000001576055,CBO-NP,False,4cc3d3f2092d3228f1f1c764bc793a4f9c7c3ead71a1c034b51c4c0d9e7a495f,fine,103,ParallelParent,2020,100,0,ParallelParent-A1-CBO-NP-seed2020,0,6.070854425430298
100,7de896507ae118b7d1384450b0b083dfe4394f072662ac60d2a136e4cd1e4137,A1,429.3534538341722,4.250000000034516,CBO-NP,False,de98cc7f0d0fd90600f08acdb41d4b3baaf292c4a82d55802825759abe95202f,fine,103,ParallelParent,2021,100,0,ParallelParent-A1-CBO-NP-seed2021,0,5.911245584487915
100,7de896507ae118b7d1384450b0b083dfe4394f072662ac60d2a136e4cd1e4137,A1,430.95597115083586,4.250000009853356,CBO-NP,False,07d439ff5b50c9cc1b44ed17ab55f828d0a3e17e51e8713135433d4fa191b0eb,fine,103,ParallelParent,2022,100,0,ParallelParent-A1-CBO-NP-seed2022,0,5.754845142364502
100,7de896507ae118b7d1384450b0b083dfe4394f072662ac60d2a136e4cd1e4137,A1,432.5661496907931,4.250000000124083,CBO-NP,False,52f5b855790486682b7ac7a3274fb98a03f28d151ce268630ed71b9482a5cfbb,fine,103,ParallelParent,2023,100,0,ParallelParent-A1-CBO-NP-seed2023,0,5.927735328674316
100,7de896507ae118b7d1384450b0b083dfe4394f072662ac60d2a136e4cd1e4137,A1,429.5852231584167,4.2500000000198295,CBO-NP,False,ee9dfc0dbfb7d793d86a63d8b67be75933ff1619c93678d9d903d5361cdb648c,fine,103,ParallelParent,2024,100,0,ParallelParent-A1-CBO-NP-seed2024,0,5.697007894515991
100,7de896507ae118b7d1384450b0b083dfe4394f072662ac60d2a136e4cd1e4137,A1,432.43406630299694,4.2500000028517455,CBO-NP,False,f2785b9314209e4f5813b60355318863f27e7e553337698bc388ec3680abfeb9,fine,103,ParallelParent,2025,100,0,ParallelParent-A1-CBO-NP-seed2025,0,6.09540867805481
100,7de896507ae118b7d1384450b0b083dfe4394f072662ac60d2a136e4cd1e4137,A1,435.08366870862636,4.250000000189415,CBO-NP,False,80c08b70654ff7cb8da55b906ff15a4e24d3d191ed933449657b33229e287cb8,fine,103,ParallelParent,2026,100,0,ParallelParent-A1-CBO-NP-seed2026,0,5.945255994796753
100,7de896507ae118b7d1384450b0b083dfe4394f072662ac60d2a136e4cd1e4137,A1,433.1018982368328,4.250000012598524,CBO-NP,False,376bc4f0913af17a09470ca038e7659bcdf3168b8841a7ef063cdef86dbbcbfb,fine,103,ParallelParent,2027,100,0,ParallelParent-A1-CBO-NP-seed2027,0,5.782998085021973
100,7de896507ae118b7d1384450b0b083dfe4394f072662ac60d2a136e4cd1e4137,A1,430.03511336295907,4.250000000004211,CBO-NP,False,6ff51765152ed0cbdeb446445b9f13802b396fda000991ce3e4be623600be352,fine,103,ParallelParent,2028,100,0,ParallelParent-A1-CBO-NP-seed2028,0,6.1946470737457275
100,7de896507ae118b7d1384450b0b083dfe4394f072662ac60d2a136e4cd1e4137,A1,430.73908844748274,4.250000001064882,CBO-NP,False,dbf7366524e227e9c62f8184d28dc1cdd89368f50a710ef9b9ff58758ba143db,fine,103,ParallelParent,2029,100,0,ParallelParent-A1-CBO-NP-seed2029,0,5.784490585327148
100,7de896507ae118b7d1384450b0b083dfe4394f072662ac60d2a136e4cd1e4137,A1,429.6981989905622,4.250000000232054,CBO,False,fd9529535b62683bcfa72dbb5d8fbc2dcfd0cb8ed6e0cc843ee481dac1b3df76,fine,103,ParallelParent,2000,100,0,ParallelParent-A1-CBO-seed2000,0,10.087695360183716
100,7de896507ae118b7d1384450b0b083dfe4394f072662ac60d2a136e4cd1e4137,A1,429.2642419907619,4.2500000001847384,CBO,False,2a7e7321d2d0212579b58c55669748baddee4dd3dcdc7c17e5c5ed29bce4d813,fine,103,ParallelParent,2001,100,0,ParallelParent-A1-CBO-seed2001,0,9.786075115203857
100,7de896507ae118b7d1384450b0b083dfe4394f072662ac60d2a136e4cd1e4137,A1,429.2636930050189,4.250000000985854,CBO,False,581799b535008f1fd842c13dc548430ba27062ae4885f00b4dd0755b693c88f2,fine,103,ParallelParent,2002,100,0,ParallelParent-A1-CBO-seed2002,0,10.201029300689697
100,7de896507ae118b7d1384450b0b083dfe4394f072662ac60d2a136e4cd1e4137,A1,439.1661000857355,4.250000000462288,CBO,False,1af60a491fd1e0b7fed7e593f41732598da3786a1fc83e2ef545e28485c5ef21,fine,103,ParallelParent,2003,100,0,ParallelParent-A1-CBO-seed2003,0,10.449663162231445
100,7de896507ae118b7d1384450b0b083dfe4394f072662ac60d2a136e4cd1e4137,A1,429.3778882913292,4.250000000090145,CBO,False,fc72d511cbc85320d7a47fda9d6ce2eb6774647a6a3488a80b811e3b6ba13861,fine,103,ParallelParent,2004,100,0,ParallelParent-A1-CBO-seed2004,0,11.067417621612549
100,7de896507ae118b7d1384450b0b083dfe4394f072662ac60d2a136e4cd1e4137,A1,435.75225527529534,4.250000020299368,CBO,False,ac798ffd95e0a1b66e027779646d911bbc06fe0325c410a32d3097924b647a23,fine,103,ParallelParent,2005,100,0,ParallelParent-A1-CBO-seed2005,0,11.262486457824707
100,7de896507ae118b7d1384450b0b083dfe4394f072662ac60d2a136e4cd1e4137,A1,430.4053672829656,4.250000000020908,CBO,False,2db90f01946ec680d7cb6e1d6fa25a4f0149d78bbed6b856db61a134d68c019e,fine,103,ParallelParent,2006,100,0,ParallelParent-A1-CBO-seed2006,0,10.340641498565674
100,7de896507ae118b7d1384450b0b083dfe4394f072662ac60d2a136e4cd1e4137,A1,429.52571557382646,4.250000000396464,CBO,False,fdde837d5761534036ad7e80307de06de7b4402391fd8dce4b36beb4aa6aaf19,fine,103,ParallelParent,2007,100,0,ParallelParent-A1-CBO-seed2007,0,10.274923086166382
100,7de896507ae118b7d1384450b0b083dfe4394f072662ac60d2a136e4cd1e4137,A1,434.73351486262277,4.250000074416308,CBO,False,c0b4769ceedd2031c7532a5ed1114823914a20b413222cc63f1338c96f66be61,fine,103,ParallelParent,2008,100,0,ParallelParent-A1-CBO-seed2008,0,9.899088621139526
100,7de896507ae118b7d1384450b0b083dfe4394f072662ac60d2a136e4cd1e4137,A1,429.27681688363595,4.25000000116489,CBO,False,01d88ddf9abde0ba80636640f2b1db52be56aa8737dc50ec930554304a56e35e,fine,103,ParallelParent,2009,100,0,ParallelParent-A1-CBO-seed2009,0,10.232568740844727
100,7de896507ae118b7d1384450b0b083dfe4394f072662ac60d2a136e4cd1e4137,A1,431.1427128600199,4.250000004659474,CBO,False,e59d1da28edfa8c1b1ad82e5c1b7676296b8636fb2fc394312853e6e043fc357,fine,103,ParallelParent,2010,100,0,ParallelParent-A1-CBO-seed2010,0,9.84754753112793
100,7de896507ae118b7d1384450b0b083dfe4394f072662ac60d2a136e4cd1e4137,A1,430.7290226113638,4.25000000554961,CBO,False,ca293222fff01f57a5c79ea2a70c6921028e025dca454519cb8522deeb2bf109,fine,103,ParallelParent,2011,100,0,ParallelParent-A1-CBO-seed2011,0,10.112677574157715
100,7de896507ae118b7d1384450b0b083dfe4394f072662ac60d2a136e4cd1e4137,A1,429.3495019265252,4.250000006797814,CBO,False,560662cab2b4e85cdf8b9cca382f9a9649d4eee2539efad557de90f74d132ad9,fine,103,ParallelParent,2012,100,0,ParallelParent-A1-CBO-seed2012,0,10.318037748336792
100,7de896507ae118b7d1384450b0b083dfe4394f072662ac60d2a136e4cd1e4137,A1,429.5385974564359,4.250000001397381,CBO,False,2b5737541138cdf3ae28e082c00f75751932accecbad3d87293cfa256cf0cb80,fine,103,ParallelParent,2013,100,0,ParallelParent-A1-CBO-seed2013,0,10.40493893623352
100,7de896507ae118b7d1384450b0b083dfe4394f072662ac60d2a136e4cd1e4137,A1,430.9030082129606,4.2500000102131485,CBO,False,cce7fcf5fd390178342e784b3cbf4786f6118e864c17d0ee4c8b8236a528dc18,fine,103,ParallelParent,2014,100,0,ParallelParent-A1-CBO-seed2014,0,14.069196462631226
100,7de896507ae118b7d1384450b0b083dfe4394f072662ac60d2a136e4cd1e4137,A1,429.9960321873346,4.250000000102158,CBO,False,a3d75bc9c72e09f6fe3bf411651d540daa6cb826cf8e9f967d0adb2810584b06,fine,103,ParallelParent,2015,100,0,ParallelParent-A1-CBO-seed2015,0,10.766981363296509
100,7de896507ae118b7d1384450b0b083dfe4394f072662ac60d2a136e4cd1e4137,A1,429.5410142183218,4.250000000000263,CBO,False,14869dbdbd2711af21564a7aa2d8b76b5b0672bdc5216db806e569ede6935313,fine,103,ParallelParent,2016,100,0,ParallelParent-A1-CBO-seed2016,0,10.46628713607788
100,7de896507ae118b7d1384450b0b083dfe4394f072662ac60d2a136e4cd1e4137,A1,432.562896270514,4.250000000208975,CBO,False,7f4c4f67f8bffc9d598b7798c9a35fa6434ac424235ed0e4b02f832b3ea725ea,fine,103,ParallelParent,2017,100,0,ParallelParent-A1-CBO-seed2017,0,10.40960431098938
100,7de896507ae118b7d1384450b0b083dfe4394f072662ac60d2a136e4cd1e4137,A1,429.37111144496765,4.250000005779927,CBO,False,5a2d9727ec75dca3aa85833c4024da38322a704b3f61bdef7a08d33c5bc89c5d,fine,103,ParallelParent,2018,100,0,ParallelParent-A1-CBO-seed2018,0,10.244897603988647
100,7de896507ae118b7d1384450b0b083dfe4394f072662ac60d2a136e4cd1e4137,A1,430.2232064815406,4.250000002391033,CBO,False,8e78bb9c2b74d744c90f06a198a1a41d1096ea5fac3b8c0f505e28f71f0ac33d,fine,103,ParallelParent,2019,100,0,ParallelParent-A1-CBO-seed2019,0,9.935256958007812
100,7de896507ae118b7d1384450b0b083dfe4394f072662ac60d2a136e4cd1e4137,A1,429.2558587151084,4.250000001234099,CBO,False,4cc3d3f2092d3228f1f1c764bc793a4f9c7c3ead71a1c034b51c4c0d9e7a495f,fine,103,ParallelParent,2020,100,0,ParallelParent-A1-CBO-seed2020,0,9.913624286651611
100,7de896507ae118b7d1384450b0b083dfe4394f072662ac60d2a136e4cd1e4137,A1,429.35366015406146,4.250000000159419,CBO,False,de98cc7f0d0fd90600f08acdb41d4b3baaf292c4a82d55802825759abe95202f,fine,103,ParallelParent,2021,100,0,ParallelParent-A1-CBO-seed2021,0,10.197772026062012
100,7de896507ae118b7d1384450b0b083dfe4394f072662ac60d2a136e4cd1e4137,A1,430.2314500908863,4.250000000745571,CBO,False,07d439ff5b50c9cc1b44ed17ab55f828d0a3e17e51e8713135433d4fa191b0eb,fine,103,ParallelParent,2022,100,0,ParallelParent-A1-CBO-seed2022,0,9.78981900215149
100,7de896507ae118b7d1384450b0b083dfe4394f072662ac60d2a136e4cd1e4137,A1,433.2839797475445,4.250000000817736,CBO,False,52f5b855790486682b7ac7a3274fb98a03f28d151ce268630ed71b9482a5cfbb,fine,103,ParallelParent,2023,100,0,ParallelParent-A1-CBO-seed2023,0,14.073298692703247
100,7de896507ae118b7d1384450b0b083dfe4394f072662ac60d2a136e4cd1e4137,A1,429.50359186479295,4.250000002244934,CBO,False,ee9dfc0dbfb7d793d86a63d8b67be75933ff1619c93678d9d903d5361cdb648c,fine,103,ParallelParent,2024,100,0,ParallelParent-A1-CBO-seed2024,0,10.252075433731079
100,7de896507ae118b7d1384450b0b083dfe4394f072662ac60d2a136e4cd1e4137,A1,431.278440028711,4.250000000786015,CBO,False,f2785b9314209e4f5813b60355318863f27e7e553337698bc388ec3680abfeb9,fine,103,ParallelParent,2025,100,0,ParallelParent-A1-CBO-seed2025,0,10.104454278945923
100,7de896507ae118b7d1384450b0b083dfe4394f072662ac60d2a136e4cd1e4137,A1,439.4877108513824,4.250000000051761,CBO,False,80c08b70654ff7cb8da55b906ff15a4e24d3d191ed933449657b33229e287cb8,fine,103,ParallelParent,2026,100,0,ParallelParent-A1-CBO-seed2026,0,10.256243705749512
100,7de896507ae118b7d1384450b0b083dfe4394f072662ac60d2a136e4cd1e4137,A1,436.96243313215984,4.250000007157822,CBO,False,376bc4f0913af17a09470ca038e7659bcdf3168b8841a7ef063cdef86dbbcbfb,fine,103,ParallelParent,2027,100,0,ParallelParent-A1-CBO-seed2027,0,9.96800422668457
100,7de896507ae118b7d1384450b0b083dfe4394f072662ac60d2a136e4cd1e4137,A1,429.6911124485071,4.250000005049588,CBO,False,6ff51765152ed0cbdeb446445b9f13802b396fda000991ce3e4be623600be352,fine,103,ParallelParent,2028,100,0,ParallelParent-A1-CBO-seed2028,0,9.957720279693604
100,7de896507ae118b7d1384450b0b083dfe4394f072662ac60d2a136e4cd1e4137,A1,429.7482494914246,4.250000024937949,CBO,False,dbf7366524e227e9c62f8184d28dc1cdd89368f50a710ef9b9ff58758ba143db,fine,103,ParallelParent,2029,100,0,ParallelParent-A1-CBO-seed2029,0,10.008339166641235
100,7de896507ae118b7d1384450b0b083dfe4394f072662ac60d2a136e4cd1e4137,A1,17.586467213031657,0.0001639342573534601,QCBO,False,fd9529535b62683bcfa72dbb5d8fbc2dcfd0cb8ed6e0cc843ee481dac1b3df76,coarse,53,ParallelParent,2000,50,0,ParallelParent-A1-QCBO-seed2000,0,4.992981433868408
100,7de896507ae118b7d1384450b0b083dfe4394f072662ac60d2a136e4cd1e4137,A1,8.484127883582893,0.0037464887067120414,QCBO,False,2a7e7321d2d0212579b58c55669748baddee4dd3dcdc7c17e5c5ed29bce4d813,coarse,53,ParallelParent,2001,50,0,ParallelParent-A1-QCBO-seed2001,0,5.179789304733276
100,7de896507ae118b7d1384450b0b083dfe4394f072662ac60d2a136e4cd1e4137,A1,6.231164760579978,0.0004119575999380616,QCBO,False,581799b535008f1fd842c13dc548430ba27062ae4885f00b4dd0755b693c88f2,coarse,53,ParallelParent,2002,50,0,ParallelParent-A1-QCBO-seed2002,0,5.01110577583313
100,7de896507ae118b7d1384450b0b083dfe4394f072662ac60d2a136e4cd1e4137,A1,17.89094971579128,1.3922547408947146e-05,QCBO,False,1af60a491fd1e0b7fed7e593f41732598da3786a1fc83e2ef545e28485c5ef21,coarse,53,ParallelParent,2003,50,0,ParallelParent-A1-QCBO-seed2003,0,5.20229172706604
100,7de896507ae118b7d1384450b0b083dfe4394f072662ac60d2a136e4cd1e4137,A1,0.9443143620581287,0.00033685411106400184,QCBO,False,fc72d511cbc85320d7a47fda9d6ce2eb6774647a6a3488a80b811e3b6ba13861,coarse,53,ParallelParent,2004,50,0,ParallelParent-A1-QCBO-seed2004,0,4.632343769073486
100,7de896507ae118b7d1384450b0b083dfe4394f072662ac60d2a136e4cd1e4137,A1,1.2255955669927043,1.9347902750679215e-08,QCBO,False,ac798ffd95e0a1b66e027779646d911bbc06fe0325c410a32d3097924b647a23,coarse,53,ParallelParent,2005,50,0,ParallelParent-A1-QCBO-seed2005,0,5.389143466949463
100,7de896507ae118b7d1384450b0b083dfe4394f072662ac60d2a136e4cd1e4137,A1,1.2389771738393864,0.0005322363572492951,QCBO,False,2db90f01946ec680d7cb6e1d6fa25a4f0149d78bbed6b856db61a134d68c019e,coarse,53,ParallelParent,2006,50,0,ParallelParent-A1-QCBO-seed2006,0,7.05879807472229
100,7de896507ae118b7d1384450b0b083dfe4394f072662ac60d2a136e4cd1e4137,A1,1.2596531161086226,0.00035512863051167707,QCBO,False,fdde837d5761534036ad7e80307de06de7b4402391fd8dce4b36beb4aa6aaf19,coarse,53,ParallelParent,2007,50,0,ParallelParent-A1-QCBO-seed2007,0,5.432447195053101
100,7de896507ae118b7d1384450b0b083dfe4394f072662ac60d2a136e4cd1e4137,A1,17.6369803170682,8.209138185154408e-07,QCBO,False,c0b4769ceedd2031c7532a5ed1114823914a20b413222cc63f1338c96f66be61,coarse,53,ParallelParent,2008,50,0,ParallelParent-A1-QCBO-seed2008,0,5.093860149383545
100,7de896507ae118b7d1384450b0b083dfe4394f072662ac60d2a136e4cd1e4137,A1,2.267377815506854,0.003015053628973016,QCBO,False,01d88ddf9abde0ba80636640f2b1db52be56aa8737dc50ec930554304a56e35e,coarse,53,ParallelParent,2009,50,0,ParallelParent-A1-QCBO-seed2009,0,5.129080772399902
100,7de896507ae118b7d1384450b0b083dfe4394f072662ac60d2a136e4cd1e4137,A1,11.899127873962989,9.205028551486793e-06,QCBO,False,e59d1da28edfa8c1b1ad82e5c1b7676296b8636fb2fc394312853e6e043fc357,coarse,53,ParallelParent,2010,50,0,ParallelParent-A1-QCBO-seed2010,0,5.516829967498779
100,7de896507ae118b7d1384450b0b083dfe4394f072662ac60d2a136e4cd1e4137,A1,19.551467375613104,0.0004913411777608494,QCBO,False,ca293222fff01f57a5c79ea2a70c6921028e025dca454519cb8522deeb2bf109,coarse,53,ParallelParent,2011,50,0,ParallelParent-A1-QCBO-seed2011,0,5.523456573486328
100,7de896507ae118b7d1384450b0b083dfe4394f072662ac60d2a136e4cd1e4137,A1,7.599080245622,0.0004941090422801118,QCBO,False,560662cab2b4e85cdf8b9cca382f9a9649d4eee2539efad557de90f74d132ad9,coarse,53,ParallelParent,2012,50,0,ParallelParent-A1-QCBO-seed2012,0,5.002434730529785
100,7de896507ae118b7d1384450b0b083dfe4394f072662ac60d2a136e4cd1e4137,A1,1.4047384747342968,0.0002885872617391908,QCBO,False,2b5737541138cdf3ae28e082c00f75751932accecbad3d87293cfa256cf0cb80,coarse,53,ParallelParent,2013,50,0,ParallelParent-A1-QCBO-seed2013,0,6.24393892288208
100,7de896507ae118b7d1384450b0b083dfe4394f072662ac60d2a136e4cd1e4137,A1,17.82607356650515,7.5456426442579e-08,QCBO,False,cce7fcf5fd390178342e784b3cbf4786f6118e864c17d0ee4c8b8236a528dc18,coarse,53,ParallelParent,2014,50,0,ParallelParent-A1-QCBO-seed2014,0,5.395485877990723
100,7de896507ae118b7d1384450b0b083dfe4394f072662ac60d2a136e4cd1e4137,A1,18.41648380007904,0.0013749128401959237,QCBO,False,a3d75bc9c72e09f6fe3bf411651d540daa6cb826cf8e9f967d0adb2810584b06,coarse,53,ParallelParent,2015,50,0,ParallelParent-A1-QCBO-seed2015,0,5.152074813842773
100,7de896507ae118b7d1384450b0b083dfe4394f072662ac60d2a136e4cd1e4137,A1,3.20929135630931,9.074193980952589e-05,QCBO,False,14869dbdbd2711af21564a7aa2d8b76b5b0672bdc5216db806e569ede6935313,coarse,53,ParallelParent,2016,50,0,ParallelParent-A1-QCBO-seed2016,0,5.434890508651733
100,7de896507ae118b7d1384450b0b083dfe4394f072662ac60d2a136e4cd1e4137,A1,1.383255825495244,0.00038822956366816393,QCBO,False,7f4c4f67f8bffc9d598b7798c9a35fa6434ac424235ed0e4b02f832b3ea725ea,coarse,53,ParallelParent,2017,50,0,ParallelParent-A1-QCBO-seed2017,0,4.840569734573364
100,7de896507ae118b7d1384450b0b083dfe4394f072662ac60d2a136e4cd1e4137,A1,18.64969202424157,0.0012669933556871378,QCBO,False,5a2d9727ec75dca3aa85833c4024da38322a704b3f61bdef7a08d33c5bc89c5d,coarse,53,ParallelParent,2018,50,0,ParallelParent-A1-QCBO-seed2018,0,5.215916633605957
100,7de896507ae118b7d1384450b0b083dfe4394f072662ac60d2a136e4cd1e4137,A1,18.440740177583763,0.0001253835966904857,QCBO,False,8e78bb9c2b74d744c90f06a198a1a41d1096ea5fac3b8c0f505e28f71f0ac33d,coarse,53,ParallelParent,2019,50,0,ParallelParent-A1-QCBO-seed2019,0,5.3252716064453125
100,7de896507ae118b7d1384450b0b083dfe4394f072662ac60d2a136e4cd1e4137,A1,2.3730857991479395,0.00028658190976198504,QCBO,False,4cc3d3f2092d3228f1f1c764bc793a4f9c7c3ead71a1c034b51c4c0d9e7a495f,coarse,53,ParallelParent,2020,50,0,ParallelParent-A1-QCBO-seed2020,0,5.106155872344971
100,7de896507ae118b7d1384450b0b083dfe4394f072662ac60d2a136e4cd1e4137,A1,14.997449470881985,0.0030286827934371766,QCBO,False,de98cc7f0d0fd90600f08acdb41d4b3baaf292c4a82d55802825759abe95202f,coarse,53,ParallelParent,2021,50,0,ParallelParent-A1-QCBO-seed2021,0,5.436495065689087
100,7de896507ae118b7d1384450b0b083dfe4394f072662ac60d2a136e4cd1e4137,A1,0.9845102739307058,8.597091754613628e-05,QCBO,False,07d439ff5b50c9cc1b44ed17ab55f828d0a3e17e51e8713135433d4fa191b0eb,coarse,53,ParallelParent,2022,50,0,ParallelParent-A1-QCBO-seed2022,0,4.802873134613037
100,7de896507ae118b7d1384450b0b083dfe4394f072662ac60d2a136e4cd1e4137,A1,7.144189802103015,0.0002693739631335927,QCBO,False,52f5b855790486682b7ac7a3274fb98a03f28d151ce268630ed71b9482a5cfbb,coarse,53,ParallelParent,2023,50,0,ParallelParent-A1-QCBO-seed2023,0,4.790288686752319
100,7de896507ae118b7d1384450b0b083dfe4394f072662ac60d2a136e4cd1e4137,A1,9.210817140896754,0.0010680691828805608,QCBO,False,ee9dfc0dbfb7d793d86a63d8b67be75933ff1619c93678d9d903d5361cdb648c,coarse,53,ParallelParent,2024,50,0,ParallelParent-A1-QCBO-seed2024,0,5.199722766876221
100,7de896507ae118b7d1384450b0b083dfe4394f072662ac60d2a136e4cd1e4137,A1,0.7483682369171284,9.969935185884712e-11,QCBO,False,f2785b9314209e4f5813b60355318863f27e7e553337698bc388ec3680abfeb9,coarse,53,ParallelParent,2025,50,0,ParallelParent-A1-QCBO-seed2025,0,5.210342168807983
100,7de896507ae118b7d1384450b0b083dfe4394f072662ac60d2a136e4cd1e4137,A1,6.2234290495658575,0.0007722576793991224,QCBO,False,80c08b70654ff7cb8da55b906ff15a4e24d3d191ed933449657b33229e287cb8,coarse,53,ParallelParent,2026,50,0,ParallelParent-A1-QCBO-seed2026,0,5.410113334655762
100,7de896507ae118b7d1384450b0b083dfe4394f072662ac60d2a136e4cd1e4137,A1,2.6817782588728303,2.619646798574585e-06,QCBO,False,376bc4f0913af17a09470ca038e7659bcdf3168b8841a7ef063cdef86dbbcbfb,coarse,53,ParallelParent,2027,50,0,ParallelParent-A1-QCBO-seed2027,0,5.346033096313477
100,7de896507ae118b7d1384450b0b083dfe4394f072662ac60d2a136e4cd1e4137,A1,2.0907253677739637,3.791295964548285e-05,QCBO,False,6ff51765152ed0cbdeb446445b9f13802b396fda000991ce3e4be623600be352,coarse,53,ParallelParent,2028,50,0,ParallelParent-A1-QCBO-seed2028,0,5.493758678436279
100,7de896507ae118b7d1384450b0b083dfe4394f072662ac60d2a136e4cd1e4137,A1,17.46355262791098,0.00024094815301407501,QCBO,False,dbf7366524e227e9c62f8184d28dc1cdd89368f50a710ef9b9ff58758ba143db,coarse,53,ParallelParent,2029,50,0,ParallelParent-A1-QCBO-seed2029,0,5.469292879104614
