actual_cost,code_identity,cond,cost_integrated_recommendation_regret,final_recommendation_regret,method,null_recommended_final,observational_sha256,partition,purchases,scm,seed,sequential_purchases,split_cost,unit_id,unspent,wall_seconds
798,61b4757aedf08761a1b409a464abc581e58d3447b51f0ac6921a8f0b97a8fc51,K0,3689.8899382616955,6.48639440567068,BO,False,824a6f9ec605719a637b2435aeffcd555ddc0717596f74c23d1ac49d99ada861,fine,133,ClusterChain,2000,131,0,ClusterChain-K0-BO-seed2000,2,2.98360538482666
798,61b4757aedf08761a1b409a464abc581e58d3447b51f0ac6921a8f0b97a8fc51,K0,3805.8007608810344,5.976647435471936,BO,False,be076d17e6d9d71b37e4e21200427bbde9884fa5754bca5e4ed0ca5c84bf21d6,fine,133,ClusterChain,2001,131,0,ClusterChain-K0-BO-seed2001,2,3.0381274223327637
798,61b4757aedf08761a1b409a464abc581e58d3447b51f0ac6921a8f0b97a8fc51,K0,3615.1622485699518,5.315807475949067,BO,False,7436ed13bb4ee27fd877abf7dfc3029231cb144633a0023d7d67d0384aac5fbe,fine,133,ClusterChain,2002,131,0,ClusterChain-K0-BO-seed2002,2,3.1324806213378906
798,61b4757aedf08761a1b409a464abc581e58d3447b51f0ac6921a8f0b97a8fc51,K0,3250.7070406897537,5.21156069436966,BO,False,c9b80e0f7fad265a33e596f9743e2e1993a19241fa8e1ab6672b9bc4e43e85ab,fine,133,ClusterChain,2003,131,0,ClusterChain-K0-BO-seed2003,2,3.435685873031616
798,61b4757aedf08761a1b409a464abc581e58d3447b51f0ac6921a8f0b97a8fc51,K0,4046.211859369371,7.2306133973314495,BO,False,b593e559d7b1a7591cb2f5ef21262f3f5e310fa5562b45fd5bd1ba67c6df093d,fine,133,ClusterChain,2004,131,0,ClusterChain-K0-BO-seed2004,2,7.287425756454468
798,61b4757aedf08761a1b409a464abc581e58d3447b51f0ac6921a8f0b97a8fc51,K0,2278.4362861538143,4.034927907176607,BO,False,0a15fe67250e612e5fa9b4005617dc322bc8dd2e14b49b818fe381bf4c29ff62,fine,133,ClusterChain,2005,131,0,ClusterChain-K0-BO-seed2005,2,5.161203145980835
798,61b4757aedf08761a1b409a464abc581e58d3447b51f0ac6921a8f0b97a8fc51,K0,4701.733640467641,7.101182435263939,BO,False,fd74f4d6e078e0c0a35a2da1ebcf1f77e1d01817de7365a426ddeb0fc3fc871c,fine,133,ClusterChain,2006,131,0,ClusterChain-K0-BO-seed2006,2,3.425668239593506
798,61b4757aedf08761a1b409a464abc581e58d3447b51f0ac6921a8f0b97a8fc51,K0,2978.9781614722765,5.072476933597352,BO,False,f6896e78e02858704264bc25b2a24ef4d620c4d9476617c7f998dd9781b4ac63,fine,133,ClusterChain,2007,131,0,ClusterChain-K0-BO-seed2007,2,5.033422946929932
798,61b4757aedf08761a1b409a464abc581e58d3447b51f0ac6921a8f0b97a8fc51,K0,3781.959991259794,5.979133110668392,BO,False,758a747718c03a83b8646e5d1996faccd749d92203d857fad9069b04d30ccfba,fine,133,ClusterChain,2008,131,0,ClusterChain-K0-BO-seed2008,2,3.338839530944824
798,61b4757aedf08761a1b409a464abc581e58d3447b51f0ac6921a8f0b97a8fc51,K0,4270.803717448628,6.228417043233183,BO,False,bdb43d33eb86b6a64d29689549e07e25211733b582507c5fad66e2b2ac69304b,fine,133,ClusterChain,2009,131,0,ClusterChain-K0-BO-seed2009,2,3.388723611831665
798,61b4757aedf08761a1b409a464abc581e58d3447b51f0ac6921a8f0b97a8fc51,K0,3559.1298277212713,5.2602126853958,BO,False,9e0270130158fc69946e86d28dbde6ae51a7a9525fa35a13d0b22176b1506367,fine,133,ClusterChain,2010,131,0,ClusterChain-K0-BO-seed2010,2,3.344560146331787
798,61b4757aedf08761a1b409a464abc581e58d3447b51f0ac6921a8f0b97a8fc51,K0,3804.7464786760047,4.826380721412431,BO,False,7cbf5572eefc4077d0d8e8a6782d65076cc08c3fa88683b27ef0faf75f77d99b,fine,133,ClusterChain,2011,131,0,ClusterChain-K0-BO-seed2011,2,3.319812774658203
798,61b4757aedf08761a1b409a464abc581e58d3447b51f0ac6921a8f0b97a8fc51,K0,3990.9108161223558,5.837062073668879,BO,False,6780560e1ffa1447df6054ad8e8e4d72b284ae8e1c8ab5fb5e2227361977d92b,fine,133,ClusterChain,2012,131,0,ClusterChain-K0-BO-seed2012,2,3.1874446868896484
798,61b4757aedf08761a1b409a464abc581e58d3447b51f0ac6921a8f0b97a8fc51,K0,3088.933603046845,3.9603547187508044,BO,False,37eb6f49f5f3fd9b7935a0e93d50c74df20901b5a65b877368c13e0bfa8e145f,fine,133,ClusterChain,2013,131,0,ClusterChain-K0-BO-seed2013,2,4.170573472976685
798,61b4757aedf08761a1b409a464abc581e58d3447b51f0ac6921a8f0b97a8fc51,K0,3819.86314072148,5.680935574305424,BO,False,cf65ba8c94d0e5b9785918366c13cb8469db1c22ab45b99e073c654ebbe7a761,fine,133,ClusterChain,2014,131,0,ClusterChain-K0-BO-seed2014,2,3.19866943359375
798,61b4757aedf08761a1b409a464abc581e58d3447b51f0ac6921a8f0b97a8fc51,K0,4235.888437975465,7.057093703319444,BO,False,912be55de8182feddea0cd1532a8bd1c8430b94f073d13f82db0c9a2f748b66d,fine,133,ClusterChain,2015,131,0,ClusterChain-K0-BO-seed2015,2,3.1671183109283447
798,61b4757aedf08761a1b409a464abc581e58d3447b51f0ac6921a8f0b97a8fc51,K0,3102.107361907082,3.960991775189176,BO,False,5d9fd61e2ee182e288d0d514b556e4760fc4757b7301e77e5aaf32627beeb6cc,fine,133,ClusterChain,2016,131,0,ClusterChain-K0-BO-seed2016,2,4.35091233253479
798,61b4757aedf08761a1b409a464abc581e58d3447b51f0ac6921a8f0b97a8fc51,K0,3581.97293239497,6.572427398889782,BO,False,5b2b049f5b4017daf29a7a78d17ed92bc3e3aedb65e0303ff4eb4ea144f3646c,fine,133,ClusterChain,2017,131,0,ClusterChain-K0-BO-seed2017,2,3.2103493213653564
798,61b4757aedf08761a1b409a464abc581e58d3447b51f0ac6921a8f0b97a8fc51,K0,4223.448053479413,7.511503111565979,BO,False,9154fe5586f7942914d1916eea26eb4387003c657a24258751653948bda32a6d,fine,133,ClusterChain,2018,131,0,ClusterChain-K0-BO-seed2018,2,3.370042562484741
798,61b4757aedf08761a1b409a464abc581e58d3447b51f0ac6921a8f0b97a8fc51,K0,4164.877508839196,6.175465281634117,BO,False,83e9fb9bff9bc7a3374c3c958858466d8664e81b2af2f9004769ed2c8518c395,fine,133,ClusterChain,2019,131,0,ClusterChain-K0-BO-seed2019,2,3.19336199760437
798,61b4757aedf08761a1b409a464abc581e58d3447b51f0ac6921a8f0b97a8fc51,K0,3226.9457887482104,5.183992067954407,BO,False,10c3c191ca3043fdb9d4c7da397514c7edc2ecd1b4bc2dcead314a1464d04b80,fine,133,ClusterChain,2020,131,0,ClusterChain-K0-BO-seed2020,2,3.2914083003997803
798,61b4757aedf08761a1b409a464abc581e58d3447b51f0ac6921a8f0b97a8fc51,K0,3899.1774983488135,5.651186742349172,BO,False,590cfc37db554eba854da8a44f06f14c2f651ef57661bb113be5e123ffd58cc1,fine,133,ClusterChain,2021,131,0,ClusterChain-K0-BO-seed2021,2,3.196237087249756
798,61b4757aedf08761a1b409a464abc581e58d3447b51f0ac6921a8f0b97a8fc51,K0,3791.6622139421083,6.957178374205675,BO,False,b2c17da254df57de0e2c08853e94436d4def698bb2e224592c324bc205523ad6,fine,133,ClusterChain,2022,131,0,ClusterChain-K0-BO-seed2022,2,3.1394577026367188
798,61b4757aedf08761a1b409a464abc581e58d3447b51f0ac6921a8f0b97a8fc51,K0,4136.09048597718,6.1863632895032294,BO,False,4967e79b0a8b38e37f71458a59e6254412e4b39d4fa1f921a2c826d97e25c07b,fine,133,ClusterChain,2023,131,0,ClusterChain-K0-BO-seed2023,2,3.1747093200683594
798,61b4757aedf08761a1b409a464abc581e58d3447b51f0ac6921a8f0b97a8fc51,K0,4497.9115836315505,6.893888518559738,BO,False,0267dc97cb9272df77acf56a6d9c3110f3602f3ec410c98a3f1ff0b15953e8c2,fine,133,ClusterChain,2024,131,0,ClusterChain-K0-BO-seed2024,2,3.142770767211914
798,61b4757aedf08761a1b409a464abc581e58d3447b51f0ac6921a8f0b97a8fc51,K0,7647.339821904717,11.700577966971075,BO,False,a794bce8c5badefd4b5b2b3521bd5288ea8ffcaa9b80f15059a9774a6e15de42,fine,133,ClusterChain,2025,131,0,ClusterChain-K0-BO-seed2025,2,3.882575511932373
798,61b4757aedf08761a1b409a464abc581e58d3447b51f0ac6921a8f0b97a8fc51,K0,4687.217219722623,5.251008971828586,BO,False,05eec5770736f39fb005b1b3f15ce6ca148e6b1fb8bd4868fdd388203d05b34a,fine,133,ClusterChain,2026,131,0,ClusterChain-K0-BO-seed2026,2,3.2103800773620605
798,61b4757aedf08761a1b409a464abc581e58d3447b51f0ac6921a8f0b97a8fc51,K0,3178.588964486915,5.769562606664697,BO,False,47e059e99a0b7db59c311f7900cc0770b7e5f8d519a94d695bc670363f41ae66,fine,133,ClusterChain,2027,131,0,ClusterChain-K0-BO-seed2027,2,3.144425868988037
798,61b4757aedf08761a1b409a464abc581e58d3447b51f0ac6921a8f0b97a8fc51,K0,3566.187128209689,6.543462620568214,BO,False,d22607fb3381b1c4680148caff3e6767295e7cc47517fcfbe77cfbd14024bd76,fine,133,ClusterChain,2028,131,0,ClusterChain-K0-BO-seed2028,2,3.3432018756866455
798,61b4757aedf08761a1b409a464abc581e58d3447b51f0ac6921a8f0b97a8fc51,K0,4030.6653749182947,6.504565730420045,BO,False,14f4cf24ab7e335499157d74957e25950e243ec7632616fb156f8ed3508f7554,fine,133,ClusterChain,2029,131,0,ClusterChain-K0-BO-seed2029,2,3.1376829147338867
800,61b4757aedf08761a1b409a464abc581e58d3447b51f0ac6921a8f0b97a8fc51,K0,42.16087941588628,0.06402491139337793,CBO-matched,False,824a6f9ec605719a637b2435aeffcd555ddc0717596f74c23d1ac49d99ada861,alt,260,ClusterChain,2000,230,0,ClusterChain-K0-CBO-matched-alt-seed2000,0,104.29881405830383
800,61b4757aedf08761a1b409a464abc581e58d3447b51f0ac6921a8f0b97a8fc51,K0,70.14475401690599,0.11771340105236575,CBO-matched,False,be076d17e6d9d71b37e4e21200427bbde9884fa5754bca5e4ed0ca5c84bf21d6,alt,256,ClusterChain,2001,226,0,ClusterChain-K0-CBO-matched-alt-seed2001,0,114.14051389694214
800,61b4757aedf08761a1b409a464abc581e58d3447b51f0ac6921a8f0b97a8fc51,K0,983.5883547017435,0.8172249177378783,CBO-matched,False,7436ed13bb4ee27fd877abf7dfc3029231cb144633a0023d7d67d0384aac5fbe,alt,196,ClusterChain,2002,166,0,ClusterChain-K0-CBO-matched-alt-seed2002,0,124.04116559028625
800,61b4757aedf08761a1b409a464abc581e58d3447b51f0ac6921a8f0b97a8fc51,K0,1706.9541748175404,1.6912473360344742,CBO-matched,False,c9b80e0f7fad265a33e596f9743e2e1993a19241fa8e1ab6672b9bc4e43e85ab,alt,247,ClusterChain,2003,217,0,ClusterChain-K0-CBO-matched-alt-seed2003,0,146.33191466331482
800,61b4757aedf08761a1b409a464abc581e58d3447b51f0ac6921a8f0b97a8fc51,K0,1628.1165947240918,2.656213560289446,CBO-matched,False,b593e559d7b1a7591cb2f5ef21262f3f5e310fa5562b45fd5bd1ba67c6df093d,alt,230,ClusterChain,2004,200,0,ClusterChain-K0-CBO-matched-alt-seed2004,0,125.13858103752136
800,61b4757aedf08761a1b409a464abc581e58d3447b51f0ac6921a8f0b97a8fc51,K0,1950.5040616933957,3.4039081998664895,CBO-matched,False,0a15fe67250e612e5fa9b4005617dc322bc8dd2e14b49b818fe381bf4c29ff62,alt,258,ClusterChain,2005,228,0,ClusterChain-K0-CBO-matched-alt-seed2005,0,145.68058156967163
800,61b4757aedf08761a1b409a464abc581e58d3447b51f0ac6921a8f0b97a8fc51,K0,255.58250765104722,0.060928633695979416,CBO-matched,False,fd74f4d6e078e0c0a35a2da1ebcf1f77e1d01817de7365a426ddeb0fc3fc871c,alt,206,ClusterChain,2006,176,0,ClusterChain-K0-CBO-matched-alt-seed2006,0,123.1805772781372
800,61b4757aedf08761a1b409a464abc581e58d3447b51f0ac6921a8f0b97a8fc51,K0,496.62270158983694,0.1295342235706899,CBO-matched,False,f6896e78e02858704264bc25b2a24ef4d620c4d9476617c7f998dd9781b4ac63,alt,240,ClusterChain,2007,210,0,ClusterChain-K0-CBO-matched-alt-seed2007,0,106.03475785255432
800,61b4757aedf08761a1b409a464abc581e58d3447b51f0ac6921a8f0b97a8fc51,K0,269.6037443540112,0.10850820517162738,CBO-matched,False,758a747718c03a83b8646e5d1996faccd749d92203d857fad9069b04d30ccfba,alt,258,ClusterChain,2008,228,0,ClusterChain-K0-CBO-matched-alt-seed2008,0,103.23589277267456
800,61b4757aedf08761a1b409a464abc581e58d3447b51f0ac6921a8f0b97a8fc51,K0,1255.798636398696,1.8065844556943529,CBO-matched,False,bdb43d33eb86b6a64d29689549e07e25211733b582507c5fad66e2b2ac69304b,alt,219,ClusterChain,2009,189,0,ClusterChain-K0-CBO-matched-alt-seed2009,0,93.30605220794678
800,61b4757aedf08761a1b409a464abc581e58d3447b51f0ac6921a8f0b97a8fc51,K0,549.6597822853298,0.6530286831343095,CBO-matched,False,9e0270130158fc69946e86d28dbde6ae51a7a9525fa35a13d0b22176b1506367,alt,227,ClusterChain,2010,197,0,ClusterChain-K0-CBO-matched-alt-seed2010,0,102.76495218276978
800,61b4757aedf08761a1b409a464abc581e58d3447b51f0ac6921a8f0b97a8fc51,K0,178.03179586969182,0.04978399131991625,CBO-matched,False,7cbf5572eefc4077d0d8e8a6782d65076cc08c3fa88683b27ef0faf75f77d99b,alt,212,ClusterChain,2011,182,0,ClusterChain-K0-CBO-matched-alt-seed2011,0,100.57868576049805
800,61b4757aedf08761a1b409a464abc581e58d3447b51f0ac6921a8f0b97a8fc51,K0,590.1395352238948,0.12967900957825762,CBO-matched,False,6780560e1ffa1447df6054ad8e8e4d72b284ae8e1c8ab5fb5e2227361977d92b,alt,209,ClusterChain,2012,179,0,ClusterChain-K0-CBO-matched-alt-seed2012,0,108.20961856842041
800,61b4757aedf08761a1b409a464abc581e58d3447b51f0ac6921a8f0b97a8fc51,K0,2188.736529480605,3.3730431119202136,CBO-matched,False,37eb6f49f5f3fd9b7935a0e93d50c74df20901b5a65b877368c13e0bfa8e145f,alt,311,ClusterChain,2013,281,0,ClusterChain-K0-CBO-matched-alt-seed2013,0,220.8142569065094
800,61b4757aedf08761a1b409a464abc581e58d3447b51f0ac6921a8f0b97a8fc51,K0,249.50237224941046,0.30882342643812166,CBO-matched,False,cf65ba8c94d0e5b9785918366c13cb8469db1c22ab45b99e073c654ebbe7a761,alt,244,ClusterChain,2014,214,0,ClusterChain-K0-CBO-matched-alt-seed2014,0,101.94831562042236
800,61b4757aedf08761a1b409a464abc581e58d3447b51f0ac6921a8f0b97a8fc51,K0,350.4450136158356,0.061967456847958936,CBO-matched,False,912be55de8182feddea0cd1532a8bd1c8430b94f073d13f82db0c9a2f748b66d,alt,205,ClusterChain,2015,175,0,ClusterChain-K0-CBO-matched-alt-seed2015,0,99.61962342262268
800,61b4757aedf08761a1b409a464abc581e58d3447b51f0ac6921a8f0b97a8fc51,K0,2175.1500871625235,2.383674556132455,CBO-matched,False,5d9fd61e2ee182e288d0d514b556e4760fc4757b7301e77e5aaf32627beeb6cc,alt,257,ClusterChain,2016,227,0,ClusterChain-K0-CBO-matched-alt-seed2016,0,151.0976357460022
800,61b4757aedf08761a1b409a464abc581e58d3447b51f0ac6921a8f0b97a8fc51,K0,2089.856866239595,2.41344063263608,CBO-matched,False,5b2b049f5b4017daf29a7a78d17ed92bc3e3aedb65e0303ff4eb4ea144f3646c,alt,290,ClusterChain,2017,260,0,ClusterChain-K0-CBO-matched-alt-seed2017,0,153.1054916381836
800,61b4757aedf08761a1b409a464abc581e58d3447b51f0ac6921a8f0b97a8fc51,K0,1135.6118328329278,2.012706727357842,CBO-matched,False,9154fe5586f7942914d1916eea26eb4387003c657a24258751653948bda32a6d,alt,211,ClusterChain,2018,181,0,ClusterChain-K0-CBO-matched-alt-seed2018,0,109.55662512779236
800,61b4757aedf08761a1b409a464abc581e58d3447b51f0ac6921a8f0b97a8fc51,K0,345.70462650556294,0.40611620187848274,CBO-matched,False,83e9fb9bff9bc7a3374c3c958858466d8664e81b2af2f9004769ed2c8518c395,alt,184,ClusterChain,2019,154,0,ClusterChain-K0-CBO-matched-alt-seed2019,0,106.95645332336426
800,61b4757aedf08761a1b409a464abc581e58d3447b51f0ac6921a8f0b97a8fc51,K0,558.4734684762369,0.36965597913561954,CBO-matched,False,10c3c191ca3043fdb9d4c7da397514c7edc2ecd1b4bc2dcead314a1464d04b80,alt,212,ClusterChain,2020,182,0,ClusterChain-K0-CBO-matched-alt-seed2020,0,92.90735816955566
800,61b4757aedf08761a1b409a464abc581e58d3447b51f0ac6921a8f0b97a8fc51,K0,820.8100543290886,0.34220750106038916,CBO-matched,False,590cfc37db554eba854da8a44f06f14c2f651ef57661bb113be5e123ffd58cc1,alt,193,ClusterChain,2021,163,0,ClusterChain-K0-CBO-matched-alt-seed2021,0,100.37573170661926
800,61b4757aedf08761a1b409a464abc581e58d3447b51f0ac6921a8f0b97a8fc51,K0,2089.119390523481,3.3784034317786658,CBO-matched,False,b2c17da254df57de0e2c08853e94436d4def698bb2e224592c324bc205523ad6,alt,330,ClusterChain,2022,300,0,ClusterChain-K0-CBO-matched-alt-seed2022,0,200.918794631958
800,61b4757aedf08761a1b409a464abc581e58d3447b51f0ac6921a8f0b97a8fc51,K0,756.8806909172997,0.05101554698422008,CBO-matched,False,4967e79b0a8b38e37f71458a59e6254412e4b39d4fa1f921a2c826d97e25c07b,alt,216,ClusterChain,2023,186,0,ClusterChain-K0-CBO-matched-alt-seed2023,0,108.71813225746155
800,61b4757aedf08761a1b409a464abc581e58d3447b51f0ac6921a8f0b97a8fc51,K0,727.9539969128089,1.3105482970223792,CBO-matched,False,0267dc97cb9272df77acf56a6d9c3110f3602f3ec410c98a3f1ff0b15953e8c2,alt,210,ClusterChain,2024,180,0,ClusterChain-K0-CBO-matched-alt-seed2024,0,126.1254312992096
800,61b4757aedf08761a1b409a464abc581e58d3447b51f0ac6921a8f0b97a8fc51,K0,1908.4417326742716,3.5017279498610163,CBO-matched,False,a794bce8c5badefd4b5b2b3521bd5288ea8ffcaa9b80f15059a9774a6e15de42,alt,247,ClusterChain,2025,217,0,ClusterChain-K0-CBO-matched-alt-seed2025,0,148.93099331855774
800,61b4757aedf08761a1b409a464abc581e58d3447b51f0ac6921a8f0b97a8fc51,K0,1850.7333000488538,2.0355584281537387,CBO-matched,False,05eec5770736f39fb005b1b3f15ce6ca148e6b1fb8bd4868fdd388203d05b34a,alt,214,ClusterChain,2026,184,0,ClusterChain-K0-CBO-matched-alt-seed2026,0,111.61584496498108
800,61b4757aedf08761a1b409a464abc581e58d3447b51f0ac6921a8f0b97a8fc51,K0,1234.3976181587846,2.2926779727439213,CBO-matched,False,47e059e99a0b7db59c311f7900cc0770b7e5f8d519a94d695bc670363f41ae66,alt,263,ClusterChain,2027,233,0,ClusterChain-K0-CBO-matched-alt-seed2027,0,125.36531805992126
800,61b4757aedf08761a1b409a464abc581e58d3447b51f0ac6921a8f0b97a8fc51,K0,1243.8072614861446,2.25648353696394,CBO-matched,False,d22607fb3381b1c4680148caff3e6767295e7cc47517fcfbe77cfbd14024bd76,alt,249,ClusterChain,2028,219,0,ClusterChain-K0-CBO-matched-alt-seed2028,0,117.69908785820007
800,61b4757aedf08761a1b409a464abc581e58d3447b51f0ac6921a8f0b97a8fc51,K0,1083.574404327623,1.9620915946449355,CBO-matched,False,14f4cf24ab7e335499157d74957e25950e243ec7632616fb156f8ed3508f7554,alt,205,ClusterChain,2029,175,0,ClusterChain-K0-CBO-matched-alt-seed2029,0,123.49770593643188
800,61b4757aedf08761a1b409a464abc581e58d3447b51f0ac6921a8f0b97a8fc51,K0,2206.6886865687025,4.0489700670985425,CBO-matched,False,824a6f9ec605719a637b2435aeffcd555ddc0717596f74c23d1ac49d99ada861,coarse,387,ClusterChain,2000,381,0,ClusterChain-K0-CBO-matched-coarse-seed2000,0,79.97507452964783
800,61b4757aedf08761a1b409a464abc581e58d3447b51f0ac6921a8f0b97a8fc51,K0,2364.276045458887,4.338121184328216,CBO-matched,False,be076d17e6d9d71b37e4e21200427bbde9884fa5754bca5e4ed0ca5c84bf21d6,coarse,382,ClusterChain,2001,376,0,ClusterChain-K0-CBO-matched-coarse-seed2001,0,77.89902710914612
800,61b4757aedf08761a1b409a464abc581e58d3447b51f0ac6921a8f0b97a8fc51,K0,2313.333884766286,4.244649329846403,CBO-matched,False,7436ed13bb4ee27fd877abf7dfc3029231cb144633a0023d7d67d0384aac5fbe,coarse,375,ClusterChain,2002,369,0,ClusterChain-K0-CBO-matched-coarse-seed2002,0,73.07012915611267
800,61b4757aedf08761a1b409a464abc581e58d3447b51f0ac6921a8f0b97a8fc51,K0,2282.369746742866,4.190635457834299,CBO-matched,False,c9b80e0f7fad265a33e596f9743e2e1993a19241fa8e1ab6672b9bc4e43e85ab,coarse,365,ClusterChain,2003,359,0,ClusterChain-K0-CBO-matched-coarse-seed2003,0,67.76019334793091
800,61b4757aedf08761a1b409a464abc581e58d3447b51f0ac6921a8f0b97a8fc51,K0,2177.9225073916064,3.996188086957078,CBO-matched,False,b593e559d7b1a7591cb2f5ef21262f3f5e310fa5562b45fd5bd1ba67c6df093d,coarse,376,ClusterChain,2004,370,0,ClusterChain-K0-CBO-matched-coarse-seed2004,0,79.48544549942017
800,61b4757aedf08761a1b409a464abc581e58d3447b51f0ac6921a8f0b97a8fc51,K0,2320.8674052803726,4.258472303266751,CBO-matched,False,0a15fe67250e612e5fa9b4005617dc322bc8dd2e14b49b818fe381bf4c29ff62,coarse,200,ClusterChain,2005,194,0,ClusterChain-K0-CBO-matched-coarse-seed2005,0,31.704419136047363
800,61b4757aedf08761a1b409a464abc581e58d3447b51f0ac6921a8f0b97a8fc51,K0,2645.733588498751,4.081402543550821,CBO-matched,False,fd74f4d6e078e0c0a35a2da1ebcf1f77e1d01817de7365a426ddeb0fc3fc871c,coarse,313,ClusterChain,2006,307,0,ClusterChain-K0-CBO-matched-coarse-seed2006,0,49.32442116737366
800,61b4757aedf08761a1b409a464abc581e58d3447b51f0ac6921a8f0b97a8fc51,K0,2512.6129769370377,4.61029904025143,CBO-matched,False,f6896e78e02858704264bc25b2a24ef4d620c4d9476617c7f998dd9781b4ac63,coarse,199,ClusterChain,2007,193,0,ClusterChain-K0-CBO-matched-coarse-seed2007,0,29.863701820373535
800,61b4757aedf08761a1b409a464abc581e58d3447b51f0ac6921a8f0b97a8fc51,K0,2215.369417765961,4.0224365394158355,CBO-matched,False,758a747718c03a83b8646e5d1996faccd749d92203d857fad9069b04d30ccfba,coarse,297,ClusterChain,2008,291,0,ClusterChain-K0-CBO-matched-coarse-seed2008,0,37.910847902297974
800,61b4757aedf08761a1b409a464abc581e58d3447b51f0ac6921a8f0b97a8fc51,K0,3355.850191463327,6.136502216229997,CBO-matched,False,bdb43d33eb86b6a64d29689549e07e25211733b582507c5fad66e2b2ac69304b,coarse,223,ClusterChain,2009,217,0,ClusterChain-K0-CBO-matched-coarse-seed2009,0,39.646535873413086
800,61b4757aedf08761a1b409a464abc581e58d3447b51f0ac6921a8f0b97a8fc51,K0,2378.2564020190493,4.034279486660185,CBO-matched,False,9e0270130158fc69946e86d28dbde6ae51a7a9525fa35a13d0b22176b1506367,coarse,195,ClusterChain,2010,189,0,ClusterChain-K0-CBO-matched-coarse-seed2010,0,24.851115703582764
800,61b4757aedf08761a1b409a464abc581e58d3447b51f0ac6921a8f0b97a8fc51,K0,2251.049434124017,4.130365934172551,CBO-matched,False,7cbf5572eefc4077d0d8e8a6782d65076cc08c3fa88683b27ef0faf75f77d99b,coarse,357,ClusterChain,2011,351,0,ClusterChain-K0-CBO-matched-coarse-seed2011,0,61.15106439590454
800,61b4757aedf08761a1b409a464abc581e58d3447b51f0ac6921a8f0b97a8fc51,K0,3344.545790327047,6.122965806042748,CBO-matched,False,6780560e1ffa1447df6054ad8e8e4d72b284ae8e1c8ab5fb5e2227361977d92b,coarse,239,ClusterChain,2012,233,0,ClusterChain-K0-CBO-matched-coarse-seed2012,0,38.63435339927673
800,61b4757aedf08761a1b409a464abc581e58d3447b51f0ac6921a8f0b97a8fc51,K0,2168.0401664067545,3.978055351205037,CBO-matched,False,37eb6f49f5f3fd9b7935a0e93d50c74df20901b5a65b877368c13e0bfa8e145f,coarse,324,ClusterChain,2013,318,0,ClusterChain-K0-CBO-matched-coarse-seed2013,0,51.6045868396759
800,61b4757aedf08761a1b409a464abc581e58d3447b51f0ac6921a8f0b97a8fc51,K0,2298.967652110726,4.218289269927947,CBO-matched,False,cf65ba8c94d0e5b9785918366c13cb8469db1c22ab45b99e073c654ebbe7a761,coarse,380,ClusterChain,2014,374,0,ClusterChain-K0-CBO-matched-coarse-seed2014,0,80.2059645652771
800,61b4757aedf08761a1b409a464abc581e58d3447b51f0ac6921a8f0b97a8fc51,K0,2249.91862980142,4.128291063855817,CBO-matched,False,912be55de8182feddea0cd1532a8bd1c8430b94f073d13f82db0c9a2f748b66d,coarse,371,ClusterChain,2015,365,0,ClusterChain-K0-CBO-matched-coarse-seed2015,0,69.54780888557434
800,61b4757aedf08761a1b409a464abc581e58d3447b51f0ac6921a8f0b97a8fc51,K0,2474.7234919070397,4.540777049370701,CBO-matched,False,5d9fd61e2ee182e288d0d514b556e4760fc4757b7301e77e5aaf32627beeb6cc,coarse,387,ClusterChain,2016,381,0,ClusterChain-K0-CBO-matched-coarse-seed2016,0,82.94627904891968
800,61b4757aedf08761a1b409a464abc581e58d3447b51f0ac6921a8f0b97a8fc51,K0,2365.355032346438,4.340100976782435,CBO-matched,False,5b2b049f5b4017daf29a7a78d17ed92bc3e3aedb65e0303ff4eb4ea144f3646c,coarse,371,ClusterChain,2017,365,0,ClusterChain-K0-CBO-matched-coarse-seed2017,0,75.96306800842285
800,61b4757aedf08761a1b409a464abc581e58d3447b51f0ac6921a8f0b97a8fc51,K0,2272.7772654765045,4.170233514635797,CBO-matched,False,9154fe5586f7942914d1916eea26eb4387003c657a24258751653948bda32a6d,coarse,371,ClusterChain,2018,365,0,ClusterChain-K0-CBO-matched-coarse-seed2018,0,71.19312977790833
800,61b4757aedf08761a1b409a464abc581e58d3447b51f0ac6921a8f0b97a8fc51,K0,3365.1450973654514,6.174578160303616,CBO-matched,False,83e9fb9bff9bc7a3374c3c958858466d8664e81b2af2f9004769ed2c8518c395,coarse,211,ClusterChain,2019,205,0,ClusterChain-K0-CBO-matched-coarse-seed2019,0,32.67467260360718
800,61b4757aedf08761a1b409a464abc581e58d3447b51f0ac6921a8f0b97a8fc51,K0,2269.9352734691347,4.165018850402091,CBO-matched,False,10c3c191ca3043fdb9d4c7da397514c7edc2ecd1b4bc2dcead314a1464d04b80,coarse,193,ClusterChain,2020,187,0,ClusterChain-K0-CBO-matched-coarse-seed2020,0,25.788808345794678
800,61b4757aedf08761a1b409a464abc581e58d3447b51f0ac6921a8f0b97a8fc51,K0,2240.216303753847,4.110488630741013,CBO-matched,False,590cfc37db554eba854da8a44f06f14c2f651ef57661bb113be5e123ffd58cc1,coarse,193,ClusterChain,2021,187,0,ClusterChain-K0-CBO-matched-coarse-seed2021,0,26.50742244720459
800,61b4757aedf08761a1b409a464abc581e58d3447b51f0ac6921a8f0b97a8fc51,K0,2285.622422876849,4.193802610783168,CBO-matched,False,b2c17da254df57de0e2c08853e94436d4def698bb2e224592c324bc205523ad6,coarse,385,ClusterChain,2022,379,0,ClusterChain-K0-CBO-matched-coarse-seed2022,0,79.49408221244812
800,61b4757aedf08761a1b409a464abc581e58d3447b51f0ac6921a8f0b97a8fc51,K0,2211.7587544479084,4.058272943941094,CBO-matched,False,4967e79b0a8b38e37f71458a59e6254412e4b39d4fa1f921a2c826d97e25c07b,coarse,381,ClusterChain,2023,375,0,ClusterChain-K0-CBO-matched-coarse-seed2023,0,79.60157823562622
800,61b4757aedf08761a1b409a464abc581e58d3447b51f0ac6921a8f0b97a8fc51,K0,2235.563582010796,4.101951526625349,CBO-matched,False,0267dc97cb9272df77acf56a6d9c3110f3602f3ec410c98a3f1ff0b15953e8c2,coarse,360,ClusterChain,2024,354,0,ClusterChain-K0-CBO-matched-coarse-seed2024,0,69.60815477371216
800,61b4757aedf08761a1b409a464abc581e58d3447b51f0ac6921a8f0b97a8fc51,K0,3210.201438125285,6.308237159394893,CBO-matched,False,a794bce8c5badefd4b5b2b3521bd5288ea8ffcaa9b80f15059a9774a6e15de42,coarse,228,ClusterChain,2025,222,0,ClusterChain-K0-CBO-matched-coarse-seed2025,0,37.86865258216858
800,61b4757aedf08761a1b409a464abc581e58d3447b51f0ac6921a8f0b97a8fc51,K0,3393.460130463351,6.226532349474095,CBO-matched,False,05eec5770736f39fb005b1b3f15ce6ca148e6b1fb8bd4868fdd388203d05b34a,coarse,263,ClusterChain,2026,257,0,ClusterChain-K0-CBO-matched-coarse-seed2026,0,43.58954691886902
800,61b4757aedf08761a1b409a464abc581e58d3447b51f0ac6921a8f0b97a8fc51,K0,3438.178260705,6.201006614510563,CBO-matched,False,47e059e99a0b7db59c311f7900cc0770b7e5f8d519a94d695bc670363f41ae66,coarse,217,ClusterChain,2027,211,0,ClusterChain-K0-CBO-matched-coarse-seed2027,0,39.02413535118103
800,61b4757aedf08761a1b409a464abc581e58d3447b51f0ac6921a8f0b97a8fc51,K0,2257.951650444991,3.980046117884191,CBO-matched,False,d22607fb3381b1c4680148caff3e6767295e7cc47517fcfbe77cfbd14024bd76,coarse,189,ClusterChain,2028,183,0,ClusterChain-K0-CBO-matched-coarse-seed2028,0,24.512540578842163
800,61b4757aedf08761a1b409a464abc581e58d3447b51f0ac6921a8f0b97a8fc51,K0,2338.3398111942333,4.290531763659129,CBO-matched,False,14f4cf24ab7e335499157d74957e25950e243ec7632616fb156f8ed3508f7554,coarse,349,ClusterChain,2029,343,0,ClusterChain-K0-CBO-matched-coarse-seed2029,0,57.66505146026611
800,61b4757aedf08761a1b409a464abc581e58d3447b51f0ac6921a8f0b97a8fc51,K0,1788.0067869218226,3.281669069620267,CBO-matched,False,824a6f9ec605719a637b2435aeffcd555ddc0717596f74c23d1ac49d99ada861,pairs,388,ClusterChain,2000,374,0,ClusterChain-K0-CBO-matched-pairs-seed2000,0,114.4830207824707
800,61b4757aedf08761a1b409a464abc581e58d3447b51f0ac6921a8f0b97a8fc51,K0,1779.1836043413111,3.2684405423445417,CBO-matched,False,be076d17e6d9d71b37e4e21200427bbde9884fa5754bca5e4ed0ca5c84bf21d6,pairs,378,ClusterChain,2001,364,0,ClusterChain-K0-CBO-matched-pairs-seed2001,0,128.1217646598816
800,61b4757aedf08761a1b409a464abc581e58d3447b51f0ac6921a8f0b97a8fc51,K0,999.749950464108,1.838986637028237,CBO-matched,False,7436ed13bb4ee27fd877abf7dfc3029231cb144633a0023d7d67d0384aac5fbe,pairs,237,ClusterChain,2002,223,0,ClusterChain-K0-CBO-matched-pairs-seed2002,0,69.54265236854553
800,61b4757aedf08761a1b409a464abc581e58d3447b51f0ac6921a8f0b97a8fc51,K0,2128.4843968581185,3.8950733540444666,CBO-matched,False,c9b80e0f7fad265a33e596f9743e2e1993a19241fa8e1ab6672b9bc4e43e85ab,pairs,379,ClusterChain,2003,365,0,ClusterChain-K0-CBO-matched-pairs-seed2003,0,147.53863167762756
800,61b4757aedf08761a1b409a464abc581e58d3447b51f0ac6921a8f0b97a8fc51,K0,1248.4643595642356,1.9628161736762277,CBO-matched,False,b593e559d7b1a7591cb2f5ef21262f3f5e310fa5562b45fd5bd1ba67c6df093d,pairs,224,ClusterChain,2004,210,0,ClusterChain-K0-CBO-matched-pairs-seed2004,0,66.20869874954224
800,61b4757aedf08761a1b409a464abc581e58d3447b51f0ac6921a8f0b97a8fc51,K0,745.4926452520303,1.3776439664727405,CBO-matched,False,0a15fe67250e612e5fa9b4005617dc322bc8dd2e14b49b818fe381bf4c29ff62,pairs,239,ClusterChain,2005,225,0,ClusterChain-K0-CBO-matched-pairs-seed2005,0,62.04565715789795
800,61b4757aedf08761a1b409a464abc581e58d3447b51f0ac6921a8f0b97a8fc51,K0,796.3492409812819,1.4550616785388941,CBO-matched,False,fd74f4d6e078e0c0a35a2da1ebcf1f77e1d01817de7365a426ddeb0fc3fc871c,pairs,235,ClusterChain,2006,221,0,ClusterChain-K0-CBO-matched-pairs-seed2006,0,68.8692376613617
800,61b4757aedf08761a1b409a464abc581e58d3447b51f0ac6921a8f0b97a8fc51,K0,1936.3381609465148,3.5529140567826243,CBO-matched,False,f6896e78e02858704264bc25b2a24ef4d620c4d9476617c7f998dd9781b4ac63,pairs,377,ClusterChain,2007,363,0,ClusterChain-K0-CBO-matched-pairs-seed2007,0,128.29340314865112
800,61b4757aedf08761a1b409a464abc581e58d3447b51f0ac6921a8f0b97a8fc51,K0,618.1003683535473,1.1261639391474372,CBO-matched,False,758a747718c03a83b8646e5d1996faccd749d92203d857fad9069b04d30ccfba,pairs,243,ClusterChain,2008,229,0,ClusterChain-K0-CBO-matched-pairs-seed2008,0,63.62489724159241
800,61b4757aedf08761a1b409a464abc581e58d3447b51f0ac6921a8f0b97a8fc51,K0,857.3480363012427,1.3592585811376374,CBO-matched,False,bdb43d33eb86b6a64d29689549e07e25211733b582507c5fad66e2b2ac69304b,pairs,211,ClusterChain,2009,197,0,ClusterChain-K0-CBO-matched-pairs-seed2009,0,53.6720666885376
800,61b4757aedf08761a1b409a464abc581e58d3447b51f0ac6921a8f0b97a8fc51,K0,1790.5765534678183,3.2845520946532654,CBO-matched,False,9e0270130158fc69946e86d28dbde6ae51a7a9525fa35a13d0b22176b1506367,pairs,375,ClusterChain,2010,361,0,ClusterChain-K0-CBO-matched-pairs-seed2010,0,102.93784761428833
800,61b4757aedf08761a1b409a464abc581e58d3447b51f0ac6921a8f0b97a8fc51,K0,1028.2926130601752,1.8655638753365693,CBO-matched,False,7cbf5572eefc4077d0d8e8a6782d65076cc08c3fa88683b27ef0faf75f77d99b,pairs,311,ClusterChain,2011,297,0,ClusterChain-K0-CBO-matched-pairs-seed2011,0,84.78199911117554
800,61b4757aedf08761a1b409a464abc581e58d3447b51f0ac6921a8f0b97a8fc51,K0,768.4603824134056,1.2202364562729051,CBO-matched,False,6780560e1ffa1447df6054ad8e8e4d72b284ae8e1c8ab5fb5e2227361977d92b,pairs,221,ClusterChain,2012,207,0,ClusterChain-K0-CBO-matched-pairs-seed2012,0,56.38394379615784
800,61b4757aedf08761a1b409a464abc581e58d3447b51f0ac6921a8f0b97a8fc51,K0,1935.8509448970597,3.391249586969665,CBO-matched,False,37eb6f49f5f3fd9b7935a0e93d50c74df20901b5a65b877368c13e0bfa8e145f,pairs,333,ClusterChain,2013,319,0,ClusterChain-K0-CBO-matched-pairs-seed2013,0,121.89839220046997
800,61b4757aedf08761a1b409a464abc581e58d3447b51f0ac6921a8f0b97a8fc51,K0,608.4435830082874,1.1179351422077755,CBO-matched,False,cf65ba8c94d0e5b9785918366c13cb8469db1c22ab45b99e073c654ebbe7a761,pairs,230,ClusterChain,2014,216,0,ClusterChain-K0-CBO-matched-pairs-seed2014,0,59.686530113220215
800,61b4757aedf08761a1b409a464abc581e58d3447b51f0ac6921a8f0b97a8fc51,K0,848.1188027939098,1.2008868806334194,CBO-matched,False,912be55de8182feddea0cd1532a8bd1c8430b94f073d13f82db0c9a2f748b66d,pairs,246,ClusterChain,2015,232,0,ClusterChain-K0-CBO-matched-pairs-seed2015,0,62.11848306655884
800,61b4757aedf08761a1b409a464abc581e58d3447b51f0ac6921a8f0b97a8fc51,K0,2083.8397198696143,3.481387164301754,CBO-matched,False,5d9fd61e2ee182e288d0d514b556e4760fc4757b7301e77e5aaf32627beeb6cc,pairs,311,ClusterChain,2016,297,0,ClusterChain-K0-CBO-matched-pairs-seed2016,0,78.23673009872437
800,61b4757aedf08761a1b409a464abc581e58d3447b51f0ac6921a8f0b97a8fc51,K0,1848.5478121214467,3.251359792669435,CBO-matched,False,5b2b049f5b4017daf29a7a78d17ed92bc3e3aedb65e0303ff4eb4ea144f3646c,pairs,362,ClusterChain,2017,348,0,ClusterChain-K0-CBO-matched-pairs-seed2017,0,127.03425145149231
800,61b4757aedf08761a1b409a464abc581e58d3447b51f0ac6921a8f0b97a8fc51,K0,775.825191697653,1.233960688810543,CBO-matched,False,9154fe5586f7942914d1916eea26eb4387003c657a24258751653948bda32a6d,pairs,210,ClusterChain,2018,196,0,ClusterChain-K0-CBO-matched-pairs-seed2018,0,49.24784779548645
800,61b4757aedf08761a1b409a464abc581e58d3447b51f0ac6921a8f0b97a8fc51,K0,1888.9273025444822,3.4491382277509217,CBO-matched,False,83e9fb9bff9bc7a3374c3c958858466d8664e81b2af2f9004769ed2c8518c395,pairs,385,ClusterChain,2019,371,0,ClusterChain-K0-CBO-matched-pairs-seed2019,0,114.15039801597595
800,61b4757aedf08761a1b409a464abc581e58d3447b51f0ac6921a8f0b97a8fc51,K0,649.8482284443702,1.1401607508634526,CBO-matched,False,10c3c191ca3043fdb9d4c7da397514c7edc2ecd1b4bc2dcead314a1464d04b80,pairs,210,ClusterChain,2020,196,0,ClusterChain-K0-CBO-matched-pairs-seed2020,0,53.601791858673096
800,61b4757aedf08761a1b409a464abc581e58d3447b51f0ac6921a8f0b97a8fc51,K0,777.060912883479,1.5087519576097836,CBO-matched,False,590cfc37db554eba854da8a44f06f14c2f651ef57661bb113be5e123ffd58cc1,pairs,239,ClusterChain,2021,225,0,ClusterChain-K0-CBO-matched-pairs-seed2021,0,59.85849642753601
800,61b4757aedf08761a1b409a464abc581e58d3447b51f0ac6921a8f0b97a8fc51,K0,1822.1061476725852,3.402190992336751,CBO-matched,False,b2c17da254df57de0e2c08853e94436d4def698bb2e224592c324bc205523ad6,pairs,371,ClusterChain,2022,357,0,ClusterChain-K0-CBO-matched-pairs-seed2022,0,129.45667362213135
800,61b4757aedf08761a1b409a464abc581e58d3447b51f0ac6921a8f0b97a8fc51,K0,1832.968215346772,3.3632444318289627,CBO-matched,False,4967e79b0a8b38e37f71458a59e6254412e4b39d4fa1f921a2c826d97e25c07b,pairs,358,ClusterChain,2023,344,0,ClusterChain-K0-CBO-matched-pairs-seed2023,0,112.49167370796204
800,61b4757aedf08761a1b409a464abc581e58d3447b51f0ac6921a8f0b97a8fc51,K0,687.8595524897308,1.1586328156999275,CBO-matched,False,0267dc97cb9272df77acf56a6d9c3110f3602f3ec410c98a3f1ff0b15953e8c2,pairs,254,ClusterChain,2024,240,0,ClusterChain-K0-CBO-matched-pairs-seed2024,0,71.01008343696594
800,61b4757aedf08761a1b409a464abc581e58d3447b51f0ac6921a8f0b97a8fc51,K0,2092.359242214404,3.68374685749997,CBO-matched,False,a794bce8c5badefd4b5b2b3521bd5288ea8ffcaa9b80f15059a9774a6e15de42,pairs,284,ClusterChain,2025,270,0,ClusterChain-K0-CBO-matched-pairs-seed2025,0,103.06043839454651
800,61b4757aedf08761a1b409a464abc581e58d3447b51f0ac6921a8f0b97a8fc51,K0,2584.2198739231203,4.780627961945752,CBO-matched,False,05eec5770736f39fb005b1b3f15ce6ca148e6b1fb8bd4868fdd388203d05b34a,pairs,364,ClusterChain,2026,350,0,ClusterChain-K0-CBO-matched-pairs-seed2026,0,120.7475197315216
800,61b4757aedf08761a1b409a464abc581e58d3447b51f0ac6921a8f0b97a8fc51,K0,1866.411117254395,3.419349228503669,CBO-matched,False,47e059e99a0b7db59c311f7900cc0770b7e5f8d519a94d695bc670363f41ae66,pairs,370,ClusterChain,2027,356,0,ClusterChain-K0-CBO-matched-pairs-seed2027,0,112.81492137908936
800,61b4757aedf08761a1b409a464abc581e58d3447b51f0ac6921a8f0b97a8fc51,K0,1774.3979420786643,3.2557760405112806,CBO-matched,False,d22607fb3381b1c4680148caff3e6767295e7cc47517fcfbe77cfbd14024bd76,pairs,376,ClusterChain,2028,362,0,ClusterChain-K0-CBO-matched-pairs-seed2028,0,126.8355278968811
800,61b4757aedf08761a1b409a464abc581e58d3447b51f0ac6921a8f0b97a8fc51,K0,2236.2209522774397,4.0703312859222525,CBO-matched,False,14f4cf24ab7e335499157d74957e25950e243ec7632616fb156f8ed3508f7554,pairs,201,ClusterChain,2029,187,0,ClusterChain-K0-CBO-matched-pairs-seed2029,0,66.80742001533508
800,61b4757aedf08761a1b409a464abc581e58d3447b51f0ac6921a8f0b97a8fc51,K0,1240.6926113388638,0.05691187548003305,CBO,False,824a6f9ec605719a637b2435aeffcd555ddc0717596f74c23d1ac49d99ada861,fine,261,ClusterChain,2000,167,0,ClusterChain-K0-CBO-seed2000,0,261.46674609184265
800,61b4757aedf08761a1b409a464abc581e58d3447b51f0ac6921a8f0b97a8fc51,K0,1163.4385298902694,0.07648510947662307,CBO,False,be076d17e6d9d71b37e4e21200427bbde9884fa5754bca5e4ed0ca5c84bf21d6,fine,249,ClusterChain,2001,155,0,ClusterChain-K0-CBO-seed2001,0,270.31722950935364
800,61b4757aedf08761a1b409a464abc581e58d3447b51f0ac6921a8f0b97a8fc51,K0,1783.7592493104607,2.1470813048093413,CBO,False,7436ed13bb4ee27fd877abf7dfc3029231cb144633a0023d7d67d0384aac5fbe,fine,250,ClusterChain,2002,156,0,ClusterChain-K0-CBO-seed2002,0,278.03893065452576
800,61b4757aedf08761a1b409a464abc581e58d3447b51f0ac6921a8f0b97a8fc51,K0,2698.3080113664932,2.179111391599751,CBO,False,c9b80e0f7fad265a33e596f9743e2e1993a19241fa8e1ab6672b9bc4e43e85ab,fine,276,ClusterChain,2003,182,0,ClusterChain-K0-CBO-seed2003,0,333.92472195625305
800,61b4757aedf08761a1b409a464abc581e58d3447b51f0ac6921a8f0b97a8fc51,K0,1569.9282303781208,2.8806022575745205,CBO,False,b593e559d7b1a7591cb2f5ef21262f3f5e310fa5562b45fd5bd1ba67c6df093d,fine,267,ClusterChain,2004,173,0,ClusterChain-K0-CBO-seed2004,0,288.96304631233215
800,61b4757aedf08761a1b409a464abc581e58d3447b51f0ac6921a8f0b97a8fc51,K0,2825.619612088935,3.108757366704758,CBO,False,0a15fe67250e612e5fa9b4005617dc322bc8dd2e14b49b818fe381bf4c29ff62,fine,273,ClusterChain,2005,179,0,ClusterChain-K0-CBO-seed2005,0,299.48515224456787
800,61b4757aedf08761a1b409a464abc581e58d3447b51f0ac6921a8f0b97a8fc51,K0,1277.0621444461449,0.0902189877178696,CBO,False,fd74f4d6e078e0c0a35a2da1ebcf1f77e1d01817de7365a426ddeb0fc3fc871c,fine,249,ClusterChain,2006,155,0,ClusterChain-K0-CBO-seed2006,0,291.9490714073181
800,61b4757aedf08761a1b409a464abc581e58d3447b51f0ac6921a8f0b97a8fc51,K0,1650.0104479533315,2.238934702109818,CBO,False,f6896e78e02858704264bc25b2a24ef4d620c4d9476617c7f998dd9781b4ac63,fine,269,ClusterChain,2007,175,0,ClusterChain-K0-CBO-seed2007,0,300.01899766921997
800,61b4757aedf08761a1b409a464abc581e58d3447b51f0ac6921a8f0b97a8fc51,K0,1302.1342302337926,0.03393684539492484,CBO,False,758a747718c03a83b8646e5d1996faccd749d92203d857fad9069b04d30ccfba,fine,261,ClusterChain,2008,167,0,ClusterChain-K0-CBO-seed2008,0,282.83443903923035
800,61b4757aedf08761a1b409a464abc581e58d3447b51f0ac6921a8f0b97a8fc51,K0,1787.5353855739304,2.2717505201890513,CBO,False,bdb43d33eb86b6a64d29689549e07e25211733b582507c5fad66e2b2ac69304b,fine,266,ClusterChain,2009,172,0,ClusterChain-K0-CBO-seed2009,0,284.2091155052185
800,61b4757aedf08761a1b409a464abc581e58d3447b51f0ac6921a8f0b97a8fc51,K0,2267.017445840793,2.3435357292722174,CBO,False,9e0270130158fc69946e86d28dbde6ae51a7a9525fa35a13d0b22176b1506367,fine,268,ClusterChain,2010,174,0,ClusterChain-K0-CBO-seed2010,0,307.26474022865295
800,61b4757aedf08761a1b409a464abc581e58d3447b51f0ac6921a8f0b97a8fc51,K0,2048.9341972612956,1.1954651068491713,CBO,False,7cbf5572eefc4077d0d8e8a6782d65076cc08c3fa88683b27ef0faf75f77d99b,fine,256,ClusterChain,2011,162,0,ClusterChain-K0-CBO-seed2011,0,289.2992732524872
800,61b4757aedf08761a1b409a464abc581e58d3447b51f0ac6921a8f0b97a8fc51,K0,1171.0461953766096,0.6092012850553383,CBO,False,6780560e1ffa1447df6054ad8e8e4d72b284ae8e1c8ab5fb5e2227361977d92b,fine,249,ClusterChain,2012,155,0,ClusterChain-K0-CBO-seed2012,0,272.15842294692993
800,61b4757aedf08761a1b409a464abc581e58d3447b51f0ac6921a8f0b97a8fc51,K0,4079.5503761370323,7.075977836892595,CBO,False,37eb6f49f5f3fd9b7935a0e93d50c74df20901b5a65b877368c13e0bfa8e145f,fine,272,ClusterChain,2013,178,0,ClusterChain-K0-CBO-seed2013,0,311.1650311946869
800,61b4757aedf08761a1b409a464abc581e58d3447b51f0ac6921a8f0b97a8fc51,K0,1458.9862394640984,0.19306176499019362,CBO,False,cf65ba8c94d0e5b9785918366c13cb8469db1c22ab45b99e073c654ebbe7a761,fine,254,ClusterChain,2014,160,0,ClusterChain-K0-CBO-seed2014,0,281.66111874580383
800,61b4757aedf08761a1b409a464abc581e58d3447b51f0ac6921a8f0b97a8fc51,K0,1149.493410741907,1.1326902011483828,CBO,False,912be55de8182feddea0cd1532a8bd1c8430b94f073d13f82db0c9a2f748b66d,fine,258,ClusterChain,2015,164,0,ClusterChain-K0-CBO-seed2015,0,293.5505187511444
800,61b4757aedf08761a1b409a464abc581e58d3447b51f0ac6921a8f0b97a8fc51,K0,3451.275064170986,2.7078054712505244,CBO,False,5d9fd61e2ee182e288d0d514b556e4760fc4757b7301e77e5aaf32627beeb6cc,fine,279,ClusterChain,2016,185,0,ClusterChain-K0-CBO-seed2016,0,352.9511704444885
800,61b4757aedf08761a1b409a464abc581e58d3447b51f0ac6921a8f0b97a8fc51,K0,1951.5947895490308,2.3484684266101974,CBO,False,5b2b049f5b4017daf29a7a78d17ed92bc3e3aedb65e0303ff4eb4ea144f3646c,fine,259,ClusterChain,2017,165,0,ClusterChain-K0-CBO-seed2017,0,299.98807668685913
800,61b4757aedf08761a1b409a464abc581e58d3447b51f0ac6921a8f0b97a8fc51,K0,1565.246046099357,2.2486120164747065,CBO,False,9154fe5586f7942914d1916eea26eb4387003c657a24258751653948bda32a6d,fine,266,ClusterChain,2018,172,0,ClusterChain-K0-CBO-seed2018,0,310.3946158885956
800,61b4757aedf08761a1b409a464abc581e58d3447b51f0ac6921a8f0b97a8fc51,K0,1374.3541184774388,1.3521038119314088,CBO,False,83e9fb9bff9bc7a3374c3c958858466d8664e81b2af2f9004769ed2c8518c395,fine,246,ClusterChain,2019,152,0,ClusterChain-K0-CBO-seed2019,0,281.0435049533844
800,61b4757aedf08761a1b409a464abc581e58d3447b51f0ac6921a8f0b97a8fc51,K0,1337.7799616911386,1.1295197780484363,CBO,False,10c3c191ca3043fdb9d4c7da397514c7edc2ecd1b4bc2dcead314a1464d04b80,fine,264,ClusterChain,2020,170,0,ClusterChain-K0-CBO-seed2020,0,304.60566091537476
800,61b4757aedf08761a1b409a464abc581e58d3447b51f0ac6921a8f0b97a8fc51,K0,1480.7122528011032,1.308257955172071,CBO,False,590cfc37db554eba854da8a44f06f14c2f651ef57661bb113be5e123ffd58cc1,fine,249,ClusterChain,2021,155,0,ClusterChain-K0-CBO-seed2021,0,263.2005572319031
800,61b4757aedf08761a1b409a464abc581e58d3447b51f0ac6921a8f0b97a8fc51,K0,1264.5020944480439,2.328206652391806,CBO,False,b2c17da254df57de0e2c08853e94436d4def698bb2e224592c324bc205523ad6,fine,283,ClusterChain,2022,189,0,ClusterChain-K0-CBO-seed2022,0,325.51898407936096
800,61b4757aedf08761a1b409a464abc581e58d3447b51f0ac6921a8f0b97a8fc51,K0,1870.9823933776051,1.7623168955712964,CBO,False,4967e79b0a8b38e37f71458a59e6254412e4b39d4fa1f921a2c826d97e25c07b,fine,257,ClusterChain,2023,163,0,ClusterChain-K0-CBO-seed2023,0,301.3090019226074
800,61b4757aedf08761a1b409a464abc581e58d3447b51f0ac6921a8f0b97a8fc51,K0,1776.332846638041,1.1304578978849449,CBO,False,0267dc97cb9272df77acf56a6d9c3110f3602f3ec410c98a3f1ff0b15953e8c2,fine,265,ClusterChain,2024,171,0,ClusterChain-K0-CBO-seed2024,0,311.44574451446533
800,61b4757aedf08761a1b409a464abc581e58d3447b51f0ac6921a8f0b97a8fc51,K0,2398.5531350846113,2.095585201771664,CBO,False,a794bce8c5badefd4b5b2b3521bd5288ea8ffcaa9b80f15059a9774a6e15de42,fine,261,ClusterChain,2025,167,0,ClusterChain-K0-CBO-seed2025,0,304.8425815105438
800,61b4757aedf08761a1b409a464abc581e58d3447b51f0ac6921a8f0b97a8fc51,K0,3119.5438930110354,4.158469570383897,CBO,False,05eec5770736f39fb005b1b3f15ce6ca148e6b1fb8bd4868fdd388203d05b34a,fine,276,ClusterChain,2026,182,0,ClusterChain-K0-CBO-seed2026,0,312.4827070236206
800,61b4757aedf08761a1b409a464abc581e58d3447b51f0ac6921a8f0b97a8fc51,K0,1544.76615235904,1.3079183528258225,CBO,False,47e059e99a0b7db59c311f7900cc0770b7e5f8d519a94d695bc670363f41ae66,fine,264,ClusterChain,2027,170,0,ClusterChain-K0-CBO-seed2027,0,311.0771689414978
800,61b4757aedf08761a1b409a464abc581e58d3447b51f0ac6921a8f0b97a8fc51,K0,1673.6850953921348,2.9143766737203003,CBO,False,d22607fb3381b1c4680148caff3e6767295e7cc47517fcfbe77cfbd14024bd76,fine,273,ClusterChain,2028,179,0,ClusterChain-K0-CBO-seed2028,0,313.1115212440491
800,61b4757aedf08761a1b409a464abc581e58d3447b51f0ac6921a8f0b97a8fc51,K0,1797.343729625222,1.2651945841552317,CBO,False,14f4cf24ab7e335499157d74957e25950e243ec7632616fb156f8ed3508f7554,fine,264,ClusterChain,2029,170,0,ClusterChain-K0-CBO-seed2029,0,301.3215892314911
800,61b4757aedf08761a1b409a464abc581e58d3447b51f0ac6921a8f0b97a8fc51,K0,1827.89118459858,2.978454484035655,HQCBO,False,824a6f9ec605719a637b2435aeffcd555ddc0717596f74c23d1ac49d99ada861,pairs,274,ClusterChain,2000,148,336,ClusterChain-K0-HQCBO-pairs-seed2000,0,46.82537078857422
800,61b4757aedf08761a1b409a464abc581e58d3447b51f0ac6921a8f0b97a8fc51,K0,1787.8073517466414,3.280380461920414,HQCBO,False,be076d17e6d9d71b37e4e21200427bbde9884fa5754bca5e4ed0ca5c84bf21d6,pairs,276,ClusterChain,2001,150,336,ClusterChain-K0-HQCBO-pairs-seed2001,0,50.06845450401306
800,61b4757aedf08761a1b409a464abc581e58d3447b51f0ac6921a8f0b97a8fc51,K0,1400.6785303952104,2.2192981386293384,HQCBO,False,7436ed13bb4ee27fd877abf7dfc3029231cb144633a0023d7d67d0384aac5fbe,pairs,265,ClusterChain,2002,139,336,ClusterChain-K0-HQCBO-pairs-seed2002,0,50.3011839389801
800,61b4757aedf08761a1b409a464abc581e58d3447b51f0ac6921a8f0b97a8fc51,K0,2557.0721010524567,3.6298704106901263,HQCBO,False,c9b80e0f7fad265a33e596f9743e2e1993a19241fa8e1ab6672b9bc4e43e85ab,pairs,263,ClusterChain,2003,137,336,ClusterChain-K0-HQCBO-pairs-seed2003,0,59.492180824279785
800,61b4757aedf08761a1b409a464abc581e58d3447b51f0ac6921a8f0b97a8fc51,K0,3935.422198400404,6.837134472530748,HQCBO,False,b593e559d7b1a7591cb2f5ef21262f3f5e310fa5562b45fd5bd1ba67c6df093d,pairs,245,ClusterChain,2004,119,336,ClusterChain-K0-HQCBO-pairs-seed2004,0,43.05036163330078
800,61b4757aedf08761a1b409a464abc581e58d3447b51f0ac6921a8f0b97a8fc51,K0,3428.995016259162,4.57157495343178,HQCBO,False,0a15fe67250e612e5fa9b4005617dc322bc8dd2e14b49b818fe381bf4c29ff62,pairs,279,ClusterChain,2005,153,336,ClusterChain-K0-HQCBO-pairs-seed2005,0,57.49001169204712
800,61b4757aedf08761a1b409a464abc581e58d3447b51f0ac6921a8f0b97a8fc51,K0,986.4311283247952,1.4415772136634766,HQCBO,False,fd74f4d6e078e0c0a35a2da1ebcf1f77e1d01817de7365a426ddeb0fc3fc871c,pairs,251,ClusterChain,2006,125,336,ClusterChain-K0-HQCBO-pairs-seed2006,0,49.209508419036865
800,61b4757aedf08761a1b409a464abc581e58d3447b51f0ac6921a8f0b97a8fc51,K0,2361.107385932092,4.332307130150596,HQCBO,False,f6896e78e02858704264bc25b2a24ef4d620c4d9476617c7f998dd9781b4ac63,pairs,278,ClusterChain,2007,152,336,ClusterChain-K0-HQCBO-pairs-seed2007,0,59.142003774642944
800,61b4757aedf08761a1b409a464abc581e58d3447b51f0ac6921a8f0b97a8fc51,K0,2255.3176543549016,4.266851625215163,HQCBO,False,758a747718c03a83b8646e5d1996faccd749d92203d857fad9069b04d30ccfba,pairs,279,ClusterChain,2008,153,336,ClusterChain-K0-HQCBO-pairs-seed2008,0,53.1035692691803
800,61b4757aedf08761a1b409a464abc581e58d3447b51f0ac6921a8f0b97a8fc51,K0,2525.8872821147925,4.626917026054861,HQCBO,False,bdb43d33eb86b6a64d29689549e07e25211733b582507c5fad66e2b2ac69304b,pairs,248,ClusterChain,2009,122,336,ClusterChain-K0-HQCBO-pairs-seed2009,0,50.2780556678772
800,61b4757aedf08761a1b409a464abc581e58d3447b51f0ac6921a8f0b97a8fc51,K0,2422.8504572782344,2.4915402495611696,HQCBO,False,9e0270130158fc69946e86d28dbde6ae51a7a9525fa35a13d0b22176b1506367,pairs,271,ClusterChain,2010,145,336,ClusterChain-K0-HQCBO-pairs-seed2010,0,48.896564245224
800,61b4757aedf08761a1b409a464abc581e58d3447b51f0ac6921a8f0b97a8fc51,K0,2022.3027882298243,3.2293265048679136,HQCBO,False,7cbf5572eefc4077d0d8e8a6782d65076cc08c3fa88683b27ef0faf75f77d99b,pairs,263,ClusterChain,2011,137,336,ClusterChain-K0-HQCBO-pairs-seed2011,0,56.26056218147278
800,61b4757aedf08761a1b409a464abc581e58d3447b51f0ac6921a8f0b97a8fc51,K0,1731.3668017013536,3.1768198196355084,HQCBO,False,6780560e1ffa1447df6054ad8e8e4d72b284ae8e1c8ab5fb5e2227361977d92b,pairs,273,ClusterChain,2012,147,336,ClusterChain-K0-HQCBO-pairs-seed2012,0,58.15785622596741
800,61b4757aedf08761a1b409a464abc581e58d3447b51f0ac6921a8f0b97a8fc51,K0,1930.2487332433261,3.3880466813084005,HQCBO,False,37eb6f49f5f3fd9b7935a0e93d50c74df20901b5a65b877368c13e0bfa8e145f,pairs,251,ClusterChain,2013,125,336,ClusterChain-K0-HQCBO-pairs-seed2013,0,56.81488561630249
800,61b4757aedf08761a1b409a464abc581e58d3447b51f0ac6921a8f0b97a8fc51,K0,1449.1858429974525,2.659056592655878,HQCBO,False,cf65ba8c94d0e5b9785918366c13cb8469db1c22ab45b99e073c654ebbe7a761,pairs,257,ClusterChain,2014,131,336,ClusterChain-K0-HQCBO-pairs-seed2014,0,45.87344837188721
800,61b4757aedf08761a1b409a464abc581e58d3447b51f0ac6921a8f0b97a8fc51,K0,1633.0512515301662,2.682638471535427,HQCBO,False,912be55de8182feddea0cd1532a8bd1c8430b94f073d13f82db0c9a2f748b66d,pairs,275,ClusterChain,2015,149,336,ClusterChain-K0-HQCBO-pairs-seed2015,0,64.55046272277832
800,61b4757aedf08761a1b409a464abc581e58d3447b51f0ac6921a8f0b97a8fc51,K0,1942.7077930116168,2.8331363404507277,HQCBO,False,5d9fd61e2ee182e288d0d514b556e4760fc4757b7301e77e5aaf32627beeb6cc,pairs,260,ClusterChain,2016,134,336,ClusterChain-K0-HQCBO-pairs-seed2016,0,53.343148708343506
800,61b4757aedf08761a1b409a464abc581e58d3447b51f0ac6921a8f0b97a8fc51,K0,3605.5785639775518,3.173533422350169,HQCBO,False,5b2b049f5b4017daf29a7a78d17ed92bc3e3aedb65e0303ff4eb4ea144f3646c,pairs,265,ClusterChain,2017,139,336,ClusterChain-K0-HQCBO-pairs-seed2017,0,58.186177015304565
800,61b4757aedf08761a1b409a464abc581e58d3447b51f0ac6921a8f0b97a8fc51,K0,1743.8927304494441,3.199803175136595,HQCBO,False,9154fe5586f7942914d1916eea26eb4387003c657a24258751653948bda32a6d,pairs,254,ClusterChain,2018,128,336,ClusterChain-K0-HQCBO-pairs-seed2018,0,54.03154015541077
800,61b4757aedf08761a1b409a464abc581e58d3447b51f0ac6921a8f0b97a8fc51,K0,2065.154932906641,3.789275106250746,HQCBO,False,83e9fb9bff9bc7a3374c3c958858466d8664e81b2af2f9004769ed2c8518c395,pairs,272,ClusterChain,2019,146,336,ClusterChain-K0-HQCBO-pairs-seed2019,0,41.92590951919556
800,61b4757aedf08761a1b409a464abc581e58d3447b51f0ac6921a8f0b97a8fc51,K0,2857.276018687922,3.8695578153286307,HQCBO,False,10c3c191ca3043fdb9d4c7da397514c7edc2ecd1b4bc2dcead314a1464d04b80,pairs,277,ClusterChain,2020,151,336,ClusterChain-K0-HQCBO-pairs-seed2020,0,63.36689257621765
800,61b4757aedf08761a1b409a464abc581e58d3447b51f0ac6921a8f0b97a8fc51,K0,1873.9397158061313,2.855954506049606,HQCBO,False,590cfc37db554eba854da8a44f06f14c2f651ef57661bb113be5e123ffd58cc1,pairs,271,ClusterChain,2021,145,336,ClusterChain-K0-HQCBO-pairs-seed2021,0,56.32535982131958
800,61b4757aedf08761a1b409a464abc581e58d3447b51f0ac6921a8f0b97a8fc51,K0,1486.8951632338476,2.7282480059336667,HQCBO,False,b2c17da254df57de0e2c08853e94436d4def698bb2e224592c324bc205523ad6,pairs,279,ClusterChain,2022,153,336,ClusterChain-K0-HQCBO-pairs-seed2022,0,51.655846118927
800,61b4757aedf08761a1b409a464abc581e58d3447b51f0ac6921a8f0b97a8fc51,K0,1255.9349835843343,2.0587883243583343,HQCBO,False,4967e79b0a8b38e37f71458a59e6254412e4b39d4fa1f921a2c826d97e25c07b,pairs,276,ClusterChain,2023,150,336,ClusterChain-K0-HQCBO-pairs-seed2023,0,64.55714201927185
800,61b4757aedf08761a1b409a464abc581e58d3447b51f0ac6921a8f0b97a8fc51,K0,1778.7907137638304,3.2638361720436992,HQCBO,False,0267dc97cb9272df77acf56a6d9c3110f3602f3ec410c98a3f1ff0b15953e8c2,pairs,275,ClusterChain,2024,149,336,ClusterChain-K0-HQCBO-pairs-seed2024,0,61.35802698135376
800,61b4757aedf08761a1b409a464abc581e58d3447b51f0ac6921a8f0b97a8fc51,K0,2098.4491606674137,3.770993931659557,HQCBO,False,a794bce8c5badefd4b5b2b3521bd5288ea8ffcaa9b80f15059a9774a6e15de42,pairs,255,ClusterChain,2025,129,336,ClusterChain-K0-HQCBO-pairs-seed2025,0,50.42925953865051
800,61b4757aedf08761a1b409a464abc581e58d3447b51f0ac6921a8f0b97a8fc51,K0,1823.873853368526,2.9054277945317506,HQCBO,False,05eec5770736f39fb005b1b3f15ce6ca148e6b1fb8bd4868fdd388203d05b34a,pairs,270,ClusterChain,2026,144,336,ClusterChain-K0-HQCBO-pairs-seed2026,0,57.87436771392822
800,61b4757aedf08761a1b409a464abc581e58d3447b51f0ac6921a8f0b97a8fc51,K0,2332.5291194892525,3.0211585195538877,HQCBO,False,47e059e99a0b7db59c311f7900cc0770b7e5f8d519a94d695bc670363f41ae66,pairs,264,ClusterChain,2027,138,336,ClusterChain-K0-HQCBO-pairs-seed2027,0,51.981629371643066
800,61b4757aedf08761a1b409a464abc581e58d3447b51f0ac6921a8f0b97a8fc51,K0,1932.7591151128402,3.546347000206996,HQCBO,False,d22607fb3381b1c4680148caff3e6767295e7cc47517fcfbe77cfbd14024bd76,pairs,273,ClusterChain,2028,147,336,ClusterChain-K0-HQCBO-pairs-seed2028,0,57.54274392127991
800,61b4757aedf08761a1b409a464abc581e58d3447b51f0ac6921a8f0b97a8fc51,K0,1855.078750765399,3.40381422158787,HQCBO,False,14f4cf24ab7e335499157d74957e25950e243ec7632616fb156f8ed3508f7554,pairs,262,ClusterChain,2029,136,336,ClusterChain-K0-HQCBO-pairs-seed2029,0,62.50997233390808
800,61b4757aedf08761a1b409a464abc581e58d3447b51f0ac6921a8f0b97a8fc51,K0,2719.9183032618034,4.063997043340979,QCBO-NP,False,824a6f9ec605719a637b2435aeffcd555ddc0717596f74c23d1ac49d99ada861,alt,177,ClusterChain,2000,147,0,ClusterChain-K0-QCBO-NP-alt-seed2000,0,11.613458633422852
800,61b4757aedf08761a1b409a464abc581e58d3447b51f0ac6921a8f0b97a8fc51,K0,1792.3108149423324,3.2886436971419237,QCBO-NP,False,be076d17e6d9d71b37e4e21200427bbde9884fa5754bca5e4ed0ca5c84bf21d6,alt,201,ClusterChain,2001,171,0,ClusterChain-K0-QCBO-NP-alt-seed2001,0,11.70197057723999
800,61b4757aedf08761a1b409a464abc581e58d3447b51f0ac6921a8f0b97a8fc51,K0,2062.2412737234267,3.7839289426118246,QCBO-NP,False,7436ed13bb4ee27fd877abf7dfc3029231cb144633a0023d7d67d0384aac5fbe,alt,214,ClusterChain,2002,184,0,ClusterChain-K0-QCBO-NP-alt-seed2002,0,11.046126365661621
800,61b4757aedf08761a1b409a464abc581e58d3447b51f0ac6921a8f0b97a8fc51,K0,2288.6444327395557,3.651362847787815,QCBO-NP,False,c9b80e0f7fad265a33e596f9743e2e1993a19241fa8e1ab6672b9bc4e43e85ab,alt,231,ClusterChain,2003,201,0,ClusterChain-K0-QCBO-NP-alt-seed2003,0,12.249874353408813
800,61b4757aedf08761a1b409a464abc581e58d3447b51f0ac6921a8f0b97a8fc51,K0,1892.9273354574316,2.7067883869281704,QCBO-NP,False,b593e559d7b1a7591cb2f5ef21262f3f5e310fa5562b45fd5bd1ba67c6df093d,alt,224,ClusterChain,2004,194,0,ClusterChain-K0-QCBO-NP-alt-seed2004,0,14.635355472564697
800,61b4757aedf08761a1b409a464abc581e58d3447b51f0ac6921a8f0b97a8fc51,K0,2347.8694781286504,3.4647764415369675,QCBO-NP,False,0a15fe67250e612e5fa9b4005617dc322bc8dd2e14b49b818fe381bf4c29ff62,alt,210,ClusterChain,2005,180,0,ClusterChain-K0-QCBO-NP-alt-seed2005,0,10.673384189605713
800,61b4757aedf08761a1b409a464abc581e58d3447b51f0ac6921a8f0b97a8fc51,K0,2043.8935462677134,3.7502633876471307,QCBO-NP,False,fd74f4d6e078e0c0a35a2da1ebcf1f77e1d01817de7365a426ddeb0fc3fc871c,alt,183,ClusterChain,2006,153,0,ClusterChain-K0-QCBO-NP-alt-seed2006,0,9.032638549804688
800,61b4757aedf08761a1b409a464abc581e58d3447b51f0ac6921a8f0b97a8fc51,K0,1532.3982420398102,2.267270054869511,QCBO-NP,False,f6896e78e02858704264bc25b2a24ef4d620c4d9476617c7f998dd9781b4ac63,alt,206,ClusterChain,2007,176,0,ClusterChain-K0-QCBO-NP-alt-seed2007,0,9.64191484451294
800,61b4757aedf08761a1b409a464abc581e58d3447b51f0ac6921a8f0b97a8fc51,K0,2205.26595223248,4.046359545380658,QCBO-NP,False,758a747718c03a83b8646e5d1996faccd749d92203d857fad9069b04d30ccfba,alt,208,ClusterChain,2008,178,0,ClusterChain-K0-QCBO-NP-alt-seed2008,0,10.829413175582886
800,61b4757aedf08761a1b409a464abc581e58d3447b51f0ac6921a8f0b97a8fc51,K0,1353.6373218682775,1.512114787885452,QCBO-NP,False,bdb43d33eb86b6a64d29689549e07e25211733b582507c5fad66e2b2ac69304b,alt,202,ClusterChain,2009,172,0,ClusterChain-K0-QCBO-NP-alt-seed2009,0,10.15617036819458
800,61b4757aedf08761a1b409a464abc581e58d3447b51f0ac6921a8f0b97a8fc51,K0,1298.0771847441554,2.0545521936121993,QCBO-NP,False,9e0270130158fc69946e86d28dbde6ae51a7a9525fa35a13d0b22176b1506367,alt,195,ClusterChain,2010,165,0,ClusterChain-K0-QCBO-NP-alt-seed2010,0,9.15458369255066
800,61b4757aedf08761a1b409a464abc581e58d3447b51f0ac6921a8f0b97a8fc51,K0,1543.8752864807357,2.2308137792218314,QCBO-NP,False,7cbf5572eefc4077d0d8e8a6782d65076cc08c3fa88683b27ef0faf75f77d99b,alt,208,ClusterChain,2011,178,0,ClusterChain-K0-QCBO-NP-alt-seed2011,0,8.85953402519226
800,61b4757aedf08761a1b409a464abc581e58d3447b51f0ac6921a8f0b97a8fc51,K0,1782.6160648166422,3.178534700591867,QCBO-NP,False,6780560e1ffa1447df6054ad8e8e4d72b284ae8e1c8ab5fb5e2227361977d92b,alt,199,ClusterChain,2012,169,0,ClusterChain-K0-QCBO-NP-alt-seed2012,0,9.210161924362183
800,61b4757aedf08761a1b409a464abc581e58d3447b51f0ac6921a8f0b97a8fc51,K0,1688.9544483966865,3.0989989878838635,QCBO-NP,False,37eb6f49f5f3fd9b7935a0e93d50c74df20901b5a65b877368c13e0bfa8e145f,alt,210,ClusterChain,2013,180,0,ClusterChain-K0-QCBO-NP-alt-seed2013,0,9.835205793380737
800,61b4757aedf08761a1b409a464abc581e58d3447b51f0ac6921a8f0b97a8fc51,K0,1801.32147211567,3.2662487672742784,QCBO-NP,False,cf65ba8c94d0e5b9785918366c13cb8469db1c22ab45b99e073c654ebbe7a761,alt,195,ClusterChain,2014,165,0,ClusterChain-K0-QCBO-NP-alt-seed2014,0,8.736701011657715
800,61b4757aedf08761a1b409a464abc581e58d3447b51f0ac6921a8f0b97a8fc51,K0,1555.0188883536025,2.641486357865891,QCBO-NP,False,912be55de8182feddea0cd1532a8bd1c8430b94f073d13f82db0c9a2f748b66d,alt,182,ClusterChain,2015,152,0,ClusterChain-K0-QCBO-NP-alt-seed2015,0,9.105080366134644
800,61b4757aedf08761a1b409a464abc581e58d3447b51f0ac6921a8f0b97a8fc51,K0,3145.1851129940387,5.809151680889889,QCBO-NP,False,5d9fd61e2ee182e288d0d514b556e4760fc4757b7301e77e5aaf32627beeb6cc,alt,194,ClusterChain,2016,164,0,ClusterChain-K0-QCBO-NP-alt-seed2016,0,8.298975229263306
800,61b4757aedf08761a1b409a464abc581e58d3447b51f0ac6921a8f0b97a8fc51,K0,2088.6654165694995,3.7884425759080744,QCBO-NP,False,5b2b049f5b4017daf29a7a78d17ed92bc3e3aedb65e0303ff4eb4ea144f3646c,alt,184,ClusterChain,2017,154,0,ClusterChain-K0-QCBO-NP-alt-seed2017,0,11.069028854370117
800,61b4757aedf08761a1b409a464abc581e58d3447b51f0ac6921a8f0b97a8fc51,K0,1543.888601884302,1.1219108859419482,QCBO-NP,False,9154fe5586f7942914d1916eea26eb4387003c657a24258751653948bda32a6d,alt,188,ClusterChain,2018,158,0,ClusterChain-K0-QCBO-NP-alt-seed2018,0,8.548558235168457
800,61b4757aedf08761a1b409a464abc581e58d3447b51f0ac6921a8f0b97a8fc51,K0,2108.8802330934373,3.8695050148503256,QCBO-NP,False,83e9fb9bff9bc7a3374c3c958858466d8664e81b2af2f9004769ed2c8518c395,alt,232,ClusterChain,2019,202,0,ClusterChain-K0-QCBO-NP-alt-seed2019,0,10.297589302062988
800,61b4757aedf08761a1b409a464abc581e58d3447b51f0ac6921a8f0b97a8fc51,K0,1975.0661040792418,5.418316108479912,QCBO-NP,False,10c3c191ca3043fdb9d4c7da397514c7edc2ecd1b4bc2dcead314a1464d04b80,alt,182,ClusterChain,2020,152,0,ClusterChain-K0-QCBO-NP-alt-seed2020,0,11.227660179138184
800,61b4757aedf08761a1b409a464abc581e58d3447b51f0ac6921a8f0b97a8fc51,K0,1292.6277760337628,1.987707464247538,QCBO-NP,False,590cfc37db554eba854da8a44f06f14c2f651ef57661bb113be5e123ffd58cc1,alt,213,ClusterChain,2021,183,0,ClusterChain-K0-QCBO-NP-alt-seed2021,0,9.12605881690979
800,61b4757aedf08761a1b409a464abc581e58d3447b51f0ac6921a8f0b97a8fc51,K0,2291.266980229401,4.204159596751177,QCBO-NP,False,b2c17da254df57de0e2c08853e94436d4def698bb2e224592c324bc205523ad6,alt,199,ClusterChain,2022,169,0,ClusterChain-K0-QCBO-NP-alt-seed2022,0,8.723764896392822
800,61b4757aedf08761a1b409a464abc581e58d3447b51f0ac6921a8f0b97a8fc51,K0,1602.602653559694,2.037302397299799,QCBO-NP,False,4967e79b0a8b38e37f71458a59e6254412e4b39d4fa1f921a2c826d97e25c07b,alt,216,ClusterChain,2023,186,0,ClusterChain-K0-QCBO-NP-alt-seed2023,0,10.271515369415283
800,61b4757aedf08761a1b409a464abc581e58d3447b51f0ac6921a8f0b97a8fc51,K0,2032.922847254006,3.730133664686209,QCBO-NP,False,0267dc97cb9272df77acf56a6d9c3110f3602f3ec410c98a3f1ff0b15953e8c2,alt,226,ClusterChain,2024,196,0,ClusterChain-K0-QCBO-NP-alt-seed2024,0,10.173762798309326
800,61b4757aedf08761a1b409a464abc581e58d3447b51f0ac6921a8f0b97a8fc51,K0,1458.9522246193153,2.2160045496901217,QCBO-NP,False,a794bce8c5badefd4b5b2b3521bd5288ea8ffcaa9b80f15059a9774a6e15de42,alt,208,ClusterChain,2025,178,0,ClusterChain-K0-QCBO-NP-alt-seed2025,0,8.820360660552979
800,61b4757aedf08761a1b409a464abc581e58d3447b51f0ac6921a8f0b97a8fc51,K0,1970.9517059564364,3.354958362192306,QCBO-NP,False,05eec5770736f39fb005b1b3f15ce6ca148e6b1fb8bd4868fdd388203d05b34a,alt,186,ClusterChain,2026,156,0,ClusterChain-K0-QCBO-NP-alt-seed2026,0,8.734083890914917
800,61b4757aedf08761a1b409a464abc581e58d3447b51f0ac6921a8f0b97a8fc51,K0,1451.605738463704,2.475376502174063,QCBO-NP,False,47e059e99a0b7db59c311f7900cc0770b7e5f8d519a94d695bc670363f41ae66,alt,191,ClusterChain,2027,161,0,ClusterChain-K0-QCBO-NP-alt-seed2027,0,8.534987211227417
800,61b4757aedf08761a1b409a464abc581e58d3447b51f0ac6921a8f0b97a8fc51,K0,1467.7509401710424,2.8323349928472306,QCBO-NP,False,d22607fb3381b1c4680148caff3e6767295e7cc47517fcfbe77cfbd14024bd76,alt,199,ClusterChain,2028,169,0,ClusterChain-K0-QCBO-NP-alt-seed2028,0,10.842113256454468
800,61b4757aedf08761a1b409a464abc581e58d3447b51f0ac6921a8f0b97a8fc51,K0,1724.0263776105537,1.9330265736534236,QCBO-NP,False,14f4cf24ab7e335499157d74957e25950e243ec7632616fb156f8ed3508f7554,alt,204,ClusterChain,2029,174,0,ClusterChain-K0-QCBO-NP-alt-seed2029,0,11.028211832046509
800,61b4757aedf08761a1b409a464abc581e58d3447b51f0ac6921a8f0b97a8fc51,K0,3639.829637292818,6.586416209332038,QCBO-NP,False,824a6f9ec605719a637b2435aeffcd555ddc0717596f74c23d1ac49d99ada861,coarse,149,ClusterChain,2000,143,0,ClusterChain-K0-QCBO-NP-coarse-seed2000,0,4.99151086807251
800,61b4757aedf08761a1b409a464abc581e58d3447b51f0ac6921a8f0b97a8fc51,K0,3342.7667670217384,6.133517003709652,QCBO-NP,False,be076d17e6d9d71b37e4e21200427bbde9884fa5754bca5e4ed0ca5c84bf21d6,coarse,145,ClusterChain,2001,139,0,ClusterChain-K0-QCBO-NP-coarse-seed2001,0,5.2010414600372314
800,61b4757aedf08761a1b409a464abc581e58d3447b51f0ac6921a8f0b97a8fc51,K0,3511.5335404242996,5.618390153177985,QCBO-NP,False,7436ed13bb4ee27fd877abf7dfc3029231cb144633a0023d7d67d0384aac5fbe,coarse,150,ClusterChain,2002,144,0,ClusterChain-K0-QCBO-NP-coarse-seed2002,0,5.304067850112915
800,61b4757aedf08761a1b409a464abc581e58d3447b51f0ac6921a8f0b97a8fc51,K0,3373.846035194899,6.141494645826816,QCBO-NP,False,c9b80e0f7fad265a33e596f9743e2e1993a19241fa8e1ab6672b9bc4e43e85ab,coarse,237,ClusterChain,2003,231,0,ClusterChain-K0-QCBO-NP-coarse-seed2003,0,14.636962890625
800,61b4757aedf08761a1b409a464abc581e58d3447b51f0ac6921a8f0b97a8fc51,K0,3336.8787999810465,6.1220665904014036,QCBO-NP,False,b593e559d7b1a7591cb2f5ef21262f3f5e310fa5562b45fd5bd1ba67c6df093d,coarse,264,ClusterChain,2004,258,0,ClusterChain-K0-QCBO-NP-coarse-seed2004,0,14.69995903968811
800,61b4757aedf08761a1b409a464abc581e58d3447b51f0ac6921a8f0b97a8fc51,K0,3686.666912315071,6.288985682633012,QCBO-NP,False,0a15fe67250e612e5fa9b4005617dc322bc8dd2e14b49b818fe381bf4c29ff62,coarse,136,ClusterChain,2005,130,0,ClusterChain-K0-QCBO-NP-coarse-seed2005,0,5.5705811977386475
800,61b4757aedf08761a1b409a464abc581e58d3447b51f0ac6921a8f0b97a8fc51,K0,3889.8585348046986,6.628039836907826,QCBO-NP,False,fd74f4d6e078e0c0a35a2da1ebcf1f77e1d01817de7365a426ddeb0fc3fc871c,coarse,136,ClusterChain,2006,130,0,ClusterChain-K0-QCBO-NP-coarse-seed2006,0,5.316484212875366
800,61b4757aedf08761a1b409a464abc581e58d3447b51f0ac6921a8f0b97a8fc51,K0,4064.8502107681093,6.2897980242035425,QCBO-NP,False,f6896e78e02858704264bc25b2a24ef4d620c4d9476617c7f998dd9781b4ac63,coarse,148,ClusterChain,2007,142,0,ClusterChain-K0-QCBO-NP-coarse-seed2007,0,4.988057851791382
800,61b4757aedf08761a1b409a464abc581e58d3447b51f0ac6921a8f0b97a8fc51,K0,4425.399999999955,8.120000000000001,QCBO-NP,False,758a747718c03a83b8646e5d1996faccd749d92203d857fad9069b04d30ccfba,coarse,145,ClusterChain,2008,139,0,ClusterChain-K0-QCBO-NP-coarse-seed2008,0,6.263743877410889
800,61b4757aedf08761a1b409a464abc581e58d3447b51f0ac6921a8f0b97a8fc51,K0,4246.70083875472,6.112144255671492,QCBO-NP,False,bdb43d33eb86b6a64d29689549e07e25211733b582507c5fad66e2b2ac69304b,coarse,145,ClusterChain,2009,139,0,ClusterChain-K0-QCBO-NP-coarse-seed2009,0,5.286562204360962
800,61b4757aedf08761a1b409a464abc581e58d3447b51f0ac6921a8f0b97a8fc51,K0,4177.983208860017,6.763408211172498,QCBO-NP,False,9e0270130158fc69946e86d28dbde6ae51a7a9525fa35a13d0b22176b1506367,coarse,140,ClusterChain,2010,134,0,ClusterChain-K0-QCBO-NP-coarse-seed2010,0,5.705732107162476
800,61b4757aedf08761a1b409a464abc581e58d3447b51f0ac6921a8f0b97a8fc51,K0,3897.872212081548,6.186231770751227,QCBO-NP,False,7cbf5572eefc4077d0d8e8a6782d65076cc08c3fa88683b27ef0faf75f77d99b,coarse,144,ClusterChain,2011,138,0,ClusterChain-K0-QCBO-NP-coarse-seed2011,0,5.019599914550781
800,61b4757aedf08761a1b409a464abc581e58d3447b51f0ac6921a8f0b97a8fc51,K0,3580.4374196718504,6.150827904028217,QCBO-NP,False,6780560e1ffa1447df6054ad8e8e4d72b284ae8e1c8ab5fb5e2227361977d92b,coarse,137,ClusterChain,2012,131,0,ClusterChain-K0-QCBO-NP-coarse-seed2012,0,5.260775804519653
800,61b4757aedf08761a1b409a464abc581e58d3447b51f0ac6921a8f0b97a8fc51,K0,3375.8001584856997,5.208733042313013,QCBO-NP,False,37eb6f49f5f3fd9b7935a0e93d50c74df20901b5a65b877368c13e0bfa8e145f,coarse,145,ClusterChain,2013,139,0,ClusterChain-K0-QCBO-NP-coarse-seed2013,0,5.145815849304199
800,61b4757aedf08761a1b409a464abc581e58d3447b51f0ac6921a8f0b97a8fc51,K0,4022.4183630028347,6.872378832826207,QCBO-NP,False,cf65ba8c94d0e5b9785918366c13cb8469db1c22ab45b99e073c654ebbe7a761,coarse,144,ClusterChain,2014,138,0,ClusterChain-K0-QCBO-NP-coarse-seed2014,0,5.171036005020142
800,61b4757aedf08761a1b409a464abc581e58d3447b51f0ac6921a8f0b97a8fc51,K0,3564.3078832776723,6.54001446472971,QCBO-NP,False,912be55de8182feddea0cd1532a8bd1c8430b94f073d13f82db0c9a2f748b66d,coarse,146,ClusterChain,2015,140,0,ClusterChain-K0-QCBO-NP-coarse-seed2015,0,5.010849237442017
800,61b4757aedf08761a1b409a464abc581e58d3447b51f0ac6921a8f0b97a8fc51,K0,3386.640250443111,7.174347765023419,QCBO-NP,False,5d9fd61e2ee182e288d0d514b556e4760fc4757b7301e77e5aaf32627beeb6cc,coarse,146,ClusterChain,2016,140,0,ClusterChain-K0-QCBO-NP-coarse-seed2016,0,5.20378851890564
800,61b4757aedf08761a1b409a464abc581e58d3447b51f0ac6921a8f0b97a8fc51,K0,3662.3832757378977,6.7199693132804725,QCBO-NP,False,5b2b049f5b4017daf29a7a78d17ed92bc3e3aedb65e0303ff4eb4ea144f3646c,coarse,145,ClusterChain,2017,139,0,ClusterChain-K0-QCBO-NP-coarse-seed2017,0,5.120659828186035
800,61b4757aedf08761a1b409a464abc581e58d3447b51f0ac6921a8f0b97a8fc51,K0,3876.990486851431,5.709817031862516,QCBO-NP,False,9154fe5586f7942914d1916eea26eb4387003c657a24258751653948bda32a6d,coarse,150,ClusterChain,2018,144,0,ClusterChain-K0-QCBO-NP-coarse-seed2018,0,5.270754814147949
800,61b4757aedf08761a1b409a464abc581e58d3447b51f0ac6921a8f0b97a8fc51,K0,4222.978919588339,6.192180186556009,QCBO-NP,False,83e9fb9bff9bc7a3374c3c958858466d8664e81b2af2f9004769ed2c8518c395,coarse,145,ClusterChain,2019,139,0,ClusterChain-K0-QCBO-NP-coarse-seed2019,0,5.275583028793335
800,61b4757aedf08761a1b409a464abc581e58d3447b51f0ac6921a8f0b97a8fc51,K0,3347.1046924057923,6.129247449103617,QCBO-NP,False,10c3c191ca3043fdb9d4c7da397514c7edc2ecd1b4bc2dcead314a1464d04b80,coarse,250,ClusterChain,2020,244,0,ClusterChain-K0-QCBO-NP-coarse-seed2020,0,14.450431108474731
800,61b4757aedf08761a1b409a464abc581e58d3447b51f0ac6921a8f0b97a8fc51,K0,3751.199488137034,6.882934840618379,QCBO-NP,False,590cfc37db554eba854da8a44f06f14c2f651ef57661bb113be5e123ffd58cc1,coarse,148,ClusterChain,2021,142,0,ClusterChain-K0-QCBO-NP-coarse-seed2021,0,5.168754577636719
800,61b4757aedf08761a1b409a464abc581e58d3447b51f0ac6921a8f0b97a8fc51,K0,4106.504346994036,6.541600017488902,QCBO-NP,False,b2c17da254df57de0e2c08853e94436d4def698bb2e224592c324bc205523ad6,coarse,144,ClusterChain,2022,138,0,ClusterChain-K0-QCBO-NP-coarse-seed2022,0,5.2761640548706055
800,61b4757aedf08761a1b409a464abc581e58d3447b51f0ac6921a8f0b97a8fc51,K0,3394.0626780853718,5.569608412800051,QCBO-NP,False,4967e79b0a8b38e37f71458a59e6254412e4b39d4fa1f921a2c826d97e25c07b,coarse,145,ClusterChain,2023,139,0,ClusterChain-K0-QCBO-NP-coarse-seed2023,0,4.989410877227783
800,61b4757aedf08761a1b409a464abc581e58d3447b51f0ac6921a8f0b97a8fc51,K0,3349.180078455446,6.145284547624697,QCBO-NP,False,0267dc97cb9272df77acf56a6d9c3110f3602f3ec410c98a3f1ff0b15953e8c2,coarse,136,ClusterChain,2024,130,0,ClusterChain-K0-QCBO-NP-coarse-seed2024,0,5.288563013076782
800,61b4757aedf08761a1b409a464abc581e58d3447b51f0ac6921a8f0b97a8fc51,K0,3336.784442148181,6.120741756876107,QCBO-NP,False,a794bce8c5badefd4b5b2b3521bd5288ea8ffcaa9b80f15059a9774a6e15de42,coarse,225,ClusterChain,2025,219,0,ClusterChain-K0-QCBO-NP-coarse-seed2025,0,14.539193153381348
800,61b4757aedf08761a1b409a464abc581e58d3447b51f0ac6921a8f0b97a8fc51,K0,3312.449275436577,5.945778751746117,QCBO-NP,False,05eec5770736f39fb005b1b3f15ce6ca148e6b1fb8bd4868fdd388203d05b34a,coarse,138,ClusterChain,2026,132,0,ClusterChain-K0-QCBO-NP-coarse-seed2026,0,5.847566604614258
800,61b4757aedf08761a1b409a464abc581e58d3447b51f0ac6921a8f0b97a8fc51,K0,3772.6187316763317,5.284935033881866,QCBO-NP,False,47e059e99a0b7db59c311f7900cc0770b7e5f8d519a94d695bc670363f41ae66,coarse,144,ClusterChain,2027,138,0,ClusterChain-K0-QCBO-NP-coarse-seed2027,0,5.056488990783691
800,61b4757aedf08761a1b409a464abc581e58d3447b51f0ac6921a8f0b97a8fc51,K0,4130.506673358066,7.422534824934635,QCBO-NP,False,d22607fb3381b1c4680148caff3e6767295e7cc47517fcfbe77cfbd14024bd76,coarse,143,ClusterChain,2028,137,0,ClusterChain-K0-QCBO-NP-coarse-seed2028,0,5.027020215988159
800,61b4757aedf08761a1b409a464abc581e58d3447b51f0ac6921a8f0b97a8fc51,K0,3904.1513383518322,7.16358043734286,QCBO-NP,False,14f4cf24ab7e335499157d74957e25950e243ec7632616fb156f8ed3508f7554,coarse,149,ClusterChain,2029,143,0,ClusterChain-K0-QCBO-NP-coarse-seed2029,0,5.031764507293701
800,61b4757aedf08761a1b409a464abc581e58d3447b51f0ac6921a8f0b97a8fc51,K0,2442.804406270048,4.314511476448487,QCBO-NP,False,824a6f9ec605719a637b2435aeffcd555ddc0717596f74c23d1ac49d99ada861,pairs,189,ClusterChain,2000,175,0,ClusterChain-K0-QCBO-NP-pairs-seed2000,0,7.909963607788086
800,61b4757aedf08761a1b409a464abc581e58d3447b51f0ac6921a8f0b97a8fc51,K0,1737.5593415169678,2.331594018194897,QCBO-NP,False,be076d17e6d9d71b37e4e21200427bbde9884fa5754bca5e4ed0ca5c84bf21d6,pairs,198,ClusterChain,2001,184,0,ClusterChain-K0-QCBO-NP-pairs-seed2001,0,7.3524603843688965
800,61b4757aedf08761a1b409a464abc581e58d3447b51f0ac6921a8f0b97a8fc51,K0,1116.3535366204367,1.8208842815017712,QCBO-NP,False,7436ed13bb4ee27fd877abf7dfc3029231cb144633a0023d7d67d0384aac5fbe,pairs,188,ClusterChain,2002,174,0,ClusterChain-K0-QCBO-NP-pairs-seed2002,0,6.687315225601196
800,61b4757aedf08761a1b409a464abc581e58d3447b51f0ac6921a8f0b97a8fc51,K0,1649.1100064018112,2.646577542274466,QCBO-NP,False,c9b80e0f7fad265a33e596f9743e2e1993a19241fa8e1ab6672b9bc4e43e85ab,pairs,218,ClusterChain,2003,204,0,ClusterChain-K0-QCBO-NP-pairs-seed2003,0,10.19361138343811
800,61b4757aedf08761a1b409a464abc581e58d3447b51f0ac6921a8f0b97a8fc51,K0,1915.59991180575,3.2511188887141684,QCBO-NP,False,b593e559d7b1a7591cb2f5ef21262f3f5e310fa5562b45fd5bd1ba67c6df093d,pairs,231,ClusterChain,2004,217,0,ClusterChain-K0-QCBO-NP-pairs-seed2004,0,11.46441912651062
800,61b4757aedf08761a1b409a464abc581e58d3447b51f0ac6921a8f0b97a8fc51,K0,1808.170351547108,3.3177437643066,QCBO-NP,False,0a15fe67250e612e5fa9b4005617dc322bc8dd2e14b49b818fe381bf4c29ff62,pairs,172,ClusterChain,2005,158,0,ClusterChain-K0-QCBO-NP-pairs-seed2005,0,7.4549970626831055
800,61b4757aedf08761a1b409a464abc581e58d3447b51f0ac6921a8f0b97a8fc51,K0,2403.9803211545986,4.410973066338715,QCBO-NP,False,fd74f4d6e078e0c0a35a2da1ebcf1f77e1d01817de7365a426ddeb0fc3fc871c,pairs,202,ClusterChain,2006,188,0,ClusterChain-K0-QCBO-NP-pairs-seed2006,0,8.193928241729736
800,61b4757aedf08761a1b409a464abc581e58d3447b51f0ac6921a8f0b97a8fc51,K0,981.8869325790201,1.4032603154077634,QCBO-NP,False,f6896e78e02858704264bc25b2a24ef4d620c4d9476617c7f998dd9781b4ac63,pairs,191,ClusterChain,2007,177,0,ClusterChain-K0-QCBO-NP-pairs-seed2007,0,6.921191453933716
800,61b4757aedf08761a1b409a464abc581e58d3447b51f0ac6921a8f0b97a8fc51,K0,2541.088169685309,4.673616736005717,QCBO-NP,False,758a747718c03a83b8646e5d1996faccd749d92203d857fad9069b04d30ccfba,pairs,176,ClusterChain,2008,162,0,ClusterChain-K0-QCBO-NP-pairs-seed2008,0,6.580372333526611
800,61b4757aedf08761a1b409a464abc581e58d3447b51f0ac6921a8f0b97a8fc51,K0,1974.0140518846276,2.4614973157371085,QCBO-NP,False,bdb43d33eb86b6a64d29689549e07e25211733b582507c5fad66e2b2ac69304b,pairs,181,ClusterChain,2009,167,0,ClusterChain-K0-QCBO-NP-pairs-seed2009,0,6.739728689193726
800,61b4757aedf08761a1b409a464abc581e58d3447b51f0ac6921a8f0b97a8fc51,K0,1051.1620295764035,1.928737668947543,QCBO-NP,False,9e0270130158fc69946e86d28dbde6ae51a7a9525fa35a13d0b22176b1506367,pairs,178,ClusterChain,2010,164,0,ClusterChain-K0-QCBO-NP-pairs-seed2010,0,6.942888021469116
800,61b4757aedf08761a1b409a464abc581e58d3447b51f0ac6921a8f0b97a8fc51,K0,2374.882355053078,3.251179893215388,QCBO-NP,False,7cbf5572eefc4077d0d8e8a6782d65076cc08c3fa88683b27ef0faf75f77d99b,pairs,205,ClusterChain,2011,191,0,ClusterChain-K0-QCBO-NP-pairs-seed2011,0,7.800969839096069
800,61b4757aedf08761a1b409a464abc581e58d3447b51f0ac6921a8f0b97a8fc51,K0,1110.9335090939426,1.6652408557316933,QCBO-NP,False,6780560e1ffa1447df6054ad8e8e4d72b284ae8e1c8ab5fb5e2227361977d92b,pairs,176,ClusterChain,2012,162,0,ClusterChain-K0-QCBO-NP-pairs-seed2012,0,6.259560585021973
800,61b4757aedf08761a1b409a464abc581e58d3447b51f0ac6921a8f0b97a8fc51,K0,2515.9501645558307,4.567972862110111,QCBO-NP,False,37eb6f49f5f3fd9b7935a0e93d50c74df20901b5a65b877368c13e0bfa8e145f,pairs,190,ClusterChain,2013,176,0,ClusterChain-K0-QCBO-NP-pairs-seed2013,0,6.533023118972778
800,61b4757aedf08761a1b409a464abc581e58d3447b51f0ac6921a8f0b97a8fc51,K0,2940.6780113711325,5.395739470405796,QCBO-NP,False,cf65ba8c94d0e5b9785918366c13cb8469db1c22ab45b99e073c654ebbe7a761,pairs,176,ClusterChain,2014,162,0,ClusterChain-K0-QCBO-NP-pairs-seed2014,0,5.933637380599976
800,61b4757aedf08761a1b409a464abc581e58d3447b51f0ac6921a8f0b97a8fc51,K0,3432.0655832561247,6.297368042671844,QCBO-NP,False,912be55de8182feddea0cd1532a8bd1c8430b94f073d13f82db0c9a2f748b66d,pairs,150,ClusterChain,2015,136,0,ClusterChain-K0-QCBO-NP-pairs-seed2015,0,8.268760681152344
800,61b4757aedf08761a1b409a464abc581e58d3447b51f0ac6921a8f0b97a8fc51,K0,1709.030524071797,3.135835823984926,QCBO-NP,False,5d9fd61e2ee182e288d0d514b556e4760fc4757b7301e77e5aaf32627beeb6cc,pairs,191,ClusterChain,2016,177,0,ClusterChain-K0-QCBO-NP-pairs-seed2016,0,7.118438243865967
800,61b4757aedf08761a1b409a464abc581e58d3447b51f0ac6921a8f0b97a8fc51,K0,1809.672930057448,3.32050078909621,QCBO-NP,False,5b2b049f5b4017daf29a7a78d17ed92bc3e3aedb65e0303ff4eb4ea144f3646c,pairs,179,ClusterChain,2017,165,0,ClusterChain-K0-QCBO-NP-pairs-seed2017,0,7.582738399505615
800,61b4757aedf08761a1b409a464abc581e58d3447b51f0ac6921a8f0b97a8fc51,K0,1014.3018078749994,1.7359374687483857,QCBO-NP,False,9154fe5586f7942914d1916eea26eb4387003c657a24258751653948bda32a6d,pairs,193,ClusterChain,2018,179,0,ClusterChain-K0-QCBO-NP-pairs-seed2018,0,7.204935312271118
800,61b4757aedf08761a1b409a464abc581e58d3447b51f0ac6921a8f0b97a8fc51,K0,1210.9529038312025,2.221931933635242,QCBO-NP,False,83e9fb9bff9bc7a3374c3c958858466d8664e81b2af2f9004769ed2c8518c395,pairs,210,ClusterChain,2019,196,0,ClusterChain-K0-QCBO-NP-pairs-seed2019,0,7.663054704666138
800,61b4757aedf08761a1b409a464abc581e58d3447b51f0ac6921a8f0b97a8fc51,K0,2083.447839207709,3.8155276977088066,QCBO-NP,False,10c3c191ca3043fdb9d4c7da397514c7edc2ecd1b4bc2dcead314a1464d04b80,pairs,212,ClusterChain,2020,198,0,ClusterChain-K0-QCBO-NP-pairs-seed2020,0,10.801293849945068
800,61b4757aedf08761a1b409a464abc581e58d3447b51f0ac6921a8f0b97a8fc51,K0,1901.4538544711068,2.860263492989675,QCBO-NP,False,590cfc37db554eba854da8a44f06f14c2f651ef57661bb113be5e123ffd58cc1,pairs,191,ClusterChain,2021,177,0,ClusterChain-K0-QCBO-NP-pairs-seed2021,0,6.982489347457886
800,61b4757aedf08761a1b409a464abc581e58d3447b51f0ac6921a8f0b97a8fc51,K0,1903.223673807555,2.6383955105800023,QCBO-NP,False,b2c17da254df57de0e2c08853e94436d4def698bb2e224592c324bc205523ad6,pairs,213,ClusterChain,2022,199,0,ClusterChain-K0-QCBO-NP-pairs-seed2022,0,7.838139295578003
800,61b4757aedf08761a1b409a464abc581e58d3447b51f0ac6921a8f0b97a8fc51,K0,1681.5700011752438,3.0854495434408533,QCBO-NP,False,4967e79b0a8b38e37f71458a59e6254412e4b39d4fa1f921a2c826d97e25c07b,pairs,192,ClusterChain,2023,178,0,ClusterChain-K0-QCBO-NP-pairs-seed2023,0,7.156848669052124
800,61b4757aedf08761a1b409a464abc581e58d3447b51f0ac6921a8f0b97a8fc51,K0,2114.058574856828,3.879006559370358,QCBO-NP,False,0267dc97cb9272df77acf56a6d9c3110f3602f3ec410c98a3f1ff0b15953e8c2,pairs,179,ClusterChain,2024,165,0,ClusterChain-K0-QCBO-NP-pairs-seed2024,0,6.659373760223389
800,61b4757aedf08761a1b409a464abc581e58d3447b51f0ac6921a8f0b97a8fc51,K0,2068.3576900611224,3.799833637535328,QCBO-NP,False,a794bce8c5badefd4b5b2b3521bd5288ea8ffcaa9b80f15059a9774a6e15de42,pairs,220,ClusterChain,2025,206,0,ClusterChain-K0-QCBO-NP-pairs-seed2025,0,11.507380962371826
800,61b4757aedf08761a1b409a464abc581e58d3447b51f0ac6921a8f0b97a8fc51,K0,1260.2499428733684,2.312385216281396,QCBO-NP,False,05eec5770736f39fb005b1b3f15ce6ca148e6b1fb8bd4868fdd388203d05b34a,pairs,173,ClusterChain,2026,159,0,ClusterChain-K0-QCBO-NP-pairs-seed2026,0,6.139348268508911
800,61b4757aedf08761a1b409a464abc581e58d3447b51f0ac6921a8f0b97a8fc51,K0,2349.475870642018,4.310964900260596,QCBO-NP,False,47e059e99a0b7db59c311f7900cc0770b7e5f8d519a94d695bc670363f41ae66,pairs,181,ClusterChain,2027,167,0,ClusterChain-K0-QCBO-NP-pairs-seed2027,0,6.0431976318359375
800,61b4757aedf08761a1b409a464abc581e58d3447b51f0ac6921a8f0b97a8fc51,K0,1441.6310928031685,2.645194665693854,QCBO-NP,False,d22607fb3381b1c4680148caff3e6767295e7cc47517fcfbe77cfbd14024bd76,pairs,186,ClusterChain,2028,172,0,ClusterChain-K0-QCBO-NP-pairs-seed2028,0,6.017613410949707
800,61b4757aedf08761a1b409a464abc581e58d3447b51f0ac6921a8f0b97a8fc51,K0,1841.9323778353091,3.1638378188601695,QCBO-NP,False,14f4cf24ab7e335499157d74957e25950e243ec7632616fb156f8ed3508f7554,pairs,192,ClusterChain,2029,178,0,ClusterChain-K0-QCBO-NP-pairs-seed2029,0,6.96253514289856
800,61b4757aedf08761a1b409a464abc581e58d3447b51f0ac6921a8f0b97a8fc51,K0,93.37958792754308,0.015346433694088099,QCBO,False,824a6f9ec605719a637b2435aeffcd555ddc0717596f74c23d1ac49d99ada861,alt,230,ClusterChain,2000,200,0,ClusterChain-K0-QCBO-alt-seed2000,0,89.99857258796692
800,61b4757aedf08761a1b409a464abc581e58d3447b51f0ac6921a8f0b97a8fc51,K0,167.96647481636944,0.13777475934455036,QCBO,False,be076d17e6d9d71b37e4e21200427bbde9884fa5754bca5e4ed0ca5c84bf21d6,alt,239,ClusterChain,2001,209,0,ClusterChain-K0-QCBO-alt-seed2001,0,97.89702677726746
800,61b4757aedf08761a1b409a464abc581e58d3447b51f0ac6921a8f0b97a8fc51,K0,946.4199968930452,0.7437607363623935,QCBO,False,7436ed13bb4ee27fd877abf7dfc3029231cb144633a0023d7d67d0384aac5fbe,alt,192,ClusterChain,2002,162,0,ClusterChain-K0-QCBO-alt-seed2002,0,107.85763263702393
800,61b4757aedf08761a1b409a464abc581e58d3447b51f0ac6921a8f0b97a8fc51,K0,1249.8939542004448,1.1382991301600298,QCBO,False,c9b80e0f7fad265a33e596f9743e2e1993a19241fa8e1ab6672b9bc4e43e85ab,alt,222,ClusterChain,2003,192,0,ClusterChain-K0-QCBO-alt-seed2003,0,110.40948367118835
800,61b4757aedf08761a1b409a464abc581e58d3447b51f0ac6921a8f0b97a8fc51,K0,1659.0274546176204,2.7139980883707473,QCBO,False,b593e559d7b1a7591cb2f5ef21262f3f5e310fa5562b45fd5bd1ba67c6df093d,alt,225,ClusterChain,2004,195,0,ClusterChain-K0-QCBO-alt-seed2004,0,112.17421865463257
800,61b4757aedf08761a1b409a464abc581e58d3447b51f0ac6921a8f0b97a8fc51,K0,1973.38998542314,1.256082424993717,QCBO,False,0a15fe67250e612e5fa9b4005617dc322bc8dd2e14b49b818fe381bf4c29ff62,alt,232,ClusterChain,2005,202,0,ClusterChain-K0-QCBO-alt-seed2005,0,123.60853910446167
800,61b4757aedf08761a1b409a464abc581e58d3447b51f0ac6921a8f0b97a8fc51,K0,430.2229203551808,0.2561325082105493,QCBO,False,fd74f4d6e078e0c0a35a2da1ebcf1f77e1d01817de7365a426ddeb0fc3fc871c,alt,209,ClusterChain,2006,179,0,ClusterChain-K0-QCBO-alt-seed2006,0,116.19131112098694
800,61b4757aedf08761a1b409a464abc581e58d3447b51f0ac6921a8f0b97a8fc51,K0,405.51702371491194,0.09647763538777493,QCBO,False,f6896e78e02858704264bc25b2a24ef4d620c4d9476617c7f998dd9781b4ac63,alt,243,ClusterChain,2007,213,0,ClusterChain-K0-QCBO-alt-seed2007,0,97.44737505912781
800,61b4757aedf08761a1b409a464abc581e58d3447b51f0ac6921a8f0b97a8fc51,K0,135.6211338109873,0.01398744320408813,QCBO,False,758a747718c03a83b8646e5d1996faccd749d92203d857fad9069b04d30ccfba,alt,234,ClusterChain,2008,204,0,ClusterChain-K0-QCBO-alt-seed2008,0,99.35122323036194
800,61b4757aedf08761a1b409a464abc581e58d3447b51f0ac6921a8f0b97a8fc51,K0,1414.0674582947124,2.1141040795701582,QCBO,False,bdb43d33eb86b6a64d29689549e07e25211733b582507c5fad66e2b2ac69304b,alt,208,ClusterChain,2009,178,0,ClusterChain-K0-QCBO-alt-seed2009,0,93.23540592193604
800,61b4757aedf08761a1b409a464abc581e58d3447b51f0ac6921a8f0b97a8fc51,K0,234.1104895751098,0.18765307591383937,QCBO,False,9e0270130158fc69946e86d28dbde6ae51a7a9525fa35a13d0b22176b1506367,alt,195,ClusterChain,2010,165,0,ClusterChain-K0-QCBO-alt-seed2010,0,79.68704438209534
800,61b4757aedf08761a1b409a464abc581e58d3447b51f0ac6921a8f0b97a8fc51,K0,294.49846426447095,0.058279008237055625,QCBO,False,7cbf5572eefc4077d0d8e8a6782d65076cc08c3fa88683b27ef0faf75f77d99b,alt,213,ClusterChain,2011,183,0,ClusterChain-K0-QCBO-alt-seed2011,0,97.87493705749512
800,61b4757aedf08761a1b409a464abc581e58d3447b51f0ac6921a8f0b97a8fc51,K0,424.3149670535879,1.2135876495441031,QCBO,False,6780560e1ffa1447df6054ad8e8e4d72b284ae8e1c8ab5fb5e2227361977d92b,alt,211,ClusterChain,2012,181,0,ClusterChain-K0-QCBO-alt-seed2012,0,104.8320963382721
800,61b4757aedf08761a1b409a464abc581e58d3447b51f0ac6921a8f0b97a8fc51,K0,1969.7559054690478,3.2918682129760564,QCBO,False,37eb6f49f5f3fd9b7935a0e93d50c74df20901b5a65b877368c13e0bfa8e145f,alt,304,ClusterChain,2013,274,0,ClusterChain-K0-QCBO-alt-seed2013,0,177.2419731616974
800,61b4757aedf08761a1b409a464abc581e58d3447b51f0ac6921a8f0b97a8fc51,K0,184.59961394721324,0.1608509380000566,QCBO,False,cf65ba8c94d0e5b9785918366c13cb8469db1c22ab45b99e073c654ebbe7a761,alt,237,ClusterChain,2014,207,0,ClusterChain-K0-QCBO-alt-seed2014,0,98.42721009254456
800,61b4757aedf08761a1b409a464abc581e58d3447b51f0ac6921a8f0b97a8fc51,K0,663.0599896839348,1.2123269183618264,QCBO,False,912be55de8182feddea0cd1532a8bd1c8430b94f073d13f82db0c9a2f748b66d,alt,223,ClusterChain,2015,193,0,ClusterChain-K0-QCBO-alt-seed2015,0,106.38251161575317
800,61b4757aedf08761a1b409a464abc581e58d3447b51f0ac6921a8f0b97a8fc51,K0,2191.9470426278376,2.8752183230216963,QCBO,False,5d9fd61e2ee182e288d0d514b556e4760fc4757b7301e77e5aaf32627beeb6cc,alt,257,ClusterChain,2016,227,0,ClusterChain-K0-QCBO-alt-seed2016,0,148.96886610984802
800,61b4757aedf08761a1b409a464abc581e58d3447b51f0ac6921a8f0b97a8fc51,K0,1389.0003072222928,0.6505385781123723,QCBO,False,5b2b049f5b4017daf29a7a78d17ed92bc3e3aedb65e0303ff4eb4ea144f3646c,alt,245,ClusterChain,2017,215,0,ClusterChain-K0-QCBO-alt-seed2017,0,116.23147940635681
800,61b4757aedf08761a1b409a464abc581e58d3447b51f0ac6921a8f0b97a8fc51,K0,1251.543723190957,1.4997335965680558,QCBO,False,9154fe5586f7942914d1916eea26eb4387003c657a24258751653948bda32a6d,alt,209,ClusterChain,2018,179,0,ClusterChain-K0-QCBO-alt-seed2018,0,96.16195154190063
800,61b4757aedf08761a1b409a464abc581e58d3447b51f0ac6921a8f0b97a8fc51,K0,275.9236064080158,0.15555596773030983,QCBO,False,83e9fb9bff9bc7a3374c3c958858466d8664e81b2af2f9004769ed2c8518c395,alt,194,ClusterChain,2019,164,0,ClusterChain-K0-QCBO-alt-seed2019,0,89.80051898956299
800,61b4757aedf08761a1b409a464abc581e58d3447b51f0ac6921a8f0b97a8fc51,K0,657.785524148546,1.2084020844399037,QCBO,False,10c3c191ca3043fdb9d4c7da397514c7edc2ecd1b4bc2dcead314a1464d04b80,alt,226,ClusterChain,2020,196,0,ClusterChain-K0-QCBO-alt-seed2020,0,99.57257270812988
800,61b4757aedf08761a1b409a464abc581e58d3447b51f0ac6921a8f0b97a8fc51,K0,991.514517753837,1.475506736394053,QCBO,False,590cfc37db554eba854da8a44f06f14c2f651ef57661bb113be5e123ffd58cc1,alt,203,ClusterChain,2021,173,0,ClusterChain-K0-QCBO-alt-seed2021,0,100.89617156982422
800,61b4757aedf08761a1b409a464abc581e58d3447b51f0ac6921a8f0b97a8fc51,K0,2950.3549208084723,4.790620015778412,QCBO,False,b2c17da254df57de0e2c08853e94436d4def698bb2e224592c324bc205523ad6,alt,312,ClusterChain,2022,282,0,ClusterChain-K0-QCBO-alt-seed2022,0,186.2476465702057
800,61b4757aedf08761a1b409a464abc581e58d3447b51f0ac6921a8f0b97a8fc51,K0,359.738735664607,0.06417221744504836,QCBO,False,4967e79b0a8b38e37f71458a59e6254412e4b39d4fa1f921a2c826d97e25c07b,alt,218,ClusterChain,2023,188,0,ClusterChain-K0-QCBO-alt-seed2023,0,102.1179358959198
800,61b4757aedf08761a1b409a464abc581e58d3447b51f0ac6921a8f0b97a8fc51,K0,784.1110948284341,1.4344814401478234,QCBO,False,0267dc97cb9272df77acf56a6d9c3110f3602f3ec410c98a3f1ff0b15953e8c2,alt,222,ClusterChain,2024,192,0,ClusterChain-K0-QCBO-alt-seed2024,0,119.10828995704651
800,61b4757aedf08761a1b409a464abc581e58d3447b51f0ac6921a8f0b97a8fc51,K0,1578.5871701299732,1.4061563055359734,QCBO,False,a794bce8c5badefd4b5b2b3521bd5288ea8ffcaa9b80f15059a9774a6e15de42,alt,250,ClusterChain,2025,220,0,ClusterChain-K0-QCBO-alt-seed2025,0,152.11100506782532
800,61b4757aedf08761a1b409a464abc581e58d3447b51f0ac6921a8f0b97a8fc51,K0,1540.3129060466147,1.536238353318234,QCBO,False,05eec5770736f39fb005b1b3f15ce6ca148e6b1fb8bd4868fdd388203d05b34a,alt,200,ClusterChain,2026,170,0,ClusterChain-K0-QCBO-alt-seed2026,0,113.39650464057922
800,61b4757aedf08761a1b409a464abc581e58d3447b51f0ac6921a8f0b97a8fc51,K0,1656.1153517406071,3.296970364123724,QCBO,False,47e059e99a0b7db59c311f7900cc0770b7e5f8d519a94d695bc670363f41ae66,alt,320,ClusterChain,2027,290,0,ClusterChain-K0-QCBO-alt-seed2027,0,171.1453559398651
800,61b4757aedf08761a1b409a464abc581e58d3447b51f0ac6921a8f0b97a8fc51,K0,1795.3200288476046,3.295103871529729,QCBO,False,d22607fb3381b1c4680148caff3e6767295e7cc47517fcfbe77cfbd14024bd76,alt,357,ClusterChain,2028,327,0,ClusterChain-K0-QCBO-alt-seed2028,0,192.29574990272522
800,61b4757aedf08761a1b409a464abc581e58d3447b51f0ac6921a8f0b97a8fc51,K0,1372.092319685684,2.1913697096893343,QCBO,False,14f4cf24ab7e335499157d74957e25950e243ec7632616fb156f8ed3508f7554,alt,234,ClusterChain,2029,204,0,ClusterChain-K0-QCBO-alt-seed2029,0,144.36048793792725
800,61b4757aedf08761a1b409a464abc581e58d3447b51f0ac6921a8f0b97a8fc51,K0,2206.6886865687025,4.0489700670985425,QCBO,False,824a6f9ec605719a637b2435aeffcd555ddc0717596f74c23d1ac49d99ada861,coarse,387,ClusterChain,2000,381,0,ClusterChain-K0-QCBO-coarse-seed2000,0,80.29777836799622
800,61b4757aedf08761a1b409a464abc581e58d3447b51f0ac6921a8f0b97a8fc51,K0,2364.276045458887,4.338121184328216,QCBO,False,be076d17e6d9d71b37e4e21200427bbde9884fa5754bca5e4ed0ca5c84bf21d6,coarse,382,ClusterChain,2001,376,0,ClusterChain-K0-QCBO-coarse-seed2001,0,80.01081705093384
800,61b4757aedf08761a1b409a464abc581e58d3447b51f0ac6921a8f0b97a8fc51,K0,2313.333884766286,4.244649329846403,QCBO,False,7436ed13bb4ee27fd877abf7dfc3029231cb144633a0023d7d67d0384aac5fbe,coarse,375,ClusterChain,2002,369,0,ClusterChain-K0-QCBO-coarse-seed2002,0,75.00186514854431
800,61b4757aedf08761a1b409a464abc581e58d3447b51f0ac6921a8f0b97a8fc51,K0,2282.369746742866,4.190635457834299,QCBO,False,c9b80e0f7fad265a33e596f9743e2e1993a19241fa8e1ab6672b9bc4e43e85ab,coarse,365,ClusterChain,2003,359,0,ClusterChain-K0-QCBO-coarse-seed2003,0,69.45946431159973
800,61b4757aedf08761a1b409a464abc581e58d3447b51f0ac6921a8f0b97a8fc51,K0,2177.9225073916064,3.996188086957078,QCBO,False,b593e559d7b1a7591cb2f5ef21262f3f5e310fa5562b45fd5bd1ba67c6df093d,coarse,376,ClusterChain,2004,370,0,ClusterChain-K0-QCBO-coarse-seed2004,0,80.87870073318481
800,61b4757aedf08761a1b409a464abc581e58d3447b51f0ac6921a8f0b97a8fc51,K0,2320.8674052803726,4.258472303266751,QCBO,False,0a15fe67250e612e5fa9b4005617dc322bc8dd2e14b49b818fe381bf4c29ff62,coarse,200,ClusterChain,2005,194,0,ClusterChain-K0-QCBO-coarse-seed2005,0,31.30942416191101
800,61b4757aedf08761a1b409a464abc581e58d3447b51f0ac6921a8f0b97a8fc51,K0,2645.733588498751,4.081402543550821,QCBO,False,fd74f4d6e078e0c0a35a2da1ebcf1f77e1d01817de7365a426ddeb0fc3fc871c,coarse,313,ClusterChain,2006,307,0,ClusterChain-K0-QCBO-coarse-seed2006,0,49.96847653388977
800,61b4757aedf08761a1b409a464abc581e58d3447b51f0ac6921a8f0b97a8fc51,K0,2512.6129769370377,4.61029904025143,QCBO,False,f6896e78e02858704264bc25b2a24ef4d620c4d9476617c7f998dd9781b4ac63,coarse,199,ClusterChain,2007,193,0,ClusterChain-K0-QCBO-coarse-seed2007,0,30.337868690490723
800,61b4757aedf08761a1b409a464abc581e58d3447b51f0ac6921a8f0b97a8fc51,K0,2215.369417765961,4.0224365394158355,QCBO,False,758a747718c03a83b8646e5d1996faccd749d92203d857fad9069b04d30ccfba,coarse,297,ClusterChain,2008,291,0,ClusterChain-K0-QCBO-coarse-seed2008,0,38.52021384239197
800,61b4757aedf08761a1b409a464abc581e58d3447b51f0ac6921a8f0b97a8fc51,K0,3355.850191463327,6.136502216229997,QCBO,False,bdb43d33eb86b6a64d29689549e07e25211733b582507c5fad66e2b2ac69304b,coarse,223,ClusterChain,2009,217,0,ClusterChain-K0-QCBO-coarse-seed2009,0,40.3349769115448
800,61b4757aedf08761a1b409a464abc581e58d3447b51f0ac6921a8f0b97a8fc51,K0,2378.2564020190493,4.034279486660185,QCBO,False,9e0270130158fc69946e86d28dbde6ae51a7a9525fa35a13d0b22176b1506367,coarse,195,ClusterChain,2010,189,0,ClusterChain-K0-QCBO-coarse-seed2010,0,25.291693925857544
800,61b4757aedf08761a1b409a464abc581e58d3447b51f0ac6921a8f0b97a8fc51,K0,2251.049434124017,4.130365934172551,QCBO,False,7cbf5572eefc4077d0d8e8a6782d65076cc08c3fa88683b27ef0faf75f77d99b,coarse,357,ClusterChain,2011,351,0,ClusterChain-K0-QCBO-coarse-seed2011,0,61.898844718933105
800,61b4757aedf08761a1b409a464abc581e58d3447b51f0ac6921a8f0b97a8fc51,K0,3344.545790327047,6.122965806042748,QCBO,False,6780560e1ffa1447df6054ad8e8e4d72b284ae8e1c8ab5fb5e2227361977d92b,coarse,239,ClusterChain,2012,233,0,ClusterChain-K0-QCBO-coarse-seed2012,0,38.55444645881653
800,61b4757aedf08761a1b409a464abc581e58d3447b51f0ac6921a8f0b97a8fc51,K0,2168.0401664067545,3.978055351205037,QCBO,False,37eb6f49f5f3fd9b7935a0e93d50c74df20901b5a65b877368c13e0bfa8e145f,coarse,324,ClusterChain,2013,318,0,ClusterChain-K0-QCBO-coarse-seed2013,0,52.42198657989502
800,61b4757aedf08761a1b409a464abc581e58d3447b51f0ac6921a8f0b97a8fc51,K0,2298.967652110726,4.218289269927947,QCBO,False,cf65ba8c94d0e5b9785918366c13cb8469db1c22ab45b99e073c654ebbe7a761,coarse,380,ClusterChain,2014,374,0,ClusterChain-K0-QCBO-coarse-seed2014,0,83.43405079841614
800,61b4757aedf08761a1b409a464abc581e58d3447b51f0ac6921a8f0b97a8fc51,K0,2249.91862980142,4.128291063855817,QCBO,False,912be55de8182feddea0cd1532a8bd1c8430b94f073d13f82db0c9a2f748b66d,coarse,371,ClusterChain,2015,365,0,ClusterChain-K0-QCBO-coarse-seed2015,0,71.5449230670929
800,61b4757aedf08761a1b409a464abc581e58d3447b51f0ac6921a8f0b97a8fc51,K0,2474.7234919070397,4.540777049370701,QCBO,False,5d9fd61e2ee182e288d0d514b556e4760fc4757b7301e77e5aaf32627beeb6cc,coarse,387,ClusterChain,2016,381,0,ClusterChain-K0-QCBO-coarse-seed2016,0,83.25611186027527
800,61b4757aedf08761a1b409a464abc581e58d3447b51f0ac6921a8f0b97a8fc51,K0,2365.355032346438,4.340100976782435,QCBO,False,5b2b049f5b4017daf29a7a78d17ed92bc3e3aedb65e0303ff4eb4ea144f3646c,coarse,371,ClusterChain,2017,365,0,ClusterChain-K0-QCBO-coarse-seed2017,0,75.7603988647461
800,61b4757aedf08761a1b409a464abc581e58d3447b51f0ac6921a8f0b97a8fc51,K0,2272.7772654765045,4.170233514635797,QCBO,False,9154fe5586f7942914d1916eea26eb4387003c657a24258751653948bda32a6d,coarse,371,ClusterChain,2018,365,0,ClusterChain-K0-QCBO-coarse-seed2018,0,70.53908371925354
800,61b4757aedf08761a1b409a464abc581e58d3447b51f0ac6921a8f0b97a8fc51,K0,3365.1450973654514,6.174578160303616,QCBO,False,83e9fb9bff9bc7a3374c3c958858466d8664e81b2af2f9004769ed2c8518c395,coarse,211,ClusterChain,2019,205,0,ClusterChain-K0-QCBO-coarse-seed2019,0,32.484660387039185
800,61b4757aedf08761a1b409a464abc581e58d3447b51f0ac6921a8f0b97a8fc51,K0,2269.9352734691347,4.165018850402091,QCBO,False,10c3c191ca3043fdb9d4c7da397514c7edc2ecd1b4bc2dcead314a1464d04b80,coarse,193,ClusterChain,2020,187,0,ClusterChain-K0-QCBO-coarse-seed2020,0,25.624083280563354
800,61b4757aedf08761a1b409a464abc581e58d3447b51f0ac6921a8f0b97a8fc51,K0,2240.216303753847,4.110488630741013,QCBO,False,590cfc37db554eba854da8a44f06f14c2f651ef57661bb113be5e123ffd58cc1,coarse,193,ClusterChain,2021,187,0,ClusterChain-K0-QCBO-coarse-seed2021,0,26.089261054992676
800,61b4757aedf08761a1b409a464abc581e58d3447b51f0ac6921a8f0b97a8fc51,K0,2285.622422876849,4.193802610783168,QCBO,False,b2c17da254df57de0e2c08853e94436d4def698bb2e224592c324bc205523ad6,coarse,385,ClusterChain,2022,379,0,ClusterChain-K0-QCBO-coarse-seed2022,0,77.14947509765625
800,61b4757aedf08761a1b409a464abc581e58d3447b51f0ac6921a8f0b97a8fc51,K0,2211.7587544479084,4.058272943941094,QCBO,False,4967e79b0a8b38e37f71458a59e6254412e4b39d4fa1f921a2c826d97e25c07b,coarse,381,ClusterChain,2023,375,0,ClusterChain-K0-QCBO-coarse-seed2023,0,79.39116525650024
800,61b4757aedf08761a1b409a464abc581e58d3447b51f0ac6921a8f0b97a8fc51,K0,2235.563582010796,4.101951526625349,QCBO,False,0267dc97cb9272df77acf56a6d9c3110f3602f3ec410c98a3f1ff0b15953e8c2,coarse,360,ClusterChain,2024,354,0,ClusterChain-K0-QCBO-coarse-seed2024,0,69.41891884803772
800,61b4757aedf08761a1b409a464abc581e58d3447b51f0ac6921a8f0b97a8fc51,K0,3210.201438125285,6.308237159394893,QCBO,False,a794bce8c5badefd4b5b2b3521bd5288ea8ffcaa9b80f15059a9774a6e15de42,coarse,228,ClusterChain,2025,222,0,ClusterChain-K0-QCBO-coarse-seed2025,0,37.74548673629761
800,61b4757aedf08761a1b409a464abc581e58d3447b51f0ac6921a8f0b97a8fc51,K0,3393.460130463351,6.226532349474095,QCBO,False,05eec5770736f39fb005b1b3f15ce6ca148e6b1fb8bd4868fdd388203d05b34a,coarse,263,ClusterChain,2026,257,0,ClusterChain-K0-QCBO-coarse-seed2026,0,43.45664143562317
800,61b4757aedf08761a1b409a464abc581e58d3447b51f0ac6921a8f0b97a8fc51,K0,3438.178260705,6.201006614510563,QCBO,False,47e059e99a0b7db59c311f7900cc0770b7e5f8d519a94d695bc670363f41ae66,coarse,217,ClusterChain,2027,211,0,ClusterChain-K0-QCBO-coarse-seed2027,0,39.063068866729736
800,61b4757aedf08761a1b409a464abc581e58d3447b51f0ac6921a8f0b97a8fc51,K0,2257.951650444991,3.980046117884191,QCBO,False,d22607fb3381b1c4680148caff3e6767295e7cc47517fcfbe77cfbd14024bd76,coarse,189,ClusterChain,2028,183,0,ClusterChain-K0-QCBO-coarse-seed2028,0,24.589734077453613
800,61b4757aedf08761a1b409a464abc581e58d3447b51f0ac6921a8f0b97a8fc51,K0,2338.3398111942333,4.290531763659129,QCBO,False,14f4cf24ab7e335499157d74957e25950e243ec7632616fb156f8ed3508f7554,coarse,349,ClusterChain,2029,343,0,ClusterChain-K0-QCBO-coarse-seed2029,0,56.97068905830383
800,61b4757aedf08761a1b409a464abc581e58d3447b51f0ac6921a8f0b97a8fc51,K0,1844.336790546276,3.383522180705958,QCBO,False,824a6f9ec605719a637b2435aeffcd555ddc0717596f74c23d1ac49d99ada861,pairs,390,ClusterChain,2000,376,0,ClusterChain-K0-QCBO-pairs-seed2000,0,114.95189070701599
800,61b4757aedf08761a1b409a464abc581e58d3447b51f0ac6921a8f0b97a8fc51,K0,1975.2405884521093,3.636120600676137,QCBO,False,be076d17e6d9d71b37e4e21200427bbde9884fa5754bca5e4ed0ca5c84bf21d6,pairs,382,ClusterChain,2001,368,0,ClusterChain-K0-QCBO-pairs-seed2001,0,116.72036719322205
800,61b4757aedf08761a1b409a464abc581e58d3447b51f0ac6921a8f0b97a8fc51,K0,1286.0716227514442,2.3649180017095994,QCBO,False,7436ed13bb4ee27fd877abf7dfc3029231cb144633a0023d7d67d0384aac5fbe,pairs,262,ClusterChain,2002,248,0,ClusterChain-K0-QCBO-pairs-seed2002,0,67.25517177581787
800,61b4757aedf08761a1b409a464abc581e58d3447b51f0ac6921a8f0b97a8fc51,K0,2127.399460223404,3.9014664482498693,QCBO,False,c9b80e0f7fad265a33e596f9743e2e1993a19241fa8e1ab6672b9bc4e43e85ab,pairs,380,ClusterChain,2003,366,0,ClusterChain-K0-QCBO-pairs-seed2003,0,147.3049099445343
800,61b4757aedf08761a1b409a464abc581e58d3447b51f0ac6921a8f0b97a8fc51,K0,1374.713725921879,2.1230765114740766,QCBO,False,b593e559d7b1a7591cb2f5ef21262f3f5e310fa5562b45fd5bd1ba67c6df093d,pairs,228,ClusterChain,2004,214,0,ClusterChain-K0-QCBO-pairs-seed2004,0,62.49973511695862
800,61b4757aedf08761a1b409a464abc581e58d3447b51f0ac6921a8f0b97a8fc51,K0,641.3778067549475,1.207769661931384,QCBO,False,0a15fe67250e612e5fa9b4005617dc322bc8dd2e14b49b818fe381bf4c29ff62,pairs,217,ClusterChain,2005,203,0,ClusterChain-K0-QCBO-pairs-seed2005,0,55.887959718704224
800,61b4757aedf08761a1b409a464abc581e58d3447b51f0ac6921a8f0b97a8fc51,K0,1861.9605458599383,3.4164413685503754,QCBO,False,fd74f4d6e078e0c0a35a2da1ebcf1f77e1d01817de7365a426ddeb0fc3fc871c,pairs,365,ClusterChain,2006,351,0,ClusterChain-K0-QCBO-pairs-seed2006,0,113.38473844528198
800,61b4757aedf08761a1b409a464abc581e58d3447b51f0ac6921a8f0b97a8fc51,K0,1838.6534370869888,3.373676031352296,QCBO,False,f6896e78e02858704264bc25b2a24ef4d620c4d9476617c7f998dd9781b4ac63,pairs,384,ClusterChain,2007,370,0,ClusterChain-K0-QCBO-pairs-seed2007,0,121.83049869537354
800,61b4757aedf08761a1b409a464abc581e58d3447b51f0ac6921a8f0b97a8fc51,K0,656.6464404343832,1.201461208342296,QCBO,False,758a747718c03a83b8646e5d1996faccd749d92203d857fad9069b04d30ccfba,pairs,257,ClusterChain,2008,243,0,ClusterChain-K0-QCBO-pairs-seed2008,0,63.29132294654846
800,61b4757aedf08761a1b409a464abc581e58d3447b51f0ac6921a8f0b97a8fc51,K0,831.644664763576,1.2702493349902675,QCBO,False,bdb43d33eb86b6a64d29689549e07e25211733b582507c5fad66e2b2ac69304b,pairs,208,ClusterChain,2009,194,0,ClusterChain-K0-QCBO-pairs-seed2009,0,52.23234009742737
800,61b4757aedf08761a1b409a464abc581e58d3447b51f0ac6921a8f0b97a8fc51,K0,1852.616861797247,3.2521566532077397,QCBO,False,9e0270130158fc69946e86d28dbde6ae51a7a9525fa35a13d0b22176b1506367,pairs,385,ClusterChain,2010,371,0,ClusterChain-K0-QCBO-pairs-seed2010,0,107.21467423439026
800,61b4757aedf08761a1b409a464abc581e58d3447b51f0ac6921a8f0b97a8fc51,K0,1022.6175036367429,1.8551492615228324,QCBO,False,7cbf5572eefc4077d0d8e8a6782d65076cc08c3fa88683b27ef0faf75f77d99b,pairs,279,ClusterChain,2011,265,0,ClusterChain-K0-QCBO-pairs-seed2011,0,82.36501669883728
800,61b4757aedf08761a1b409a464abc581e58d3447b51f0ac6921a8f0b97a8fc51,K0,681.1333241914259,1.2309479375711923,QCBO,False,6780560e1ffa1447df6054ad8e8e4d72b284ae8e1c8ab5fb5e2227361977d92b,pairs,245,ClusterChain,2012,231,0,ClusterChain-K0-QCBO-pairs-seed2012,0,60.67355298995972
800,61b4757aedf08761a1b409a464abc581e58d3447b51f0ac6921a8f0b97a8fc51,K0,1871.5128109247512,3.4307895946859466,QCBO,False,37eb6f49f5f3fd9b7935a0e93d50c74df20901b5a65b877368c13e0bfa8e145f,pairs,357,ClusterChain,2013,343,0,ClusterChain-K0-QCBO-pairs-seed2013,0,138.206200838089
800,61b4757aedf08761a1b409a464abc581e58d3447b51f0ac6921a8f0b97a8fc51,K0,657.7511191033689,1.1131649578033915,QCBO,False,cf65ba8c94d0e5b9785918366c13cb8469db1c22ab45b99e073c654ebbe7a761,pairs,263,ClusterChain,2014,249,0,ClusterChain-K0-QCBO-pairs-seed2014,0,61.15272402763367
800,61b4757aedf08761a1b409a464abc581e58d3447b51f0ac6921a8f0b97a8fc51,K0,818.5846650706003,1.5019902111387076,QCBO,False,912be55de8182feddea0cd1532a8bd1c8430b94f073d13f82db0c9a2f748b66d,pairs,240,ClusterChain,2015,226,0,ClusterChain-K0-QCBO-pairs-seed2015,0,67.1768581867218
800,61b4757aedf08761a1b409a464abc581e58d3447b51f0ac6921a8f0b97a8fc51,K0,2126.6530288024237,3.923205596070021,QCBO,False,5d9fd61e2ee182e288d0d514b556e4760fc4757b7301e77e5aaf32627beeb6cc,pairs,369,ClusterChain,2016,355,0,ClusterChain-K0-QCBO-pairs-seed2016,0,138.02571940422058
800,61b4757aedf08761a1b409a464abc581e58d3447b51f0ac6921a8f0b97a8fc51,K0,2402.2257845788263,4.404532061713901,QCBO,False,5b2b049f5b4017daf29a7a78d17ed92bc3e3aedb65e0303ff4eb4ea144f3646c,pairs,365,ClusterChain,2017,351,0,ClusterChain-K0-QCBO-pairs-seed2017,0,108.4182300567627
800,61b4757aedf08761a1b409a464abc581e58d3447b51f0ac6921a8f0b97a8fc51,K0,765.5208959798787,1.2140760904232062,QCBO,False,9154fe5586f7942914d1916eea26eb4387003c657a24258751653948bda32a6d,pairs,210,ClusterChain,2018,196,0,ClusterChain-K0-QCBO-pairs-seed2018,0,52.95512390136719
800,61b4757aedf08761a1b409a464abc581e58d3447b51f0ac6921a8f0b97a8fc51,K0,1775.9295348692697,3.2598052283590633,QCBO,False,83e9fb9bff9bc7a3374c3c958858466d8664e81b2af2f9004769ed2c8518c395,pairs,387,ClusterChain,2019,373,0,ClusterChain-K0-QCBO-pairs-seed2019,0,110.049978017807
800,61b4757aedf08761a1b409a464abc581e58d3447b51f0ac6921a8f0b97a8fc51,K0,619.6511728173238,1.1369746290226135,QCBO,False,10c3c191ca3043fdb9d4c7da397514c7edc2ecd1b4bc2dcead314a1464d04b80,pairs,245,ClusterChain,2020,231,0,ClusterChain-K0-QCBO-pairs-seed2020,0,55.2527756690979
800,61b4757aedf08761a1b409a464abc581e58d3447b51f0ac6921a8f0b97a8fc51,K0,874.4264694945052,1.544617090124895,QCBO,False,590cfc37db554eba854da8a44f06f14c2f651ef57661bb113be5e123ffd58cc1,pairs,228,ClusterChain,2021,214,0,ClusterChain-K0-QCBO-pairs-seed2021,0,61.10918951034546
800,61b4757aedf08761a1b409a464abc581e58d3447b51f0ac6921a8f0b97a8fc51,K0,1773.0613679731714,3.2520270275524745,QCBO,False,b2c17da254df57de0e2c08853e94436d4def698bb2e224592c324bc205523ad6,pairs,375,ClusterChain,2022,361,0,ClusterChain-K0-QCBO-pairs-seed2022,0,136.6987488269806
800,61b4757aedf08761a1b409a464abc581e58d3447b51f0ac6921a8f0b97a8fc51,K0,630.3238999121879,1.120556512139787,QCBO,False,4967e79b0a8b38e37f71458a59e6254412e4b39d4fa1f921a2c826d97e25c07b,pairs,253,ClusterChain,2023,239,0,ClusterChain-K0-QCBO-pairs-seed2023,0,61.04619216918945
800,61b4757aedf08761a1b409a464abc581e58d3447b51f0ac6921a8f0b97a8fc51,K0,678.2846640353913,1.145799170887633,QCBO,False,0267dc97cb9272df77acf56a6d9c3110f3602f3ec410c98a3f1ff0b15953e8c2,pairs,261,ClusterChain,2024,247,0,ClusterChain-K0-QCBO-pairs-seed2024,0,66.52553796768188
800,61b4757aedf08761a1b409a464abc581e58d3447b51f0ac6921a8f0b97a8fc51,K0,1342.1404588404375,1.959480520841259,QCBO,False,a794bce8c5badefd4b5b2b3521bd5288ea8ffcaa9b80f15059a9774a6e15de42,pairs,263,ClusterChain,2025,249,0,ClusterChain-K0-QCBO-pairs-seed2025,0,82.09978199005127
800,61b4757aedf08761a1b409a464abc581e58d3447b51f0ac6921a8f0b97a8fc51,K0,2444.5536762435377,4.422533140626033,QCBO,False,05eec5770736f39fb005b1b3f15ce6ca148e6b1fb8bd4868fdd388203d05b34a,pairs,384,ClusterChain,2026,370,0,ClusterChain-K0-QCBO-pairs-seed2026,0,135.05976486206055
800,61b4757aedf08761a1b409a464abc581e58d3447b51f0ac6921a8f0b97a8fc51,K0,1775.0207085308373,3.252029541609051,QCBO,False,47e059e99a0b7db59c311f7900cc0770b7e5f8d519a94d695bc670363f41ae66,pairs,374,ClusterChain,2027,360,0,ClusterChain-K0-QCBO-pairs-seed2027,0,116.05801010131836
800,61b4757aedf08761a1b409a464abc581e58d3447b51f0ac6921a8f0b97a8fc51,K0,1780.9017293910376,3.267709595212927,QCBO,False,d22607fb3381b1c4680148caff3e6767295e7cc47517fcfbe77cfbd14024bd76,pairs,384,ClusterChain,2028,370,0,ClusterChain-K0-QCBO-pairs-seed2028,0,122.15944480895996
800,61b4757aedf08761a1b409a464abc581e58d3447b51f0ac6921a8f0b97a8fc51,K0,1566.7369223893172,1.2609020386416134,QCBO,False,14f4cf24ab7e335499157d74957e25950e243ec7632616fb156f8ed3508f7554,pairs,206,ClusterChain,2029,192,0,ClusterChain-K0-QCBO-pairs-seed2029,0,58.268171310424805
800,61b4757aedf08761a1b409a464abc581e58d3447b51f0ac6921a8f0b97a8fc51,K1,42.16087941588628,0.06402491139337793,CBO-matched,False,824a6f9ec605719a637b2435aeffcd555ddc0717596f74c23d1ac49d99ada861,alt,260,ClusterChain,2000,230,0,ClusterChain-K1-CBO-matched-alt-seed2000,0,105.62124562263489
800,61b4757aedf08761a1b409a464abc581e58d3447b51f0ac6921a8f0b97a8fc51,K1,70.14475401690599,0.11771340105236575,CBO-matched,False,be076d17e6d9d71b37e4e21200427bbde9884fa5754bca5e4ed0ca5c84bf21d6,alt,256,ClusterChain,2001,226,0,ClusterChain-K1-CBO-matched-alt-seed2001,0,115.10530352592468
800,61b4757aedf08761a1b409a464abc581e58d3447b51f0ac6921a8f0b97a8fc51,K1,983.5883547017435,0.8172249177378783,CBO-matched,False,7436ed13bb4ee27fd877abf7dfc3029231cb144633a0023d7d67d0384aac5fbe,alt,196,ClusterChain,2002,166,0,ClusterChain-K1-CBO-matched-alt-seed2002,0,125.17033743858337
800,61b4757aedf08761a1b409a464abc581e58d3447b51f0ac6921a8f0b97a8fc51,K1,1706.9541748175404,1.6912473360344742,CBO-matched,False,c9b80e0f7fad265a33e596f9743e2e1993a19241fa8e1ab6672b9bc4e43e85ab,alt,247,ClusterChain,2003,217,0,ClusterChain-K1-CBO-matched-alt-seed2003,0,146.53226733207703
800,61b4757aedf08761a1b409a464abc581e58d3447b51f0ac6921a8f0b97a8fc51,K1,1628.1165947240918,2.656213560289446,CBO-matched,False,b593e559d7b1a7591cb2f5ef21262f3f5e310fa5562b45fd5bd1ba67c6df093d,alt,230,ClusterChain,2004,200,0,ClusterChain-K1-CBO-matched-alt-seed2004,0,124.61020755767822
800,61b4757aedf08761a1b409a464abc581e58d3447b51f0ac6921a8f0b97a8fc51,K1,1950.5040616933957,3.4039081998664895,CBO-matched,False,0a15fe67250e612e5fa9b4005617dc322bc8dd2e14b49b818fe381bf4c29ff62,alt,258,ClusterChain,2005,228,0,ClusterChain-K1-CBO-matched-alt-seed2005,0,146.3783574104309
800,61b4757aedf08761a1b409a464abc581e58d3447b51f0ac6921a8f0b97a8fc51,K1,255.58250765104722,0.060928633695979416,CBO-matched,False,fd74f4d6e078e0c0a35a2da1ebcf1f77e1d01817de7365a426ddeb0fc3fc871c,alt,206,ClusterChain,2006,176,0,ClusterChain-K1-CBO-matched-alt-seed2006,0,124.22888422012329
800,61b4757aedf08761a1b409a464abc581e58d3447b51f0ac6921a8f0b97a8fc51,K1,496.62270158983694,0.1295342235706899,CBO-matched,False,f6896e78e02858704264bc25b2a24ef4d620c4d9476617c7f998dd9781b4ac63,alt,240,ClusterChain,2007,210,0,ClusterChain-K1-CBO-matched-alt-seed2007,0,106.19164037704468
800,61b4757aedf08761a1b409a464abc581e58d3447b51f0ac6921a8f0b97a8fc51,K1,269.6037443540112,0.10850820517162738,CBO-matched,False,758a747718c03a83b8646e5d1996faccd749d92203d857fad9069b04d30ccfba,alt,258,ClusterChain,2008,228,0,ClusterChain-K1-CBO-matched-alt-seed2008,0,104.46047019958496
800,61b4757aedf08761a1b409a464abc581e58d3447b51f0ac6921a8f0b97a8fc51,K1,1255.798636398696,1.8065844556943529,CBO-matched,False,bdb43d33eb86b6a64d29689549e07e25211733b582507c5fad66e2b2ac69304b,alt,219,ClusterChain,2009,189,0,ClusterChain-K1-CBO-matched-alt-seed2009,0,91.44454550743103
800,61b4757aedf08761a1b409a464abc581e58d3447b51f0ac6921a8f0b97a8fc51,K1,549.6597822853298,0.6530286831343095,CBO-matched,False,9e0270130158fc69946e86d28dbde6ae51a7a9525fa35a13d0b22176b1506367,alt,227,ClusterChain,2010,197,0,ClusterChain-K1-CBO-matched-alt-seed2010,0,102.79423522949219
800,61b4757aedf08761a1b409a464abc581e58d3447b51f0ac6921a8f0b97a8fc51,K1,178.03179586969182,0.04978399131991625,CBO-matched,False,7cbf5572eefc4077d0d8e8a6782d65076cc08c3fa88683b27ef0faf75f77d99b,alt,212,ClusterChain,2011,182,0,ClusterChain-K1-CBO-matched-alt-seed2011,0,100.22043490409851
800,61b4757aedf08761a1b409a464abc581e58d3447b51f0ac6921a8f0b97a8fc51,K1,590.1395352238948,0.12967900957825762,CBO-matched,False,6780560e1ffa1447df6054ad8e8e4d72b284ae8e1c8ab5fb5e2227361977d92b,alt,209,ClusterChain,2012,179,0,ClusterChain-K1-CBO-matched-alt-seed2012,0,107.82707929611206
800,61b4757aedf08761a1b409a464abc581e58d3447b51f0ac6921a8f0b97a8fc51,K1,2188.736529480605,3.3730431119202136,CBO-matched,False,37eb6f49f5f3fd9b7935a0e93d50c74df20901b5a65b877368c13e0bfa8e145f,alt,311,ClusterChain,2013,281,0,ClusterChain-K1-CBO-matched-alt-seed2013,0,220.17618107795715
800,61b4757aedf08761a1b409a464abc581e58d3447b51f0ac6921a8f0b97a8fc51,K1,249.50237224941046,0.30882342643812166,CBO-matched,False,cf65ba8c94d0e5b9785918366c13cb8469db1c22ab45b99e073c654ebbe7a761,alt,244,ClusterChain,2014,214,0,ClusterChain-K1-CBO-matched-alt-seed2014,0,101.88045954704285
800,61b4757aedf08761a1b409a464abc581e58d3447b51f0ac6921a8f0b97a8fc51,K1,350.4450136158356,0.061967456847958936,CBO-matched,False,912be55de8182feddea0cd1532a8bd1c8430b94f073d13f82db0c9a2f748b66d,alt,205,ClusterChain,2015,175,0,ClusterChain-K1-CBO-matched-alt-seed2015,0,101.06942057609558
800,61b4757aedf08761a1b409a464abc581e58d3447b51f0ac6921a8f0b97a8fc51,K1,2175.1500871625235,2.383674556132455,CBO-matched,False,5d9fd61e2ee182e288d0d514b556e4760fc4757b7301e77e5aaf32627beeb6cc,alt,257,ClusterChain,2016,227,0,ClusterChain-K1-CBO-matched-alt-seed2016,0,152.77290892601013
800,61b4757aedf08761a1b409a464abc581e58d3447b51f0ac6921a8f0b97a8fc51,K1,2089.856866239595,2.41344063263608,CBO-matched,False,5b2b049f5b4017daf29a7a78d17ed92bc3e3aedb65e0303ff4eb4ea144f3646c,alt,290,ClusterChain,2017,260,0,ClusterChain-K1-CBO-matched-alt-seed2017,0,152.11277318000793
800,61b4757aedf08761a1b409a464abc581e58d3447b51f0ac6921a8f0b97a8fc51,K1,1135.6118328329278,2.012706727357842,CBO-matched,False,9154fe5586f7942914d1916eea26eb4387003c657a24258751653948bda32a6d,alt,211,ClusterChain,2018,181,0,ClusterChain-K1-CBO-matched-alt-seed2018,0,108.54596900939941
800,61b4757aedf08761a1b409a464abc581e58d3447b51f0ac6921a8f0b97a8fc51,K1,345.70462650556294,0.40611620187848274,CBO-matched,False,83e9fb9bff9bc7a3374c3c958858466d8664e81b2af2f9004769ed2c8518c395,alt,184,ClusterChain,2019,154,0,ClusterChain-K1-CBO-matched-alt-seed2019,0,108.73028707504272
800,61b4757aedf08761a1b409a464abc581e58d3447b51f0ac6921a8f0b97a8fc51,K1,558.4734684762369,0.36965597913561954,CBO-matched,False,10c3c191ca3043fdb9d4c7da397514c7edc2ecd1b4bc2dcead314a1464d04b80,alt,212,ClusterChain,2020,182,0,ClusterChain-K1-CBO-matched-alt-seed2020,0,94.02682185173035
800,61b4757aedf08761a1b409a464abc581e58d3447b51f0ac6921a8f0b97a8fc51,K1,820.8100543290886,0.34220750106038916,CBO-matched,False,590cfc37db554eba854da8a44f06f14c2f651ef57661bb113be5e123ffd58cc1,alt,193,ClusterChain,2021,163,0,ClusterChain-K1-CBO-matched-alt-seed2021,0,101.68564319610596
800,61b4757aedf08761a1b409a464abc581e58d3447b51f0ac6921a8f0b97a8fc51,K1,2089.119390523481,3.3784034317786658,CBO-matched,False,b2c17da254df57de0e2c08853e94436d4def698bb2e224592c324bc205523ad6,alt,330,ClusterChain,2022,300,0,ClusterChain-K1-CBO-matched-alt-seed2022,0,200.02773761749268
800,61b4757aedf08761a1b409a464abc581e58d3447b51f0ac6921a8f0b97a8fc51,K1,756.8806909172997,0.05101554698422008,CBO-matched,False,4967e79b0a8b38e37f71458a59e6254412e4b39d4fa1f921a2c826d97e25c07b,alt,216,ClusterChain,2023,186,0,ClusterChain-K1-CBO-matched-alt-seed2023,0,110.28399157524109
800,61b4757aedf08761a1b409a464abc581e58d3447b51f0ac6921a8f0b97a8fc51,K1,727.9539969128089,1.3105482970223792,CBO-matched,False,0267dc97cb9272df77acf56a6d9c3110f3602f3ec410c98a3f1ff0b15953e8c2,alt,210,ClusterChain,2024,180,0,ClusterChain-K1-CBO-matched-alt-seed2024,0,127.45029830932617
800,61b4757aedf08761a1b409a464abc581e58d3447b51f0ac6921a8f0b97a8fc51,K1,1908.4417326742716,3.5017279498610163,CBO-matched,False,a794bce8c5badefd4b5b2b3521bd5288ea8ffcaa9b80f15059a9774a6e15de42,alt,247,ClusterChain,2025,217,0,ClusterChain-K1-CBO-matched-alt-seed2025,0,148.34987592697144
800,61b4757aedf08761a1b409a464abc581e58d3447b51f0ac6921a8f0b97a8fc51,K1,1850.7333000488538,2.0355584281537387,CBO-matched,False,05eec5770736f39fb005b1b3f15ce6ca148e6b1fb8bd4868fdd388203d05b34a,alt,214,ClusterChain,2026,184,0,ClusterChain-K1-CBO-matched-alt-seed2026,0,111.94503045082092
800,61b4757aedf08761a1b409a464abc581e58d3447b51f0ac6921a8f0b97a8fc51,K1,1234.3976181587846,2.2926779727439213,CBO-matched,False,47e059e99a0b7db59c311f7900cc0770b7e5f8d519a94d695bc670363f41ae66,alt,263,ClusterChain,2027,233,0,ClusterChain-K1-CBO-matched-alt-seed2027,0,127.28756737709045
800,61b4757aedf08761a1b409a464abc581e58d3447b51f0ac6921a8f0b97a8fc51,K1,1243.8072614861446,2.25648353696394,CBO-matched,False,d22607fb3381b1c4680148caff3e6767295e7cc47517fcfbe77cfbd14024bd76,alt,249,ClusterChain,2028,219,0,ClusterChain-K1-CBO-matched-alt-seed2028,0,120.21584367752075
800,61b4757aedf08761a1b409a464abc581e58d3447b51f0ac6921a8f0b97a8fc51,K1,1083.574404327623,1.9620915946449355,CBO-matched,False,14f4cf24ab7e335499157d74957e25950e243ec7632616fb156f8ed3508f7554,alt,205,ClusterChain,2029,175,0,ClusterChain-K1-CBO-matched-alt-seed2029,0,125.08047103881836
800,61b4757aedf08761a1b409a464abc581e58d3447b51f0ac6921a8f0b97a8fc51,K1,2206.6886865687025,4.0489700670985425,CBO-matched,False,824a6f9ec605719a637b2435aeffcd555ddc0717596f74c23d1ac49d99ada861,coarse,387,ClusterChain,2000,381,0,ClusterChain-K1-CBO-matched-coarse-seed2000,0,81.25213265419006
800,61b4757aedf08761a1b409a464abc581e58d3447b51f0ac6921a8f0b97a8fc51,K1,2364.276045458887,4.338121184328216,CBO-matched,False,be076d17e6d9d71b37e4e21200427bbde9884fa5754bca5e4ed0ca5c84bf21d6,coarse,382,ClusterChain,2001,376,0,ClusterChain-K1-CBO-matched-coarse-seed2001,0,80.66523623466492
800,61b4757aedf08761a1b409a464abc581e58d3447b51f0ac6921a8f0b97a8fc51,K1,2313.333884766286,4.244649329846403,CBO-matched,False,7436ed13bb4ee27fd877abf7dfc3029231cb144633a0023d7d67d0384aac5fbe,coarse,375,ClusterChain,2002,369,0,ClusterChain-K1-CBO-matched-coarse-seed2002,0,76.36709189414978
800,61b4757aedf08761a1b409a464abc581e58d3447b51f0ac6921a8f0b97a8fc51,K1,2282.369746742866,4.190635457834299,CBO-matched,False,c9b80e0f7fad265a33e596f9743e2e1993a19241fa8e1ab6672b9bc4e43e85ab,coarse,365,ClusterChain,2003,359,0,ClusterChain-K1-CBO-matched-coarse-seed2003,0,68.59782004356384
800,61b4757aedf08761a1b409a464abc581e58d3447b51f0ac6921a8f0b97a8fc51,K1,2177.9225073916064,3.996188086957078,CBO-matched,False,b593e559d7b1a7591cb2f5ef21262f3f5e310fa5562b45fd5bd1ba67c6df093d,coarse,376,ClusterChain,2004,370,0,ClusterChain-K1-CBO-matched-coarse-seed2004,0,78.93795585632324
800,61b4757aedf08761a1b409a464abc581e58d3447b51f0ac6921a8f0b97a8fc51,K1,2320.8674052803726,4.258472303266751,CBO-matched,False,0a15fe67250e612e5fa9b4005617dc322bc8dd2e14b49b818fe381bf4c29ff62,coarse,200,ClusterChain,2005,194,0,ClusterChain-K1-CBO-matched-coarse-seed2005,0,31.236902475357056
800,61b4757aedf08761a1b409a464abc581e58d3447b51f0ac6921a8f0b97a8fc51,K1,2645.733588498751,4.081402543550821,CBO-matched,False,fd74f4d6e078e0c0a35a2da1ebcf1f77e1d01817de7365a426ddeb0fc3fc871c,coarse,313,ClusterChain,2006,307,0,ClusterChain-K1-CBO-matched-coarse-seed2006,0,48.96157789230347
800,61b4757aedf08761a1b409a464abc581e58d3447b51f0ac6921a8f0b97a8fc51,K1,2512.6129769370377,4.61029904025143,CBO-matched,False,f6896e78e02858704264bc25b2a24ef4d620c4d9476617c7f998dd9781b4ac63,coarse,199,ClusterChain,2007,193,0,ClusterChain-K1-CBO-matched-coarse-seed2007,0,30.659257888793945
800,61b4757aedf08761a1b409a464abc581e58d3447b51f0ac6921a8f0b97a8fc51,K1,2215.369417765961,4.0224365394158355,CBO-matched,False,758a747718c03a83b8646e5d1996faccd749d92203d857fad9069b04d30ccfba,coarse,297,ClusterChain,2008,291,0,ClusterChain-K1-CBO-matched-coarse-seed2008,0,38.083484411239624
800,61b4757aedf08761a1b409a464abc581e58d3447b51f0ac6921a8f0b97a8fc51,K1,3355.850191463327,6.136502216229997,CBO-matched,False,bdb43d33eb86b6a64d29689549e07e25211733b582507c5fad66e2b2ac69304b,coarse,223,ClusterChain,2009,217,0,ClusterChain-K1-CBO-matched-coarse-seed2009,0,39.758140087127686
800,61b4757aedf08761a1b409a464abc581e58d3447b51f0ac6921a8f0b97a8fc51,K1,2378.2564020190493,4.034279486660185,CBO-matched,False,9e0270130158fc69946e86d28dbde6ae51a7a9525fa35a13d0b22176b1506367,coarse,195,ClusterChain,2010,189,0,ClusterChain-K1-CBO-matched-coarse-seed2010,0,25.518824577331543
800,61b4757aedf08761a1b409a464abc581e58d3447b51f0ac6921a8f0b97a8fc51,K1,2251.049434124017,4.130365934172551,CBO-matched,False,7cbf5572eefc4077d0d8e8a6782d65076cc08c3fa88683b27ef0faf75f77d99b,coarse,357,ClusterChain,2011,351,0,ClusterChain-K1-CBO-matched-coarse-seed2011,0,60.93921208381653
800,61b4757aedf08761a1b409a464abc581e58d3447b51f0ac6921a8f0b97a8fc51,K1,3344.545790327047,6.122965806042748,CBO-matched,False,6780560e1ffa1447df6054ad8e8e4d72b284ae8e1c8ab5fb5e2227361977d92b,coarse,239,ClusterChain,2012,233,0,ClusterChain-K1-CBO-matched-coarse-seed2012,0,38.929678440093994
800,61b4757aedf08761a1b409a464abc581e58d3447b51f0ac6921a8f0b97a8fc51,K1,2168.0401664067545,3.978055351205037,CBO-matched,False,37eb6f49f5f3fd9b7935a0e93d50c74df20901b5a65b877368c13e0bfa8e145f,coarse,324,ClusterChain,2013,318,0,ClusterChain-K1-CBO-matched-coarse-seed2013,0,52.008548736572266
800,61b4757aedf08761a1b409a464abc581e58d3447b51f0ac6921a8f0b97a8fc51,K1,2298.967652110726,4.218289269927947,CBO-matched,False,cf65ba8c94d0e5b9785918366c13cb8469db1c22ab45b99e073c654ebbe7a761,coarse,380,ClusterChain,2014,374,0,ClusterChain-K1-CBO-matched-coarse-seed2014,0,80.15763020515442
800,61b4757aedf08761a1b409a464abc581e58d3447b51f0ac6921a8f0b97a8fc51,K1,2249.91862980142,4.128291063855817,CBO-matched,False,912be55de8182feddea0cd1532a8bd1c8430b94f073d13f82db0c9a2f748b66d,coarse,371,ClusterChain,2015,365,0,ClusterChain-K1-CBO-matched-coarse-seed2015,0,69.60772824287415
800,61b4757aedf08761a1b409a464abc581e58d3447b51f0ac6921a8f0b97a8fc51,K1,2474.7234919070397,4.540777049370701,CBO-matched,False,5d9fd61e2ee182e288d0d514b556e4760fc4757b7301e77e5aaf32627beeb6cc,coarse,387,ClusterChain,2016,381,0,ClusterChain-K1-CBO-matched-coarse-seed2016,0,81.74399876594543
800,61b4757aedf08761a1b409a464abc581e58d3447b51f0ac6921a8f0b97a8fc51,K1,2365.355032346438,4.340100976782435,CBO-matched,False,5b2b049f5b4017daf29a7a78d17ed92bc3e3aedb65e0303ff4eb4ea144f3646c,coarse,371,ClusterChain,2017,365,0,ClusterChain-K1-CBO-matched-coarse-seed2017,0,75.71392607688904
800,61b4757aedf08761a1b409a464abc581e58d3447b51f0ac6921a8f0b97a8fc51,K1,2272.7772654765045,4.170233514635797,CBO-matched,False,9154fe5586f7942914d1916eea26eb4387003c657a24258751653948bda32a6d,coarse,371,ClusterChain,2018,365,0,ClusterChain-K1-CBO-matched-coarse-seed2018,0,70.6706109046936
800,61b4757aedf08761a1b409a464abc581e58d3447b51f0ac6921a8f0b97a8fc51,K1,3365.1450973654514,6.174578160303616,CBO-matched,False,83e9fb9bff9bc7a3374c3c958858466d8664e81b2af2f9004769ed2c8518c395,coarse,211,ClusterChain,2019,205,0,ClusterChain-K1-CBO-matched-coarse-seed2019,0,32.5643048286438
800,61b4757aedf08761a1b409a464abc581e58d3447b51f0ac6921a8f0b97a8fc51,K1,2269.9352734691347,4.165018850402091,CBO-matched,False,10c3c191ca3043fdb9d4c7da397514c7edc2ecd1b4bc2dcead314a1464d04b80,coarse,193,ClusterChain,2020,187,0,ClusterChain-K1-CBO-matched-coarse-seed2020,0,26.09719729423523
800,61b4757aedf08761a1b409a464abc581e58d3447b51f0ac6921a8f0b97a8fc51,K1,2240.216303753847,4.110488630741013,CBO-matched,False,590cfc37db554eba854da8a44f06f14c2f651ef57661bb113be5e123ffd58cc1,coarse,193,ClusterChain,2021,187,0,ClusterChain-K1-CBO-matched-coarse-seed2021,0,26.69988250732422
800,61b4757aedf08761a1b409a464abc581e58d3447b51f0ac6921a8f0b97a8fc51,K1,2285.622422876849,4.193802610783168,CBO-matched,False,b2c17da254df57de0e2c08853e94436d4def698bb2e224592c324bc205523ad6,coarse,385,ClusterChain,2022,379,0,ClusterChain-K1-CBO-matched-coarse-seed2022,0,77.61348509788513
800,61b4757aedf08761a1b409a464abc581e58d3447b51f0ac6921a8f0b97a8fc51,K1,2211.7587544479084,4.058272943941094,CBO-matched,False,4967e79b0a8b38e37f71458a59e6254412e4b39d4fa1f921a2c826d97e25c07b,coarse,381,ClusterChain,2023,375,0,ClusterChain-K1-CBO-matched-coarse-seed2023,0,77.35691714286804
800,61b4757aedf08761a1b409a464abc581e58d3447b51f0ac6921a8f0b97a8fc51,K1,2235.563582010796,4.101951526625349,CBO-matched,False,0267dc97cb9272df77acf56a6d9c3110f3602f3ec410c98a3f1ff0b15953e8c2,coarse,360,ClusterChain,2024,354,0,ClusterChain-K1-CBO-matched-coarse-seed2024,0,67.87646913528442
800,61b4757aedf08761a1b409a464abc581e58d3447b51f0ac6921a8f0b97a8fc51,K1,3210.201438125285,6.308237159394893,CBO-matched,False,a794bce8c5badefd4b5b2b3521bd5288ea8ffcaa9b80f15059a9774a6e15de42,coarse,228,ClusterChain,2025,222,0,ClusterChain-K1-CBO-matched-coarse-seed2025,0,38.239712715148926
800,61b4757aedf08761a1b409a464abc581e58d3447b51f0ac6921a8f0b97a8fc51,K1,3393.460130463351,6.226532349474095,CBO-matched,False,05eec5770736f39fb005b1b3f15ce6ca148e6b1fb8bd4868fdd388203d05b34a,coarse,263,ClusterChain,2026,257,0,ClusterChain-K1-CBO-matched-coarse-seed2026,0,43.43031930923462
800,61b4757aedf08761a1b409a464abc581e58d3447b51f0ac6921a8f0b97a8fc51,K1,3438.178260705,6.201006614510563,CBO-matched,False,47e059e99a0b7db59c311f7900cc0770b7e5f8d519a94d695bc670363f41ae66,coarse,217,ClusterChain,2027,211,0,ClusterChain-K1-CBO-matched-coarse-seed2027,0,39.620763540267944
800,61b4757aedf08761a1b409a464abc581e58d3447b51f0ac6921a8f0b97a8fc51,K1,2257.951650444991,3.980046117884191,CBO-matched,False,d22607fb3381b1c4680148caff3e6767295e7cc47517fcfbe77cfbd14024bd76,coarse,189,ClusterChain,2028,183,0,ClusterChain-K1-CBO-matched-coarse-seed2028,0,24.371883392333984
800,61b4757aedf08761a1b409a464abc581e58d3447b51f0ac6921a8f0b97a8fc51,K1,2338.3398111942333,4.290531763659129,CBO-matched,False,14f4cf24ab7e335499157d74957e25950e243ec7632616fb156f8ed3508f7554,coarse,349,ClusterChain,2029,343,0,ClusterChain-K1-CBO-matched-coarse-seed2029,0,58.316298961639404
800,61b4757aedf08761a1b409a464abc581e58d3447b51f0ac6921a8f0b97a8fc51,K1,1788.0067869218226,3.281669069620267,CBO-matched,False,824a6f9ec605719a637b2435aeffcd555ddc0717596f74c23d1ac49d99ada861,pairs,388,ClusterChain,2000,374,0,ClusterChain-K1-CBO-matched-pairs-seed2000,0,115.37801337242126
800,61b4757aedf08761a1b409a464abc581e58d3447b51f0ac6921a8f0b97a8fc51,K1,1779.1836043413111,3.2684405423445417,CBO-matched,False,be076d17e6d9d71b37e4e21200427bbde9884fa5754bca5e4ed0ca5c84bf21d6,pairs,378,ClusterChain,2001,364,0,ClusterChain-K1-CBO-matched-pairs-seed2001,0,128.25520420074463
800,61b4757aedf08761a1b409a464abc581e58d3447b51f0ac6921a8f0b97a8fc51,K1,999.749950464108,1.838986637028237,CBO-matched,False,7436ed13bb4ee27fd877abf7dfc3029231cb144633a0023d7d67d0384aac5fbe,pairs,237,ClusterChain,2002,223,0,ClusterChain-K1-CBO-matched-pairs-seed2002,0,69.42491006851196
800,61b4757aedf08761a1b409a464abc581e58d3447b51f0ac6921a8f0b97a8fc51,K1,2128.4843968581185,3.8950733540444666,CBO-matched,False,c9b80e0f7fad265a33e596f9743e2e1993a19241fa8e1ab6672b9bc4e43e85ab,pairs,379,ClusterChain,2003,365,0,ClusterChain-K1-CBO-matched-pairs-seed2003,0,148.42665791511536
800,61b4757aedf08761a1b409a464abc581e58d3447b51f0ac6921a8f0b97a8fc51,K1,1248.4643595642356,1.9628161736762277,CBO-matched,False,b593e559d7b1a7591cb2f5ef21262f3f5e310fa5562b45fd5bd1ba67c6df093d,pairs,224,ClusterChain,2004,210,0,ClusterChain-K1-CBO-matched-pairs-seed2004,0,68.13469982147217
800,61b4757aedf08761a1b409a464abc581e58d3447b51f0ac6921a8f0b97a8fc51,K1,745.4926452520303,1.3776439664727405,CBO-matched,False,0a15fe67250e612e5fa9b4005617dc322bc8dd2e14b49b818fe381bf4c29ff62,pairs,239,ClusterChain,2005,225,0,ClusterChain-K1-CBO-matched-pairs-seed2005,0,62.760034799575806
800,61b4757aedf08761a1b409a464abc581e58d3447b51f0ac6921a8f0b97a8fc51,K1,796.3492409812819,1.4550616785388941,CBO-matched,False,fd74f4d6e078e0c0a35a2da1ebcf1f77e1d01817de7365a426ddeb0fc3fc871c,pairs,235,ClusterChain,2006,221,0,ClusterChain-K1-CBO-matched-pairs-seed2006,0,69.03305268287659
800,61b4757aedf08761a1b409a464abc581e58d3447b51f0ac6921a8f0b97a8fc51,K1,1936.3381609465148,3.5529140567826243,CBO-matched,False,f6896e78e02858704264bc25b2a24ef4d620c4d9476617c7f998dd9781b4ac63,pairs,377,ClusterChain,2007,363,0,ClusterChain-K1-CBO-matched-pairs-seed2007,0,129.33413815498352
800,61b4757aedf08761a1b409a464abc581e58d3447b51f0ac6921a8f0b97a8fc51,K1,618.1003683535473,1.1261639391474372,CBO-matched,False,758a747718c03a83b8646e5d1996faccd749d92203d857fad9069b04d30ccfba,pairs,243,ClusterChain,2008,229,0,ClusterChain-K1-CBO-matched-pairs-seed2008,0,62.93752336502075
800,61b4757aedf08761a1b409a464abc581e58d3447b51f0ac6921a8f0b97a8fc51,K1,857.3480363012427,1.3592585811376374,CBO-matched,False,bdb43d33eb86b6a64d29689549e07e25211733b582507c5fad66e2b2ac69304b,pairs,211,ClusterChain,2009,197,0,ClusterChain-K1-CBO-matched-pairs-seed2009,0,53.804367780685425
800,61b4757aedf08761a1b409a464abc581e58d3447b51f0ac6921a8f0b97a8fc51,K1,1790.5765534678183,3.2845520946532654,CBO-matched,False,9e0270130158fc69946e86d28dbde6ae51a7a9525fa35a13d0b22176b1506367,pairs,375,ClusterChain,2010,361,0,ClusterChain-K1-CBO-matched-pairs-seed2010,0,103.0485372543335
800,61b4757aedf08761a1b409a464abc581e58d3447b51f0ac6921a8f0b97a8fc51,K1,1028.2926130601752,1.8655638753365693,CBO-matched,False,7cbf5572eefc4077d0d8e8a6782d65076cc08c3fa88683b27ef0faf75f77d99b,pairs,311,ClusterChain,2011,297,0,ClusterChain-K1-CBO-matched-pairs-seed2011,0,84.20532965660095
800,61b4757aedf08761a1b409a464abc581e58d3447b51f0ac6921a8f0b97a8fc51,K1,768.4603824134056,1.2202364562729051,CBO-matched,False,6780560e1ffa1447df6054ad8e8e4d72b284ae8e1c8ab5fb5e2227361977d92b,pairs,221,ClusterChain,2012,207,0,ClusterChain-K1-CBO-matched-pairs-seed2012,0,56.068443298339844
800,61b4757aedf08761a1b409a464abc581e58d3447b51f0ac6921a8f0b97a8fc51,K1,1935.8509448970597,3.391249586969665,CBO-matched,False,37eb6f49f5f3fd9b7935a0e93d50c74df20901b5a65b877368c13e0bfa8e145f,pairs,333,ClusterChain,2013,319,0,ClusterChain-K1-CBO-matched-pairs-seed2013,0,120.90426731109619
800,61b4757aedf08761a1b409a464abc581e58d3447b51f0ac6921a8f0b97a8fc51,K1,608.4435830082874,1.1179351422077755,CBO-matched,False,cf65ba8c94d0e5b9785918366c13cb8469db1c22ab45b99e073c654ebbe7a761,pairs,230,ClusterChain,2014,216,0,ClusterChain-K1-CBO-matched-pairs-seed2014,0,60.11762881278992
800,61b4757aedf08761a1b409a464abc581e58d3447b51f0ac6921a8f0b97a8fc51,K1,848.1188027939098,1.2008868806334194,CBO-matched,False,912be55de8182feddea0cd1532a8bd1c8430b94f073d13f82db0c9a2f748b66d,pairs,246,ClusterChain,2015,232,0,ClusterChain-K1-CBO-matched-pairs-seed2015,0,62.713499784469604
800,61b4757aedf08761a1b409a464abc581e58d3447b51f0ac6921a8f0b97a8fc51,K1,2083.8397198696143,3.481387164301754,CBO-matched,False,5d9fd61e2ee182e288d0d514b556e4760fc4757b7301e77e5aaf32627beeb6cc,pairs,311,ClusterChain,2016,297,0,ClusterChain-K1-CBO-matched-pairs-seed2016,0,79.37097907066345
800,61b4757aedf08761a1b409a464abc581e58d3447b51f0ac6921a8f0b97a8fc51,K1,1848.5478121214467,3.251359792669435,CBO-matched,False,5b2b049f5b4017daf29a7a78d17ed92bc3e3aedb65e0303ff4eb4ea144f3646c,pairs,362,ClusterChain,2017,348,0,ClusterChain-K1-CBO-matched-pairs-seed2017,0,128.3943796157837
800,61b4757aedf08761a1b409a464abc581e58d3447b51f0ac6921a8f0b97a8fc51,K1,775.825191697653,1.233960688810543,CBO-matched,False,9154fe5586f7942914d1916eea26eb4387003c657a24258751653948bda32a6d,pairs,210,ClusterChain,2018,196,0,ClusterChain-K1-CBO-matched-pairs-seed2018,0,50.130311489105225
800,61b4757aedf08761a1b409a464abc581e58d3447b51f0ac6921a8f0b97a8fc51,K1,1888.9273025444822,3.4491382277509217,CBO-matched,False,83e9fb9bff9bc7a3374c3c958858466d8664e81b2af2f9004769ed2c8518c395,pairs,385,ClusterChain,2019,371,0,ClusterChain-K1-CBO-matched-pairs-seed2019,0,115.40737295150757
800,61b4757aedf08761a1b409a464abc581e58d3447b51f0ac6921a8f0b97a8fc51,K1,649.8482284443702,1.1401607508634526,CBO-matched,False,10c3c191ca3043fdb9d4c7da397514c7edc2ecd1b4bc2dcead314a1464d04b80,pairs,210,ClusterChain,2020,196,0,ClusterChain-K1-CBO-matched-pairs-seed2020,0,54.15530562400818
800,61b4757aedf08761a1b409a464abc581e58d3447b51f0ac6921a8f0b97a8fc51,K1,777.060912883479,1.5087519576097836,CBO-matched,False,590cfc37db554eba854da8a44f06f14c2f651ef57661bb113be5e123ffd58cc1,pairs,239,ClusterChain,2021,225,0,ClusterChain-K1-CBO-matched-pairs-seed2021,0,59.7741596698761
800,61b4757aedf08761a1b409a464abc581e58d3447b51f0ac6921a8f0b97a8fc51,K1,1822.1061476725852,3.402190992336751,CBO-matched,False,b2c17da254df57de0e2c08853e94436d4def698bb2e224592c324bc205523ad6,pairs,371,ClusterChain,2022,357,0,ClusterChain-K1-CBO-matched-pairs-seed2022,0,129.73758697509766
800,61b4757aedf08761a1b409a464abc581e58d3447b51f0ac6921a8f0b97a8fc51,K1,1832.968215346772,3.3632444318289627,CBO-matched,False,4967e79b0a8b38e37f71458a59e6254412e4b39d4fa1f921a2c826d97e25c07b,pairs,358,ClusterChain,2023,344,0,ClusterChain-K1-CBO-matched-pairs-seed2023,0,110.17700099945068
800,61b4757aedf08761a1b409a464abc581e58d3447b51f0ac6921a8f0b97a8fc51,K1,687.8595524897308,1.1586328156999275,CBO-matched,False,0267dc97cb9272df77acf56a6d9c3110f3602f3ec410c98a3f1ff0b15953e8c2,pairs,254,ClusterChain,2024,240,0,ClusterChain-K1-CBO-matched-pairs-seed2024,0,70.33406352996826
800,61b4757aedf08761a1b409a464abc581e58d3447b51f0ac6921a8f0b97a8fc51,K1,2092.359242214404,3.68374685749997,CBO-matched,False,a794bce8c5badefd4b5b2b3521bd5288ea8ffcaa9b80f15059a9774a6e15de42,pairs,284,ClusterChain,2025,270,0,ClusterChain-K1-CBO-matched-pairs-seed2025,0,104.74854946136475
800,61b4757aedf08761a1b409a464abc581e58d3447b51f0ac6921a8f0b97a8fc51,K1,2584.2198739231203,4.780627961945752,CBO-matched,False,05eec5770736f39fb005b1b3f15ce6ca148e6b1fb8bd4868fdd388203d05b34a,pairs,364,ClusterChain,2026,350,0,ClusterChain-K1-CBO-matched-pairs-seed2026,0,121.5029456615448
800,61b4757aedf08761a1b409a464abc581e58d3447b51f0ac6921a8f0b97a8fc51,K1,1866.411117254395,3.419349228503669,CBO-matched,False,47e059e99a0b7db59c311f7900cc0770b7e5f8d519a94d695bc670363f41ae66,pairs,370,ClusterChain,2027,356,0,ClusterChain-K1-CBO-matched-pairs-seed2027,0,111.2151746749878
800,61b4757aedf08761a1b409a464abc581e58d3447b51f0ac6921a8f0b97a8fc51,K1,1774.3979420786643,3.2557760405112806,CBO-matched,False,d22607fb3381b1c4680148caff3e6767295e7cc47517fcfbe77cfbd14024bd76,pairs,376,ClusterChain,2028,362,0,ClusterChain-K1-CBO-matched-pairs-seed2028,0,125.57501173019409
800,61b4757aedf08761a1b409a464abc581e58d3447b51f0ac6921a8f0b97a8fc51,K1,2236.2209522774397,4.0703312859222525,CBO-matched,False,14f4cf24ab7e335499157d74957e25950e243ec7632616fb156f8ed3508f7554,pairs,201,ClusterChain,2029,187,0,ClusterChain-K1-CBO-matched-pairs-seed2029,0,66.65116333961487
800,61b4757aedf08761a1b409a464abc581e58d3447b51f0ac6921a8f0b97a8fc51,K1,650.0975853854067,1.1737879802770037,CBO,False,824a6f9ec605719a637b2435aeffcd555ddc0717596f74c23d1ac49d99ada861,fine,264,ClusterChain,2000,218,0,ClusterChain-K1-CBO-seed2000,0,142.99555373191833
800,61b4757aedf08761a1b409a464abc581e58d3447b51f0ac6921a8f0b97a8fc51,K1,748.7223293254347,1.3439638713547055,CBO,False,be076d17e6d9d71b37e4e21200427bbde9884fa5754bca5e4ed0ca5c84bf21d6,fine,254,ClusterChain,2001,208,0,ClusterChain-K1-CBO-seed2001,0,150.54633045196533
800,61b4757aedf08761a1b409a464abc581e58d3447b51f0ac6921a8f0b97a8fc51,K1,1518.0482963030338,2.530246207882584,CBO,False,7436ed13bb4ee27fd877abf7dfc3029231cb144633a0023d7d67d0384aac5fbe,fine,288,ClusterChain,2002,242,0,ClusterChain-K1-CBO-seed2002,0,196.3623697757721
800,61b4757aedf08761a1b409a464abc581e58d3447b51f0ac6921a8f0b97a8fc51,K1,1859.0762887122132,2.914782527861342,CBO,False,c9b80e0f7fad265a33e596f9743e2e1993a19241fa8e1ab6672b9bc4e43e85ab,fine,305,ClusterChain,2003,259,0,ClusterChain-K1-CBO-seed2003,0,208.88892459869385
800,61b4757aedf08761a1b409a464abc581e58d3447b51f0ac6921a8f0b97a8fc51,K1,1962.1232361958257,3.5153441858770695,CBO,False,b593e559d7b1a7591cb2f5ef21262f3f5e310fa5562b45fd5bd1ba67c6df093d,fine,262,ClusterChain,2004,216,0,ClusterChain-K1-CBO-seed2004,0,171.6545009613037
800,61b4757aedf08761a1b409a464abc581e58d3447b51f0ac6921a8f0b97a8fc51,K1,1670.0487701798227,2.7304220261490073,CBO,False,0a15fe67250e612e5fa9b4005617dc322bc8dd2e14b49b818fe381bf4c29ff62,fine,287,ClusterChain,2005,241,0,ClusterChain-K1-CBO-seed2005,0,176.90387320518494
800,61b4757aedf08761a1b409a464abc581e58d3447b51f0ac6921a8f0b97a8fc51,K1,765.9462103020006,1.3827156389843818,CBO,False,fd74f4d6e078e0c0a35a2da1ebcf1f77e1d01817de7365a426ddeb0fc3fc871c,fine,261,ClusterChain,2006,215,0,ClusterChain-K1-CBO-seed2006,0,152.6922104358673
800,61b4757aedf08761a1b409a464abc581e58d3447b51f0ac6921a8f0b97a8fc51,K1,644.5628173503421,1.147996343777338,CBO,False,f6896e78e02858704264bc25b2a24ef4d620c4d9476617c7f998dd9781b4ac63,fine,279,ClusterChain,2007,233,0,ClusterChain-K1-CBO-seed2007,0,165.05926156044006
800,61b4757aedf08761a1b409a464abc581e58d3447b51f0ac6921a8f0b97a8fc51,K1,1196.888138170172,2.2020731192171663,CBO,False,758a747718c03a83b8646e5d1996faccd749d92203d857fad9069b04d30ccfba,fine,293,ClusterChain,2008,247,0,ClusterChain-K1-CBO-seed2008,0,176.92757487297058
800,61b4757aedf08761a1b409a464abc581e58d3447b51f0ac6921a8f0b97a8fc51,K1,1246.0782922440465,2.2783362091409693,CBO,False,bdb43d33eb86b6a64d29689549e07e25211733b582507c5fad66e2b2ac69304b,fine,291,ClusterChain,2009,245,0,ClusterChain-K1-CBO-seed2009,0,184.96923851966858
800,61b4757aedf08761a1b409a464abc581e58d3447b51f0ac6921a8f0b97a8fc51,K1,2878.668751576068,5.241312817731978,CBO,False,9e0270130158fc69946e86d28dbde6ae51a7a9525fa35a13d0b22176b1506367,fine,286,ClusterChain,2010,240,0,ClusterChain-K1-CBO-seed2010,0,187.93859386444092
800,61b4757aedf08761a1b409a464abc581e58d3447b51f0ac6921a8f0b97a8fc51,K1,785.4686777860143,1.3236627797514835,CBO,False,7cbf5572eefc4077d0d8e8a6782d65076cc08c3fa88683b27ef0faf75f77d99b,fine,253,ClusterChain,2011,207,0,ClusterChain-K1-CBO-seed2011,0,160.33362913131714
800,61b4757aedf08761a1b409a464abc581e58d3447b51f0ac6921a8f0b97a8fc51,K1,1396.3589686145756,2.6039907631718777,CBO,False,6780560e1ffa1447df6054ad8e8e4d72b284ae8e1c8ab5fb5e2227361977d92b,fine,289,ClusterChain,2012,243,0,ClusterChain-K1-CBO-seed2012,0,188.1535894870758
800,61b4757aedf08761a1b409a464abc581e58d3447b51f0ac6921a8f0b97a8fc51,K1,2338.9781150699955,3.516319757506544,CBO,False,37eb6f49f5f3fd9b7935a0e93d50c74df20901b5a65b877368c13e0bfa8e145f,fine,356,ClusterChain,2013,310,0,ClusterChain-K1-CBO-seed2013,0,270.4172205924988
800,61b4757aedf08761a1b409a464abc581e58d3447b51f0ac6921a8f0b97a8fc51,K1,782.0062249735777,1.430657976963201,CBO,False,cf65ba8c94d0e5b9785918366c13cb8469db1c22ab45b99e073c654ebbe7a761,fine,271,ClusterChain,2014,225,0,ClusterChain-K1-CBO-seed2014,0,148.95353031158447
800,61b4757aedf08761a1b409a464abc581e58d3447b51f0ac6921a8f0b97a8fc51,K1,798.9161528642699,1.2897307382020113,CBO,False,912be55de8182feddea0cd1532a8bd1c8430b94f073d13f82db0c9a2f748b66d,fine,247,ClusterChain,2015,201,0,ClusterChain-K1-CBO-seed2015,0,171.27633380889893
800,61b4757aedf08761a1b409a464abc581e58d3447b51f0ac6921a8f0b97a8fc51,K1,3045.083614666694,5.481466506739651,CBO,False,5d9fd61e2ee182e288d0d514b556e4760fc4757b7301e77e5aaf32627beeb6cc,fine,294,ClusterChain,2016,248,0,ClusterChain-K1-CBO-seed2016,0,215.23630785942078
800,61b4757aedf08761a1b409a464abc581e58d3447b51f0ac6921a8f0b97a8fc51,K1,2015.8561603424919,3.2509756787387043,CBO,False,5b2b049f5b4017daf29a7a78d17ed92bc3e3aedb65e0303ff4eb4ea144f3646c,fine,336,ClusterChain,2017,290,0,ClusterChain-K1-CBO-seed2017,0,217.82878303527832
800,61b4757aedf08761a1b409a464abc581e58d3447b51f0ac6921a8f0b97a8fc51,K1,1312.8046010269702,2.4100764799396632,CBO,False,9154fe5586f7942914d1916eea26eb4387003c657a24258751653948bda32a6d,fine,281,ClusterChain,2018,235,0,ClusterChain-K1-CBO-seed2018,0,171.53850197792053
800,61b4757aedf08761a1b409a464abc581e58d3447b51f0ac6921a8f0b97a8fc51,K1,1656.8481749514956,3.272372181951489,CBO,False,83e9fb9bff9bc7a3374c3c958858466d8664e81b2af2f9004769ed2c8518c395,fine,332,ClusterChain,2019,286,0,ClusterChain-K1-CBO-seed2019,0,210.66539406776428
800,61b4757aedf08761a1b409a464abc581e58d3447b51f0ac6921a8f0b97a8fc51,K1,1049.5272375475988,1.863338361992251,CBO,False,10c3c191ca3043fdb9d4c7da397514c7edc2ecd1b4bc2dcead314a1464d04b80,fine,264,ClusterChain,2020,218,0,ClusterChain-K1-CBO-seed2020,0,166.49085783958435
800,61b4757aedf08761a1b409a464abc581e58d3447b51f0ac6921a8f0b97a8fc51,K1,1847.4343200641047,3.3918477103487494,CBO,False,590cfc37db554eba854da8a44f06f14c2f651ef57661bb113be5e123ffd58cc1,fine,377,ClusterChain,2021,331,0,ClusterChain-K1-CBO-seed2021,0,247.21309995651245
800,61b4757aedf08761a1b409a464abc581e58d3447b51f0ac6921a8f0b97a8fc51,K1,2740.766797894671,4.36094624096498,CBO,False,b2c17da254df57de0e2c08853e94436d4def698bb2e224592c324bc205523ad6,fine,360,ClusterChain,2022,314,0,ClusterChain-K1-CBO-seed2022,0,259.6030750274658
800,61b4757aedf08761a1b409a464abc581e58d3447b51f0ac6921a8f0b97a8fc51,K1,695.489370569934,1.116102029200642,CBO,False,4967e79b0a8b38e37f71458a59e6254412e4b39d4fa1f921a2c826d97e25c07b,fine,260,ClusterChain,2023,214,0,ClusterChain-K1-CBO-seed2023,0,175.88366842269897
800,61b4757aedf08761a1b409a464abc581e58d3447b51f0ac6921a8f0b97a8fc51,K1,686.6014298813598,1.1586814737383133,CBO,False,0267dc97cb9272df77acf56a6d9c3110f3602f3ec410c98a3f1ff0b15953e8c2,fine,260,ClusterChain,2024,214,0,ClusterChain-K1-CBO-seed2024,0,187.49548435211182
800,61b4757aedf08761a1b409a464abc581e58d3447b51f0ac6921a8f0b97a8fc51,K1,777.0070569731085,1.3890679851586305,CBO,False,a794bce8c5badefd4b5b2b3521bd5288ea8ffcaa9b80f15059a9774a6e15de42,fine,265,ClusterChain,2025,219,0,ClusterChain-K1-CBO-seed2025,0,162.73019790649414
800,61b4757aedf08761a1b409a464abc581e58d3447b51f0ac6921a8f0b97a8fc51,K1,3652.943191122565,6.511498665613226,CBO,False,05eec5770736f39fb005b1b3f15ce6ca148e6b1fb8bd4868fdd388203d05b34a,fine,371,ClusterChain,2026,325,0,ClusterChain-K1-CBO-seed2026,0,265.9757273197174
800,61b4757aedf08761a1b409a464abc581e58d3447b51f0ac6921a8f0b97a8fc51,K1,647.3209003062339,1.190172588540982,CBO,False,47e059e99a0b7db59c311f7900cc0770b7e5f8d519a94d695bc670363f41ae66,fine,247,ClusterChain,2027,201,0,ClusterChain-K1-CBO-seed2027,0,154.41910767555237
800,61b4757aedf08761a1b409a464abc581e58d3447b51f0ac6921a8f0b97a8fc51,K1,1089.8299402764385,1.1260104399779067,CBO,False,d22607fb3381b1c4680148caff3e6767295e7cc47517fcfbe77cfbd14024bd76,fine,279,ClusterChain,2028,233,0,ClusterChain-K1-CBO-seed2028,0,184.73118543624878
800,61b4757aedf08761a1b409a464abc581e58d3447b51f0ac6921a8f0b97a8fc51,K1,796.3029631830902,1.1566332876590972,CBO,False,14f4cf24ab7e335499157d74957e25950e243ec7632616fb156f8ed3508f7554,fine,264,ClusterChain,2029,218,0,ClusterChain-K1-CBO-seed2029,0,159.1760687828064
800,61b4757aedf08761a1b409a464abc581e58d3447b51f0ac6921a8f0b97a8fc51,K1,1827.89118459858,2.978454484035655,HQCBO,False,824a6f9ec605719a637b2435aeffcd555ddc0717596f74c23d1ac49d99ada861,pairs,274,ClusterChain,2000,148,336,ClusterChain-K1-HQCBO-pairs-seed2000,0,48.32818126678467
800,61b4757aedf08761a1b409a464abc581e58d3447b51f0ac6921a8f0b97a8fc51,K1,1787.8073517466414,3.280380461920414,HQCBO,False,be076d17e6d9d71b37e4e21200427bbde9884fa5754bca5e4ed0ca5c84bf21d6,pairs,276,ClusterChain,2001,150,336,ClusterChain-K1-HQCBO-pairs-seed2001,0,50.228084564208984
800,61b4757aedf08761a1b409a464abc581e58d3447b51f0ac6921a8f0b97a8fc51,K1,1400.6785303952104,2.2192981386293384,HQCBO,False,7436ed13bb4ee27fd877abf7dfc3029231cb144633a0023d7d67d0384aac5fbe,pairs,265,ClusterChain,2002,139,336,ClusterChain-K1-HQCBO-pairs-seed2002,0,50.769529581069946
800,61b4757aedf08761a1b409a464abc581e58d3447b51f0ac6921a8f0b97a8fc51,K1,2557.0721010524567,3.6298704106901263,HQCBO,False,c9b80e0f7fad265a33e596f9743e2e1993a19241fa8e1ab6672b9bc4e43e85ab,pairs,263,ClusterChain,2003,137,336,ClusterChain-K1-HQCBO-pairs-seed2003,0,60.64034605026245
800,61b4757aedf08761a1b409a464abc581e58d3447b51f0ac6921a8f0b97a8fc51,K1,3935.422198400404,6.837134472530748,HQCBO,False,b593e559d7b1a7591cb2f5ef21262f3f5e310fa5562b45fd5bd1ba67c6df093d,pairs,245,ClusterChain,2004,119,336,ClusterChain-K1-HQCBO-pairs-seed2004,0,43.88637971878052
800,61b4757aedf08761a1b409a464abc581e58d3447b51f0ac6921a8f0b97a8fc51,K1,3428.995016259162,4.57157495343178,HQCBO,False,0a15fe67250e612e5fa9b4005617dc322bc8dd2e14b49b818fe381bf4c29ff62,pairs,279,ClusterChain,2005,153,336,ClusterChain-K1-HQCBO-pairs-seed2005,0,57.79215598106384
800,61b4757aedf08761a1b409a464abc581e58d3447b51f0ac6921a8f0b97a8fc51,K1,986.4311283247952,1.4415772136634766,HQCBO,False,fd74f4d6e078e0c0a35a2da1ebcf1f77e1d01817de7365a426ddeb0fc3fc871c,pairs,251,ClusterChain,2006,125,336,ClusterChain-K1-HQCBO-pairs-seed2006,0,49.16350436210632
800,61b4757aedf08761a1b409a464abc581e58d3447b51f0ac6921a8f0b97a8fc51,K1,2361.107385932092,4.332307130150596,HQCBO,False,f6896e78e02858704264bc25b2a24ef4d620c4d9476617c7f998dd9781b4ac63,pairs,278,ClusterChain,2007,152,336,ClusterChain-K1-HQCBO-pairs-seed2007,0,59.05185317993164
800,61b4757aedf08761a1b409a464abc581e58d3447b51f0ac6921a8f0b97a8fc51,K1,2255.3176543549016,4.266851625215163,HQCBO,False,758a747718c03a83b8646e5d1996faccd749d92203d857fad9069b04d30ccfba,pairs,279,ClusterChain,2008,153,336,ClusterChain-K1-HQCBO-pairs-seed2008,0,52.75534439086914
800,61b4757aedf08761a1b409a464abc581e58d3447b51f0ac6921a8f0b97a8fc51,K1,2525.8872821147925,4.626917026054861,HQCBO,False,bdb43d33eb86b6a64d29689549e07e25211733b582507c5fad66e2b2ac69304b,pairs,248,ClusterChain,2009,122,336,ClusterChain-K1-HQCBO-pairs-seed2009,0,50.885292291641235
800,61b4757aedf08761a1b409a464abc581e58d3447b51f0ac6921a8f0b97a8fc51,K1,2422.8504572782344,2.4915402495611696,HQCBO,False,9e0270130158fc69946e86d28dbde6ae51a7a9525fa35a13d0b22176b1506367,pairs,271,ClusterChain,2010,145,336,ClusterChain-K1-HQCBO-pairs-seed2010,0,48.57775068283081
800,61b4757aedf08761a1b409a464abc581e58d3447b51f0ac6921a8f0b97a8fc51,K1,2022.3027882298243,3.2293265048679136,HQCBO,False,7cbf5572eefc4077d0d8e8a6782d65076cc08c3fa88683b27ef0faf75f77d99b,pairs,263,ClusterChain,2011,137,336,ClusterChain-K1-HQCBO-pairs-seed2011,0,56.38157057762146
800,61b4757aedf08761a1b409a464abc581e58d3447b51f0ac6921a8f0b97a8fc51,K1,1731.3668017013536,3.1768198196355084,HQCBO,False,6780560e1ffa1447df6054ad8e8e4d72b284ae8e1c8ab5fb5e2227361977d92b,pairs,273,ClusterChain,2012,147,336,ClusterChain-K1-HQCBO-pairs-seed2012,0,58.16545915603638
800,61b4757aedf08761a1b409a464abc581e58d3447b51f0ac6921a8f0b97a8fc51,K1,1930.2487332433261,3.3880466813084005,HQCBO,False,37eb6f49f5f3fd9b7935a0e93d50c74df20901b5a65b877368c13e0bfa8e145f,pairs,251,ClusterChain,2013,125,336,ClusterChain-K1-HQCBO-pairs-seed2013,0,56.394869804382324
800,61b4757aedf08761a1b409a464abc581e58d3447b51f0ac6921a8f0b97a8fc51,K1,1449.1858429974525,2.659056592655878,HQCBO,False,cf65ba8c94d0e5b9785918366c13cb8469db1c22ab45b99e073c654ebbe7a761,pairs,257,ClusterChain,2014,131,336,ClusterChain-K1-HQCBO-pairs-seed2014,0,47.03509330749512
800,61b4757aedf08761a1b409a464abc581e58d3447b51f0ac6921a8f0b97a8fc51,K1,1633.0512515301662,2.682638471535427,HQCBO,False,912be55de8182feddea0cd1532a8bd1c8430b94f073d13f82db0c9a2f748b66d,pairs,275,ClusterChain,2015,149,336,ClusterChain-K1-HQCBO-pairs-seed2015,0,65.02527594566345
800,61b4757aedf08761a1b409a464abc581e58d3447b51f0ac6921a8f0b97a8fc51,K1,1942.7077930116168,2.8331363404507277,HQCBO,False,5d9fd61e2ee182e288d0d514b556e4760fc4757b7301e77e5aaf32627beeb6cc,pairs,260,ClusterChain,2016,134,336,ClusterChain-K1-HQCBO-pairs-seed2016,0,53.040955781936646
800,61b4757aedf08761a1b409a464abc581e58d3447b51f0ac6921a8f0b97a8fc51,K1,3605.5785639775518,3.173533422350169,HQCBO,False,5b2b049f5b4017daf29a7a78d17ed92bc3e3aedb65e0303ff4eb4ea144f3646c,pairs,265,ClusterChain,2017,139,336,ClusterChain-K1-HQCBO-pairs-seed2017,0,57.46563911437988
800,61b4757aedf08761a1b409a464abc581e58d3447b51f0ac6921a8f0b97a8fc51,K1,1743.8927304494441,3.199803175136595,HQCBO,False,9154fe5586f7942914d1916eea26eb4387003c657a24258751653948bda32a6d,pairs,254,ClusterChain,2018,128,336,ClusterChain-K1-HQCBO-pairs-seed2018,0,54.337260007858276
800,61b4757aedf08761a1b409a464abc581e58d3447b51f0ac6921a8f0b97a8fc51,K1,2065.154932906641,3.789275106250746,HQCBO,False,83e9fb9bff9bc7a3374c3c958858466d8664e81b2af2f9004769ed2c8518c395,pairs,272,ClusterChain,2019,146,336,ClusterChain-K1-HQCBO-pairs-seed2019,0,42.059088706970215
800,61b4757aedf08761a1b409a464abc581e58d3447b51f0ac6921a8f0b97a8fc51,K1,2857.276018687922,3.8695578153286307,HQCBO,False,10c3c191ca3043fdb9d4c7da397514c7edc2ecd1b4bc2dcead314a1464d04b80,pairs,277,ClusterChain,2020,151,336,ClusterChain-K1-HQCBO-pairs-seed2020,0,63.81635594367981
800,61b4757aedf08761a1b409a464abc581e58d3447b51f0ac6921a8f0b97a8fc51,K1,1873.9397158061313,2.855954506049606,HQCBO,False,590cfc37db554eba854da8a44f06f14c2f651ef57661bb113be5e123ffd58cc1,pairs,271,ClusterChain,2021,145,336,ClusterChain-K1-HQCBO-pairs-seed2021,0,56.58854556083679
800,61b4757aedf08761a1b409a464abc581e58d3447b51f0ac6921a8f0b97a8fc51,K1,1486.8951632338476,2.7282480059336667,HQCBO,False,b2c17da254df57de0e2c08853e94436d4def698bb2e224592c324bc205523ad6,pairs,279,ClusterChain,2022,153,336,ClusterChain-K1-HQCBO-pairs-seed2022,0,52.129464626312256
800,61b4757aedf08761a1b409a464abc581e58d3447b51f0ac6921a8f0b97a8fc51,K1,1255.9349835843343,2.0587883243583343,HQCBO,False,4967e79b0a8b38e37f71458a59e6254412e4b39d4fa1f921a2c826d97e25c07b,pairs,276,ClusterChain,2023,150,336,ClusterChain-K1-HQCBO-pairs-seed2023,0,63.92055368423462
800,61b4757aedf08761a1b409a464abc581e58d3447b51f0ac6921a8f0b97a8fc51,K1,1778.7907137638304,3.2638361720436992,HQCBO,False,0267dc97cb9272df77acf56a6d9c3110f3602f3ec410c98a3f1ff0b15953e8c2,pairs,275,ClusterChain,2024,149,336,ClusterChain-K1-HQCBO-pairs-seed2024,0,60.95870113372803
800,61b4757aedf08761a1b409a464abc581e58d3447b51f0ac6921a8f0b97a8fc51,K1,2098.4491606674137,3.770993931659557,HQCBO,False,a794bce8c5badefd4b5b2b3521bd5288ea8ffcaa9b80f15059a9774a6e15de42,pairs,255,ClusterChain,2025,129,336,ClusterChain-K1-HQCBO-pairs-seed2025,0,50.87130260467529
800,61b4757aedf08761a1b409a464abc581e58d3447b51f0ac6921a8f0b97a8fc51,K1,1823.873853368526,2.9054277945317506,HQCBO,False,05eec5770736f39fb005b1b3f15ce6ca148e6b1fb8bd4868fdd388203d05b34a,pairs,270,ClusterChain,2026,144,336,ClusterChain-K1-HQCBO-pairs-seed2026,0,56.75335454940796
800,61b4757aedf08761a1b409a464abc581e58d3447b51f0ac6921a8f0b97a8fc51,K1,2332.5291194892525,3.0211585195538877,HQCBO,False,47e059e99a0b7db59c311f7900cc0770b7e5f8d519a94d695bc670363f41ae66,pairs,264,ClusterChain,2027,138,336,ClusterChain-K1-HQCBO-pairs-seed2027,0,51.48449969291687
800,61b4757aedf08761a1b409a464abc581e58d3447b51f0ac6921a8f0b97a8fc51,K1,1932.7591151128402,3.546347000206996,HQCBO,False,d22607fb3381b1c4680148caff3e6767295e7cc47517fcfbe77cfbd14024bd76,pairs,273,ClusterChain,2028,147,336,ClusterChain-K1-HQCBO-pairs-seed2028,0,56.97947144508362
800,61b4757aedf08761a1b409a464abc581e58d3447b51f0ac6921a8f0b97a8fc51,K1,1855.078750765399,3.40381422158787,HQCBO,False,14f4cf24ab7e335499157d74957e25950e243ec7632616fb156f8ed3508f7554,pairs,262,ClusterChain,2029,136,336,ClusterChain-K1-HQCBO-pairs-seed2029,0,62.97283911705017
800,61b4757aedf08761a1b409a464abc581e58d3447b51f0ac6921a8f0b97a8fc51,K1,93.37958792754308,0.015346433694088099,QCBO,False,824a6f9ec605719a637b2435aeffcd555ddc0717596f74c23d1ac49d99ada861,alt,230,ClusterChain,2000,200,0,ClusterChain-K1-QCBO-alt-seed2000,0,90.99520421028137
800,61b4757aedf08761a1b409a464abc581e58d3447b51f0ac6921a8f0b97a8fc51,K1,167.96647481636944,0.13777475934455036,QCBO,False,be076d17e6d9d71b37e4e21200427bbde9884fa5754bca5e4ed0ca5c84bf21d6,alt,239,ClusterChain,2001,209,0,ClusterChain-K1-QCBO-alt-seed2001,0,98.81110119819641
800,61b4757aedf08761a1b409a464abc581e58d3447b51f0ac6921a8f0b97a8fc51,K1,946.4199968930452,0.7437607363623935,QCBO,False,7436ed13bb4ee27fd877abf7dfc3029231cb144633a0023d7d67d0384aac5fbe,alt,192,ClusterChain,2002,162,0,ClusterChain-K1-QCBO-alt-seed2002,0,108.94000005722046
800,61b4757aedf08761a1b409a464abc581e58d3447b51f0ac6921a8f0b97a8fc51,K1,1249.8939542004448,1.1382991301600298,QCBO,False,c9b80e0f7fad265a33e596f9743e2e1993a19241fa8e1ab6672b9bc4e43e85ab,alt,222,ClusterChain,2003,192,0,ClusterChain-K1-QCBO-alt-seed2003,0,112.25757145881653
800,61b4757aedf08761a1b409a464abc581e58d3447b51f0ac6921a8f0b97a8fc51,K1,1659.0274546176204,2.7139980883707473,QCBO,False,b593e559d7b1a7591cb2f5ef21262f3f5e310fa5562b45fd5bd1ba67c6df093d,alt,225,ClusterChain,2004,195,0,ClusterChain-K1-QCBO-alt-seed2004,0,113.59778046607971
800,61b4757aedf08761a1b409a464abc581e58d3447b51f0ac6921a8f0b97a8fc51,K1,1973.38998542314,1.256082424993717,QCBO,False,0a15fe67250e612e5fa9b4005617dc322bc8dd2e14b49b818fe381bf4c29ff62,alt,232,ClusterChain,2005,202,0,ClusterChain-K1-QCBO-alt-seed2005,0,124.92806243896484
800,61b4757aedf08761a1b409a464abc581e58d3447b51f0ac6921a8f0b97a8fc51,K1,430.2229203551808,0.2561325082105493,QCBO,False,fd74f4d6e078e0c0a35a2da1ebcf1f77e1d01817de7365a426ddeb0fc3fc871c,alt,209,ClusterChain,2006,179,0,ClusterChain-K1-QCBO-alt-seed2006,0,117.78385281562805
800,61b4757aedf08761a1b409a464abc581e58d3447b51f0ac6921a8f0b97a8fc51,K1,405.51702371491194,0.09647763538777493,QCBO,False,f6896e78e02858704264bc25b2a24ef4d620c4d9476617c7f998dd9781b4ac63,alt,243,ClusterChain,2007,213,0,ClusterChain-K1-QCBO-alt-seed2007,0,97.74299335479736
800,61b4757aedf08761a1b409a464abc581e58d3447b51f0ac6921a8f0b97a8fc51,K1,135.6211338109873,0.01398744320408813,QCBO,False,758a747718c03a83b8646e5d1996faccd749d92203d857fad9069b04d30ccfba,alt,234,ClusterChain,2008,204,0,ClusterChain-K1-QCBO-alt-seed2008,0,98.91688513755798
800,61b4757aedf08761a1b409a464abc581e58d3447b51f0ac6921a8f0b97a8fc51,K1,1414.0674582947124,2.1141040795701582,QCBO,False,bdb43d33eb86b6a64d29689549e07e25211733b582507c5fad66e2b2ac69304b,alt,208,ClusterChain,2009,178,0,ClusterChain-K1-QCBO-alt-seed2009,0,93.47210597991943
800,61b4757aedf08761a1b409a464abc581e58d3447b51f0ac6921a8f0b97a8fc51,K1,234.1104895751098,0.18765307591383937,QCBO,False,9e0270130158fc69946e86d28dbde6ae51a7a9525fa35a13d0b22176b1506367,alt,195,ClusterChain,2010,165,0,ClusterChain-K1-QCBO-alt-seed2010,0,80.27524065971375
800,61b4757aedf08761a1b409a464abc581e58d3447b51f0ac6921a8f0b97a8fc51,K1,294.49846426447095,0.058279008237055625,QCBO,False,7cbf5572eefc4077d0d8e8a6782d65076cc08c3fa88683b27ef0faf75f77d99b,alt,213,ClusterChain,2011,183,0,ClusterChain-K1-QCBO-alt-seed2011,0,98.01545596122742
800,61b4757aedf08761a1b409a464abc581e58d3447b51f0ac6921a8f0b97a8fc51,K1,424.3149670535879,1.2135876495441031,QCBO,False,6780560e1ffa1447df6054ad8e8e4d72b284ae8e1c8ab5fb5e2227361977d92b,alt,211,ClusterChain,2012,181,0,ClusterChain-K1-QCBO-alt-seed2012,0,104.31229281425476
800,61b4757aedf08761a1b409a464abc581e58d3447b51f0ac6921a8f0b97a8fc51,K1,1969.7559054690478,3.2918682129760564,QCBO,False,37eb6f49f5f3fd9b7935a0e93d50c74df20901b5a65b877368c13e0bfa8e145f,alt,304,ClusterChain,2013,274,0,ClusterChain-K1-QCBO-alt-seed2013,0,178.03507041931152
800,61b4757aedf08761a1b409a464abc581e58d3447b51f0ac6921a8f0b97a8fc51,K1,184.59961394721324,0.1608509380000566,QCBO,False,cf65ba8c94d0e5b9785918366c13cb8469db1c22ab45b99e073c654ebbe7a761,alt,237,ClusterChain,2014,207,0,ClusterChain-K1-QCBO-alt-seed2014,0,100.13134694099426
800,61b4757aedf08761a1b409a464abc581e58d3447b51f0ac6921a8f0b97a8fc51,K1,663.0599896839348,1.2123269183618264,QCBO,False,912be55de8182feddea0cd1532a8bd1c8430b94f073d13f82db0c9a2f748b66d,alt,223,ClusterChain,2015,193,0,ClusterChain-K1-QCBO-alt-seed2015,0,105.74238157272339
800,61b4757aedf08761a1b409a464abc581e58d3447b51f0ac6921a8f0b97a8fc51,K1,2191.9470426278376,2.8752183230216963,QCBO,False,5d9fd61e2ee182e288d0d514b556e4760fc4757b7301e77e5aaf32627beeb6cc,alt,257,ClusterChain,2016,227,0,ClusterChain-K1-QCBO-alt-seed2016,0,149.04497027397156
800,61b4757aedf08761a1b409a464abc581e58d3447b51f0ac6921a8f0b97a8fc51,K1,1389.0003072222928,0.6505385781123723,QCBO,False,5b2b049f5b4017daf29a7a78d17ed92bc3e3aedb65e0303ff4eb4ea144f3646c,alt,245,ClusterChain,2017,215,0,ClusterChain-K1-QCBO-alt-seed2017,0,116.85350680351257
800,61b4757aedf08761a1b409a464abc581e58d3447b51f0ac6921a8f0b97a8fc51,K1,1251.543723190957,1.4997335965680558,QCBO,False,9154fe5586f7942914d1916eea26eb4387003c657a24258751653948bda32a6d,alt,209,ClusterChain,2018,179,0,ClusterChain-K1-QCBO-alt-seed2018,0,96.5095100402832
800,61b4757aedf08761a1b409a464abc581e58d3447b51f0ac6921a8f0b97a8fc51,K1,275.9236064080158,0.15555596773030983,QCBO,False,83e9fb9bff9bc7a3374c3c958858466d8664e81b2af2f9004769ed2c8518c395,alt,194,ClusterChain,2019,164,0,ClusterChain-K1-QCBO-alt-seed2019,0,90.30826187133789
800,61b4757aedf08761a1b409a464abc581e58d3447b51f0ac6921a8f0b97a8fc51,K1,657.785524148546,1.2084020844399037,QCBO,False,10c3c191ca3043fdb9d4c7da397514c7edc2ecd1b4bc2dcead314a1464d04b80,alt,226,ClusterChain,2020,196,0,ClusterChain-K1-QCBO-alt-seed2020,0,100.14713025093079
800,61b4757aedf08761a1b409a464abc581e58d3447b51f0ac6921a8f0b97a8fc51,K1,991.514517753837,1.475506736394053,QCBO,False,590cfc37db554eba854da8a44f06f14c2f651ef57661bb113be5e123ffd58cc1,alt,203,ClusterChain,2021,173,0,ClusterChain-K1-QCBO-alt-seed2021,0,101.00469064712524
800,61b4757aedf08761a1b409a464abc581e58d3447b51f0ac6921a8f0b97a8fc51,K1,2950.3549208084723,4.790620015778412,QCBO,False,b2c17da254df57de0e2c08853e94436d4def698bb2e224592c324bc205523ad6,alt,312,ClusterChain,2022,282,0,ClusterChain-K1-QCBO-alt-seed2022,0,186.29865646362305
800,61b4757aedf08761a1b409a464abc581e58d3447b51f0ac6921a8f0b97a8fc51,K1,359.738735664607,0.06417221744504836,QCBO,False,4967e79b0a8b38e37f71458a59e6254412e4b39d4fa1f921a2c826d97e25c07b,alt,218,ClusterChain,2023,188,0,ClusterChain-K1-QCBO-alt-seed2023,0,102.04641532897949
800,61b4757aedf08761a1b409a464abc581e58d3447b51f0ac6921a8f0b97a8fc51,K1,784.1110948284341,1.4344814401478234,QCBO,False,0267dc97cb9272df77acf56a6d9c3110f3602f3ec410c98a3f1ff0b15953e8c2,alt,222,ClusterChain,2024,192,0,ClusterChain-K1-QCBO-alt-seed2024,0,120.31097841262817
800,61b4757aedf08761a1b409a464abc581e58d3447b51f0ac6921a8f0b97a8fc51,K1,1578.5871701299732,1.4061563055359734,QCBO,False,a794bce8c5badefd4b5b2b3521bd5288ea8ffcaa9b80f15059a9774a6e15de42,alt,250,ClusterChain,2025,220,0,ClusterChain-K1-QCBO-alt-seed2025,0,151.59219408035278
800,61b4757aedf08761a1b409a464abc581e58d3447b51f0ac6921a8f0b97a8fc51,K1,1540.3129060466147,1.536238353318234,QCBO,False,05eec5770736f39fb005b1b3f15ce6ca148e6b1fb8bd4868fdd388203d05b34a,alt,200,ClusterChain,2026,170,0,ClusterChain-K1-QCBO-alt-seed2026,0,113.72451448440552
800,61b4757aedf08761a1b409a464abc581e58d3447b51f0ac6921a8f0b97a8fc51,K1,1656.1153517406071,3.296970364123724,QCBO,False,47e059e99a0b7db59c311f7900cc0770b7e5f8d519a94d695bc670363f41ae66,alt,320,ClusterChain,2027,290,0,ClusterChain-K1-QCBO-alt-seed2027,0,174.3753068447113
800,61b4757aedf08761a1b409a464abc581e58d3447b51f0ac6921a8f0b97a8fc51,K1,1795.3200288476046,3.295103871529729,QCBO,False,d22607fb3381b1c4680148caff3e6767295e7cc47517fcfbe77cfbd14024bd76,alt,357,ClusterChain,2028,327,0,ClusterChain-K1-QCBO-alt-seed2028,0,194.41973233222961
800,61b4757aedf08761a1b409a464abc581e58d3447b51f0ac6921a8f0b97a8fc51,K1,1372.092319685684,2.1913697096893343,QCBO,False,14f4cf24ab7e335499157d74957e25950e243ec7632616fb156f8ed3508f7554,alt,234,ClusterChain,2029,204,0,ClusterChain-K1-QCBO-alt-seed2029,0,146.4483346939087
800,61b4757aedf08761a1b409a464abc581e58d3447b51f0ac6921a8f0b97a8fc51,K1,2206.6886865687025,4.0489700670985425,QCBO,False,824a6f9ec605719a637b2435aeffcd555ddc0717596f74c23d1ac49d99ada861,coarse,387,ClusterChain,2000,381,0,ClusterChain-K1-QCBO-coarse-seed2000,0,81.9807300567627
800,61b4757aedf08761a1b409a464abc581e58d3447b51f0ac6921a8f0b97a8fc51,K1,2364.276045458887,4.338121184328216,QCBO,False,be076d17e6d9d71b37e4e21200427bbde9884fa5754bca5e4ed0ca5c84bf21d6,coarse,382,ClusterChain,2001,376,0,ClusterChain-K1-QCBO-coarse-seed2001,0,82.53585958480835
800,61b4757aedf08761a1b409a464abc581e58d3447b51f0ac6921a8f0b97a8fc51,K1,2313.333884766286,4.244649329846403,QCBO,False,7436ed13bb4ee27fd877abf7dfc3029231cb144633a0023d7d67d0384aac5fbe,coarse,375,ClusterChain,2002,369,0,ClusterChain-K1-QCBO-coarse-seed2002,0,75.91871953010559
800,61b4757aedf08761a1b409a464abc581e58d3447b51f0ac6921a8f0b97a8fc51,K1,2282.369746742866,4.190635457834299,QCBO,False,c9b80e0f7fad265a33e596f9743e2e1993a19241fa8e1ab6672b9bc4e43e85ab,coarse,365,ClusterChain,2003,359,0,ClusterChain-K1-QCBO-coarse-seed2003,0,70.85375046730042
800,61b4757aedf08761a1b409a464abc581e58d3447b51f0ac6921a8f0b97a8fc51,K1,2177.9225073916064,3.996188086957078,QCBO,False,b593e559d7b1a7591cb2f5ef21262f3f5e310fa5562b45fd5bd1ba67c6df093d,coarse,376,ClusterChain,2004,370,0,ClusterChain-K1-QCBO-coarse-seed2004,0,81.3043315410614
800,61b4757aedf08761a1b409a464abc581e58d3447b51f0ac6921a8f0b97a8fc51,K1,2320.8674052803726,4.258472303266751,QCBO,False,0a15fe67250e612e5fa9b4005617dc322bc8dd2e14b49b818fe381bf4c29ff62,coarse,200,ClusterChain,2005,194,0,ClusterChain-K1-QCBO-coarse-seed2005,0,31.54981255531311
800,61b4757aedf08761a1b409a464abc581e58d3447b51f0ac6921a8f0b97a8fc51,K1,2645.733588498751,4.081402543550821,QCBO,False,fd74f4d6e078e0c0a35a2da1ebcf1f77e1d01817de7365a426ddeb0fc3fc871c,coarse,313,ClusterChain,2006,307,0,ClusterChain-K1-QCBO-coarse-seed2006,0,50.27566838264465
800,61b4757aedf08761a1b409a464abc581e58d3447b51f0ac6921a8f0b97a8fc51,K1,2512.6129769370377,4.61029904025143,QCBO,False,f6896e78e02858704264bc25b2a24ef4d620c4d9476617c7f998dd9781b4ac63,coarse,199,ClusterChain,2007,193,0,ClusterChain-K1-QCBO-coarse-seed2007,0,30.89256501197815
800,61b4757aedf08761a1b409a464abc581e58d3447b51f0ac6921a8f0b97a8fc51,K1,2215.369417765961,4.0224365394158355,QCBO,False,758a747718c03a83b8646e5d1996faccd749d92203d857fad9069b04d30ccfba,coarse,297,ClusterChain,2008,291,0,ClusterChain-K1-QCBO-coarse-seed2008,0,39.674999713897705
800,61b4757aedf08761a1b409a464abc581e58d3447b51f0ac6921a8f0b97a8fc51,K1,3355.850191463327,6.136502216229997,QCBO,False,bdb43d33eb86b6a64d29689549e07e25211733b582507c5fad66e2b2ac69304b,coarse,223,ClusterChain,2009,217,0,ClusterChain-K1-QCBO-coarse-seed2009,0,40.6515953540802
800,61b4757aedf08761a1b409a464abc581e58d3447b51f0ac6921a8f0b97a8fc51,K1,2378.2564020190493,4.034279486660185,QCBO,False,9e0270130158fc69946e86d28dbde6ae51a7a9525fa35a13d0b22176b1506367,coarse,195,ClusterChain,2010,189,0,ClusterChain-K1-QCBO-coarse-seed2010,0,25.88337731361389
800,61b4757aedf08761a1b409a464abc581e58d3447b51f0ac6921a8f0b97a8fc51,K1,2251.049434124017,4.130365934172551,QCBO,False,7cbf5572eefc4077d0d8e8a6782d65076cc08c3fa88683b27ef0faf75f77d99b,coarse,357,ClusterChain,2011,351,0,ClusterChain-K1-QCBO-coarse-seed2011,0,61.82714056968689
800,61b4757aedf08761a1b409a464abc581e58d3447b51f0ac6921a8f0b97a8fc51,K1,3344.545790327047,6.122965806042748,QCBO,False,6780560e1ffa1447df6054ad8e8e4d72b284ae8e1c8ab5fb5e2227361977d92b,coarse,239,ClusterChain,2012,233,0,ClusterChain-K1-QCBO-coarse-seed2012,0,39.19584131240845
800,61b4757aedf08761a1b409a464abc581e58d3447b51f0ac6921a8f0b97a8fc51,K1,2168.0401664067545,3.978055351205037,QCBO,False,37eb6f49f5f3fd9b7935a0e93d50c74df20901b5a65b877368c13e0bfa8e145f,coarse,324,ClusterChain,2013,318,0,ClusterChain-K1-QCBO-coarse-seed2013,0,52.84227991104126
800,61b4757aedf08761a1b409a464abc581e58d3447b51f0ac6921a8f0b97a8fc51,K1,2298.967652110726,4.218289269927947,QCBO,False,cf65ba8c94d0e5b9785918366c13cb8469db1c22ab45b99e073c654ebbe7a761,coarse,380,ClusterChain,2014,374,0,ClusterChain-K1-QCBO-coarse-seed2014,0,82.80348944664001
800,61b4757aedf08761a1b409a464abc581e58d3447b51f0ac6921a8f0b97a8fc51,K1,2249.91862980142,4.128291063855817,QCBO,False,912be55de8182feddea0cd1532a8bd1c8430b94f073d13f82db0c9a2f748b66d,coarse,371,ClusterChain,2015,365,0,ClusterChain-K1-QCBO-coarse-seed2015,0,69.92549085617065
800,61b4757aedf08761a1b409a464abc581e58d3447b51f0ac6921a8f0b97a8fc51,K1,2474.7234919070397,4.540777049370701,QCBO,False,5d9fd61e2ee182e288d0d514b556e4760fc4757b7301e77e5aaf32627beeb6cc,coarse,387,ClusterChain,2016,381,0,ClusterChain-K1-QCBO-coarse-seed2016,0,81.67266345024109
800,61b4757aedf08761a1b409a464abc581e58d3447b51f0ac6921a8f0b97a8fc51,K1,2365.355032346438,4.340100976782435,QCBO,False,5b2b049f5b4017daf29a7a78d17ed92bc3e3aedb65e0303ff4eb4ea144f3646c,coarse,371,ClusterChain,2017,365,0,ClusterChain-K1-QCBO-coarse-seed2017,0,76.76192331314087
800,61b4757aedf08761a1b409a464abc581e58d3447b51f0ac6921a8f0b97a8fc51,K1,2272.7772654765045,4.170233514635797,QCBO,False,9154fe5586f7942914d1916eea26eb4387003c657a24258751653948bda32a6d,coarse,371,ClusterChain,2018,365,0,ClusterChain-K1-QCBO-coarse-seed2018,0,72.35126757621765
800,61b4757aedf08761a1b409a464abc581e58d3447b51f0ac6921a8f0b97a8fc51,K1,3365.1450973654514,6.174578160303616,QCBO,False,83e9fb9bff9bc7a3374c3c958858466d8664e81b2af2f9004769ed2c8518c395,coarse,211,ClusterChain,2019,205,0,ClusterChain-K1-QCBO-coarse-seed2019,0,32.52454495429993
800,61b4757aedf08761a1b409a464abc581e58d3447b51f0ac6921a8f0b97a8fc51,K1,2269.9352734691347,4.165018850402091,QCBO,False,10c3c191ca3043fdb9d4c7da397514c7edc2ecd1b4bc2dcead314a1464d04b80,coarse,193,ClusterChain,2020,187,0,ClusterChain-K1-QCBO-coarse-seed2020,0,25.795844078063965
800,61b4757aedf08761a1b409a464abc581e58d3447b51f0ac6921a8f0b97a8fc51,K1,2240.216303753847,4.110488630741013,QCBO,False,590cfc37db554eba854da8a44f06f14c2f651ef57661bb113be5e123ffd58cc1,coarse,193,ClusterChain,2021,187,0,ClusterChain-K1-QCBO-coarse-seed2021,0,26.43544316291809
800,61b4757aedf08761a1b409a464abc581e58d3447b51f0ac6921a8f0b97a8fc51,K1,2285.622422876849,4.193802610783168,QCBO,False,b2c17da254df57de0e2c08853e94436d4def698bb2e224592c324bc205523ad6,coarse,385,ClusterChain,2022,379,0,ClusterChain-K1-QCBO-coarse-seed2022,0,79.36074900627136
800,61b4757aedf08761a1b409a464abc581e58d3447b51f0ac6921a8f0b97a8fc51,K1,2211.7587544479084,4.058272943941094,QCBO,False,4967e79b0a8b38e37f71458a59e6254412e4b39d4fa1f921a2c826d97e25c07b,coarse,381,ClusterChain,2023,375,0,ClusterChain-K1-QCBO-coarse-seed2023,0,78.9842894077301
800,61b4757aedf08761a1b409a464abc581e58d3447b51f0ac6921a8f0b97a8fc51,K1,2235.563582010796,4.101951526625349,QCBO,False,0267dc97cb9272df77acf56a6d9c3110f3602f3ec410c98a3f1ff0b15953e8c2,coarse,360,ClusterChain,2024,354,0,ClusterChain-K1-QCBO-coarse-seed2024,0,68.48726892471313
800,61b4757aedf08761a1b409a464abc581e58d3447b51f0ac6921a8f0b97a8fc51,K1,3210.201438125285,6.308237159394893,QCBO,False,a794bce8c5badefd4b5b2b3521bd5288ea8ffcaa9b80f15059a9774a6e15de42,coarse,228,ClusterChain,2025,222,0,ClusterChain-K1-QCBO-coarse-seed2025,0,38.018186807632446
800,61b4757aedf08761a1b409a464abc581e58d3447b51f0ac6921a8f0b97a8fc51,K1,3393.460130463351,6.226532349474095,QCBO,False,05eec5770736f39fb005b1b3f15ce6ca148e6b1fb8bd4868fdd388203d05b34a,coarse,263,ClusterChain,2026,257,0,ClusterChain-K1-QCBO-coarse-seed2026,0,44.07311773300171
800,61b4757aedf08761a1b409a464abc581e58d3447b51f0ac6921a8f0b97a8fc51,K1,3438.178260705,6.201006614510563,QCBO,False,47e059e99a0b7db59c311f7900cc0770b7e5f8d519a94d695bc670363f41ae66,coarse,217,ClusterChain,2027,211,0,ClusterChain-K1-QCBO-coarse-seed2027,0,39.6808807849884
800,61b4757aedf08761a1b409a464abc581e58d3447b51f0ac6921a8f0b97a8fc51,K1,2257.951650444991,3.980046117884191,QCBO,False,d22607fb3381b1c4680148caff3e6767295e7cc47517fcfbe77cfbd14024bd76,coarse,189,ClusterChain,2028,183,0,ClusterChain-K1-QCBO-coarse-seed2028,0,24.23706555366516
800,61b4757aedf08761a1b409a464abc581e58d3447b51f0ac6921a8f0b97a8fc51,K1,2338.3398111942333,4.290531763659129,QCBO,False,14f4cf24ab7e335499157d74957e25950e243ec7632616fb156f8ed3508f7554,coarse,349,ClusterChain,2029,343,0,ClusterChain-K1-QCBO-coarse-seed2029,0,57.897276163101196
800,61b4757aedf08761a1b409a464abc581e58d3447b51f0ac6921a8f0b97a8fc51,K1,1844.336790546276,3.383522180705958,QCBO,False,824a6f9ec605719a637b2435aeffcd555ddc0717596f74c23d1ac49d99ada861,pairs,390,ClusterChain,2000,376,0,ClusterChain-K1-QCBO-pairs-seed2000,0,117.18115830421448
800,61b4757aedf08761a1b409a464abc581e58d3447b51f0ac6921a8f0b97a8fc51,K1,1975.2405884521093,3.636120600676137,QCBO,False,be076d17e6d9d71b37e4e21200427bbde9884fa5754bca5e4ed0ca5c84bf21d6,pairs,382,ClusterChain,2001,368,0,ClusterChain-K1-QCBO-pairs-seed2001,0,117.55733513832092
800,61b4757aedf08761a1b409a464abc581e58d3447b51f0ac6921a8f0b97a8fc51,K1,1286.0716227514442,2.3649180017095994,QCBO,False,7436ed13bb4ee27fd877abf7dfc3029231cb144633a0023d7d67d0384aac5fbe,pairs,262,ClusterChain,2002,248,0,ClusterChain-K1-QCBO-pairs-seed2002,0,68.45226526260376
800,61b4757aedf08761a1b409a464abc581e58d3447b51f0ac6921a8f0b97a8fc51,K1,2127.399460223404,3.9014664482498693,QCBO,False,c9b80e0f7fad265a33e596f9743e2e1993a19241fa8e1ab6672b9bc4e43e85ab,pairs,380,ClusterChain,2003,366,0,ClusterChain-K1-QCBO-pairs-seed2003,0,148.76013326644897
800,61b4757aedf08761a1b409a464abc581e58d3447b51f0ac6921a8f0b97a8fc51,K1,1374.713725921879,2.1230765114740766,QCBO,False,b593e559d7b1a7591cb2f5ef21262f3f5e310fa5562b45fd5bd1ba67c6df093d,pairs,228,ClusterChain,2004,214,0,ClusterChain-K1-QCBO-pairs-seed2004,0,64.41206073760986
800,61b4757aedf08761a1b409a464abc581e58d3447b51f0ac6921a8f0b97a8fc51,K1,641.3778067549475,1.207769661931384,QCBO,False,0a15fe67250e612e5fa9b4005617dc322bc8dd2e14b49b818fe381bf4c29ff62,pairs,217,ClusterChain,2005,203,0,ClusterChain-K1-QCBO-pairs-seed2005,0,56.49152994155884
800,61b4757aedf08761a1b409a464abc581e58d3447b51f0ac6921a8f0b97a8fc51,K1,1861.9605458599383,3.4164413685503754,QCBO,False,fd74f4d6e078e0c0a35a2da1ebcf1f77e1d01817de7365a426ddeb0fc3fc871c,pairs,365,ClusterChain,2006,351,0,ClusterChain-K1-QCBO-pairs-seed2006,0,113.96199131011963
800,61b4757aedf08761a1b409a464abc581e58d3447b51f0ac6921a8f0b97a8fc51,K1,1838.6534370869888,3.373676031352296,QCBO,False,f6896e78e02858704264bc25b2a24ef4d620c4d9476617c7f998dd9781b4ac63,pairs,384,ClusterChain,2007,370,0,ClusterChain-K1-QCBO-pairs-seed2007,0,122.08708000183105
800,61b4757aedf08761a1b409a464abc581e58d3447b51f0ac6921a8f0b97a8fc51,K1,656.6464404343832,1.201461208342296,QCBO,False,758a747718c03a83b8646e5d1996faccd749d92203d857fad9069b04d30ccfba,pairs,257,ClusterChain,2008,243,0,ClusterChain-K1-QCBO-pairs-seed2008,0,63.77000594139099
800,61b4757aedf08761a1b409a464abc581e58d3447b51f0ac6921a8f0b97a8fc51,K1,831.644664763576,1.2702493349902675,QCBO,False,bdb43d33eb86b6a64d29689549e07e25211733b582507c5fad66e2b2ac69304b,pairs,208,ClusterChain,2009,194,0,ClusterChain-K1-QCBO-pairs-seed2009,0,52.680142641067505
800,61b4757aedf08761a1b409a464abc581e58d3447b51f0ac6921a8f0b97a8fc51,K1,1852.616861797247,3.2521566532077397,QCBO,False,9e0270130158fc69946e86d28dbde6ae51a7a9525fa35a13d0b22176b1506367,pairs,385,ClusterChain,2010,371,0,ClusterChain-K1-QCBO-pairs-seed2010,0,106.75726270675659
800,61b4757aedf08761a1b409a464abc581e58d3447b51f0ac6921a8f0b97a8fc51,K1,1022.6175036367429,1.8551492615228324,QCBO,False,7cbf5572eefc4077d0d8e8a6782d65076cc08c3fa88683b27ef0faf75f77d99b,pairs,279,ClusterChain,2011,265,0,ClusterChain-K1-QCBO-pairs-seed2011,0,81.8633770942688
800,61b4757aedf08761a1b409a464abc581e58d3447b51f0ac6921a8f0b97a8fc51,K1,681.1333241914259,1.2309479375711923,QCBO,False,6780560e1ffa1447df6054ad8e8e4d72b284ae8e1c8ab5fb5e2227361977d92b,pairs,245,ClusterChain,2012,231,0,ClusterChain-K1-QCBO-pairs-seed2012,0,61.11556148529053
800,61b4757aedf08761a1b409a464abc581e58d3447b51f0ac6921a8f0b97a8fc51,K1,1871.5128109247512,3.4307895946859466,QCBO,False,37eb6f49f5f3fd9b7935a0e93d50c74df20901b5a65b877368c13e0bfa8e145f,pairs,357,ClusterChain,2013,343,0,ClusterChain-K1-QCBO-pairs-seed2013,0,139.03323101997375
800,61b4757aedf08761a1b409a464abc581e58d3447b51f0ac6921a8f0b97a8fc51,K1,657.7511191033689,1.1131649578033915,QCBO,False,cf65ba8c94d0e5b9785918366c13cb8469db1c22ab45b99e073c654ebbe7a761,pairs,263,ClusterChain,2014,249,0,ClusterChain-K1-QCBO-pairs-seed2014,0,61.9841570854187
800,61b4757aedf08761a1b409a464abc581e58d3447b51f0ac6921a8f0b97a8fc51,K1,818.5846650706003,1.5019902111387076,QCBO,False,912be55de8182feddea0cd1532a8bd1c8430b94f073d13f82db0c9a2f748b66d,pairs,240,ClusterChain,2015,226,0,ClusterChain-K1-QCBO-pairs-seed2015,0,67.03062224388123
800,61b4757aedf08761a1b409a464abc581e58d3447b51f0ac6921a8f0b97a8fc51,K1,2126.6530288024237,3.923205596070021,QCBO,False,5d9fd61e2ee182e288d0d514b556e4760fc4757b7301e77e5aaf32627beeb6cc,pairs,369,ClusterChain,2016,355,0,ClusterChain-K1-QCBO-pairs-seed2016,0,138.49629831314087
800,61b4757aedf08761a1b409a464abc581e58d3447b51f0ac6921a8f0b97a8fc51,K1,2402.2257845788263,4.404532061713901,QCBO,False,5b2b049f5b4017daf29a7a78d17ed92bc3e3aedb65e0303ff4eb4ea144f3646c,pairs,365,ClusterChain,2017,351,0,ClusterChain-K1-QCBO-pairs-seed2017,0,108.941974401474
800,61b4757aedf08761a1b409a464abc581e58d3447b51f0ac6921a8f0b97a8fc51,K1,765.5208959798787,1.2140760904232062,QCBO,False,9154fe5586f7942914d1916eea26eb4387003c657a24258751653948bda32a6d,pairs,210,ClusterChain,2018,196,0,ClusterChain-K1-QCBO-pairs-seed2018,0,53.411919355392456
800,61b4757aedf08761a1b409a464abc581e58d3447b51f0ac6921a8f0b97a8fc51,K1,1775.9295348692697,3.2598052283590633,QCBO,False,83e9fb9bff9bc7a3374c3c958858466d8664e81b2af2f9004769ed2c8518c395,pairs,387,ClusterChain,2019,373,0,ClusterChain-K1-QCBO-pairs-seed2019,0,111.84420037269592
800,61b4757aedf08761a1b409a464abc581e58d3447b51f0ac6921a8f0b97a8fc51,K1,619.6511728173238,1.1369746290226135,QCBO,False,10c3c191ca3043fdb9d4c7da397514c7edc2ecd1b4bc2dcead314a1464d04b80,pairs,245,ClusterChain,2020,231,0,ClusterChain-K1-QCBO-pairs-seed2020,0,56.675559282302856
800,61b4757aedf08761a1b409a464abc581e58d3447b51f0ac6921a8f0b97a8fc51,K1,874.4264694945052,1.544617090124895,QCBO,False,590cfc37db554eba854da8a44f06f14c2f651ef57661bb113be5e123ffd58cc1,pairs,228,ClusterChain,2021,214,0,ClusterChain-K1-QCBO-pairs-seed2021,0,61.567115783691406
800,61b4757aedf08761a1b409a464abc581e58d3447b51f0ac6921a8f0b97a8fc51,K1,1773.0613679731714,3.2520270275524745,QCBO,False,b2c17da254df57de0e2c08853e94436d4def698bb2e224592c324bc205523ad6,pairs,375,ClusterChain,2022,361,0,ClusterChain-K1-QCBO-pairs-seed2022,0,136.85373091697693
800,61b4757aedf08761a1b409a464abc581e58d3447b51f0ac6921a8f0b97a8fc51,K1,630.3238999121879,1.120556512139787,QCBO,False,4967e79b0a8b38e37f71458a59e6254412e4b39d4fa1f921a2c826d97e25c07b,pairs,253,ClusterChain,2023,239,0,ClusterChain-K1-QCBO-pairs-seed2023,0,62.23101305961609
800,61b4757aedf08761a1b409a464abc581e58d3447b51f0ac6921a8f0b97a8fc51,K1,678.2846640353913,1.145799170887633,QCBO,False,0267dc97cb9272df77acf56a6d9c3110f3602f3ec410c98a3f1ff0b15953e8c2,pairs,261,ClusterChain,2024,247,0,ClusterChain-K1-QCBO-pairs-seed2024,0,67.7592601776123
800,61b4757aedf08761a1b409a464abc581e58d3447b51f0ac6921a8f0b97a8fc51,K1,1342.1404588404375,1.959480520841259,QCBO,False,a794bce8c5badefd4b5b2b3521bd5288ea8ffcaa9b80f15059a9774a6e15de42,pairs,263,ClusterChain,2025,249,0,ClusterChain-K1-QCBO-pairs-seed2025,0,83.60753583908081
800,61b4757aedf08761a1b409a464abc581e58d3447b51f0ac6921a8f0b97a8fc51,K1,2444.5536762435377,4.422533140626033,QCBO,False,05eec5770736f39fb005b1b3f15ce6ca148e6b1fb8bd4868fdd388203d05b34a,pairs,384,ClusterChain,2026,370,0,ClusterChain-K1-QCBO-pairs-seed2026,0,136.3428864479065
800,61b4757aedf08761a1b409a464abc581e58d3447b51f0ac6921a8f0b97a8fc51,K1,1775.0207085308373,3.252029541609051,QCBO,False,47e059e99a0b7db59c311f7900cc0770b7e5f8d519a94d695bc670363f41ae66,pairs,374,ClusterChain,2027,360,0,ClusterChain-K1-QCBO-pairs-seed2027,0,117.9578537940979
800,61b4757aedf08761a1b409a464abc581e58d3447b51f0ac6921a8f0b97a8fc51,K1,1780.9017293910376,3.267709595212927,QCBO,False,d22607fb3381b1c4680148caff3e6767295e7cc47517fcfbe77cfbd14024bd76,pairs,384,ClusterChain,2028,370,0,ClusterChain-K1-QCBO-pairs-seed2028,0,123.647625207901
800,61b4757aedf08761a1b409a464abc581e58d3447b51f0ac6921a8f0b97a8fc51,K1,1566.7369223893172,1.2609020386416134,QCBO,False,14f4cf24ab7e335499157d74957e25950e243ec7632616fb156f8ed3508f7554,pairs,206,ClusterChain,2029,192,0,ClusterChain-K1-QCBO-pairs-seed2029,0,58.340383768081665
800,61b4757aedf08761a1b409a464abc581e58d3447b51f0ac6921a8f0b97a8fc51,K2,1808.1995298853944,3.310548035122454,CBO,False,824a6f9ec605719a637b2435aeffcd555ddc0717596f74c23d1ac49d99ada861,fine,400,ClusterChain,2000,378,0,ClusterChain-K2-CBO-seed2000,0,163.46438550949097
800,61b4757aedf08761a1b409a464abc581e58d3447b51f0ac6921a8f0b97a8fc51,K2,1219.2040666388805,2.169626149515853,CBO,False,be076d17e6d9d71b37e4e21200427bbde9884fa5754bca5e4ed0ca5c84bf21d6,fine,285,ClusterChain,2001,263,0,ClusterChain-K2-CBO-seed2001,0,97.1290454864502
800,61b4757aedf08761a1b409a464abc581e58d3447b51f0ac6921a8f0b97a8fc51,K2,2554.7990219899566,4.692156060362255,CBO,False,7436ed13bb4ee27fd877abf7dfc3029231cb144633a0023d7d67d0384aac5fbe,fine,304,ClusterChain,2002,282,0,ClusterChain-K2-CBO-seed2002,0,105.16651749610901
800,61b4757aedf08761a1b409a464abc581e58d3447b51f0ac6921a8f0b97a8fc51,K2,1329.744339247959,2.441172566075687,CBO,False,c9b80e0f7fad265a33e596f9743e2e1993a19241fa8e1ab6672b9bc4e43e85ab,fine,299,ClusterChain,2003,277,0,ClusterChain-K2-CBO-seed2003,0,101.58408284187317
800,61b4757aedf08761a1b409a464abc581e58d3447b51f0ac6921a8f0b97a8fc51,K2,1641.3152685809946,2.951572306073576,CBO,False,b593e559d7b1a7591cb2f5ef21262f3f5e310fa5562b45fd5bd1ba67c6df093d,fine,289,ClusterChain,2004,267,0,ClusterChain-K2-CBO-seed2004,0,117.42986941337585
800,61b4757aedf08761a1b409a464abc581e58d3447b51f0ac6921a8f0b97a8fc51,K2,2221.9966886007583,3.931433722887773,CBO,False,0a15fe67250e612e5fa9b4005617dc322bc8dd2e14b49b818fe381bf4c29ff62,fine,314,ClusterChain,2005,292,0,ClusterChain-K2-CBO-seed2005,0,105.24628496170044
800,61b4757aedf08761a1b409a464abc581e58d3447b51f0ac6921a8f0b97a8fc51,K2,1870.2125062524149,3.4315825802796933,CBO,False,fd74f4d6e078e0c0a35a2da1ebcf1f77e1d01817de7365a426ddeb0fc3fc871c,fine,400,ClusterChain,2006,378,0,ClusterChain-K2-CBO-seed2006,0,152.28995656967163
800,61b4757aedf08761a1b409a464abc581e58d3447b51f0ac6921a8f0b97a8fc51,K2,1192.4773187589233,2.1775923057428157,CBO,False,f6896e78e02858704264bc25b2a24ef4d620c4d9476617c7f998dd9781b4ac63,fine,291,ClusterChain,2007,269,0,ClusterChain-K2-CBO-seed2007,0,98.64858317375183
800,61b4757aedf08761a1b409a464abc581e58d3447b51f0ac6921a8f0b97a8fc51,K2,1227.9014592029748,2.25303020037241,CBO,False,758a747718c03a83b8646e5d1996faccd749d92203d857fad9069b04d30ccfba,fine,303,ClusterChain,2008,281,0,ClusterChain-K2-CBO-seed2008,0,102.75205278396606
800,61b4757aedf08761a1b409a464abc581e58d3447b51f0ac6921a8f0b97a8fc51,K2,1981.7335711090036,3.625290548640642,CBO,False,bdb43d33eb86b6a64d29689549e07e25211733b582507c5fad66e2b2ac69304b,fine,426,ClusterChain,2009,404,0,ClusterChain-K2-CBO-seed2009,0,148.99187898635864
800,61b4757aedf08761a1b409a464abc581e58d3447b51f0ac6921a8f0b97a8fc51,K2,1781.244698993528,3.285251368568871,CBO,False,9e0270130158fc69946e86d28dbde6ae51a7a9525fa35a13d0b22176b1506367,fine,397,ClusterChain,2010,375,0,ClusterChain-K2-CBO-seed2010,0,143.4164261817932
800,61b4757aedf08761a1b409a464abc581e58d3447b51f0ac6921a8f0b97a8fc51,K2,1204.5608775948463,2.209903715480956,CBO,False,7cbf5572eefc4077d0d8e8a6782d65076cc08c3fa88683b27ef0faf75f77d99b,fine,298,ClusterChain,2011,276,0,ClusterChain-K2-CBO-seed2011,0,97.82923173904419
800,61b4757aedf08761a1b409a464abc581e58d3447b51f0ac6921a8f0b97a8fc51,K2,1541.7247624408237,2.824545064334364,CBO,False,6780560e1ffa1447df6054ad8e8e4d72b284ae8e1c8ab5fb5e2227361977d92b,fine,447,ClusterChain,2012,425,0,ClusterChain-K2-CBO-seed2012,0,154.25404143333435
800,61b4757aedf08761a1b409a464abc581e58d3447b51f0ac6921a8f0b97a8fc51,K2,1934.2687481696246,3.544487082525098,CBO,False,37eb6f49f5f3fd9b7935a0e93d50c74df20901b5a65b877368c13e0bfa8e145f,fine,403,ClusterChain,2013,381,0,ClusterChain-K2-CBO-seed2013,0,173.57820916175842
800,61b4757aedf08761a1b409a464abc581e58d3447b51f0ac6921a8f0b97a8fc51,K2,2532.7175905690715,4.647188239576262,CBO,False,cf65ba8c94d0e5b9785918366c13cb8469db1c22ab45b99e073c654ebbe7a761,fine,402,ClusterChain,2014,380,0,ClusterChain-K2-CBO-seed2014,0,156.2184829711914
800,61b4757aedf08761a1b409a464abc581e58d3447b51f0ac6921a8f0b97a8fc51,K2,1194.339316745789,2.1932184655150087,CBO,False,912be55de8182feddea0cd1532a8bd1c8430b94f073d13f82db0c9a2f748b66d,fine,294,ClusterChain,2015,272,0,ClusterChain-K2-CBO-seed2015,0,97.39022731781006
800,61b4757aedf08761a1b409a464abc581e58d3447b51f0ac6921a8f0b97a8fc51,K2,1406.965804473639,2.599033362363088,CBO,False,5d9fd61e2ee182e288d0d514b556e4760fc4757b7301e77e5aaf32627beeb6cc,fine,318,ClusterChain,2016,296,0,ClusterChain-K2-CBO-seed2016,0,140.51024198532104
800,61b4757aedf08761a1b409a464abc581e58d3447b51f0ac6921a8f0b97a8fc51,K2,1881.0570178278272,3.297869132238062,CBO,False,5b2b049f5b4017daf29a7a78d17ed92bc3e3aedb65e0303ff4eb4ea144f3646c,fine,396,ClusterChain,2017,374,0,ClusterChain-K2-CBO-seed2017,0,144.08052730560303
800,61b4757aedf08761a1b409a464abc581e58d3447b51f0ac6921a8f0b97a8fc51,K2,2398.6857538242507,2.579514039567456,CBO,False,9154fe5586f7942914d1916eea26eb4387003c657a24258751653948bda32a6d,fine,288,ClusterChain,2018,266,0,ClusterChain-K2-CBO-seed2018,0,99.81652522087097
800,61b4757aedf08761a1b409a464abc581e58d3447b51f0ac6921a8f0b97a8fc51,K2,1906.616052186647,3.344468743973743,CBO,False,83e9fb9bff9bc7a3374c3c958858466d8664e81b2af2f9004769ed2c8518c395,fine,403,ClusterChain,2019,381,0,ClusterChain-K2-CBO-seed2019,0,158.56195640563965
800,61b4757aedf08761a1b409a464abc581e58d3447b51f0ac6921a8f0b97a8fc51,K2,1254.9473549165868,2.3031804477911155,CBO,False,10c3c191ca3043fdb9d4c7da397514c7edc2ecd1b4bc2dcead314a1464d04b80,fine,290,ClusterChain,2020,268,0,ClusterChain-K2-CBO-seed2020,0,98.59206700325012
800,61b4757aedf08761a1b409a464abc581e58d3447b51f0ac6921a8f0b97a8fc51,K2,1941.4797011594183,3.5623480755218715,CBO,False,590cfc37db554eba854da8a44f06f14c2f651ef57661bb113be5e123ffd58cc1,fine,403,ClusterChain,2021,381,0,ClusterChain-K2-CBO-seed2021,0,150.6314721107483
800,61b4757aedf08761a1b409a464abc581e58d3447b51f0ac6921a8f0b97a8fc51,K2,2050.3913416503306,3.3850485195881657,CBO,False,b2c17da254df57de0e2c08853e94436d4def698bb2e224592c324bc205523ad6,fine,403,ClusterChain,2022,381,0,ClusterChain-K2-CBO-seed2022,0,155.12503719329834
800,61b4757aedf08761a1b409a464abc581e58d3447b51f0ac6921a8f0b97a8fc51,K2,1195.0666561670703,2.1965567543658944,CBO,False,4967e79b0a8b38e37f71458a59e6254412e4b39d4fa1f921a2c826d97e25c07b,fine,283,ClusterChain,2023,261,0,ClusterChain-K2-CBO-seed2023,0,95.71393513679504
800,61b4757aedf08761a1b409a464abc581e58d3447b51f0ac6921a8f0b97a8fc51,K2,1775.872935158532,3.2584824498321545,CBO,False,0267dc97cb9272df77acf56a6d9c3110f3602f3ec410c98a3f1ff0b15953e8c2,fine,403,ClusterChain,2024,381,0,ClusterChain-K2-CBO-seed2024,0,152.35714483261108
800,61b4757aedf08761a1b409a464abc581e58d3447b51f0ac6921a8f0b97a8fc51,K2,1938.913228403997,3.5622487330251467,CBO,False,a794bce8c5badefd4b5b2b3521bd5288ea8ffcaa9b80f15059a9774a6e15de42,fine,409,ClusterChain,2025,387,0,ClusterChain-K2-CBO-seed2025,0,181.3588457107544
800,61b4757aedf08761a1b409a464abc581e58d3447b51f0ac6921a8f0b97a8fc51,K2,1992.3548550848518,3.655696981807058,CBO,False,05eec5770736f39fb005b1b3f15ce6ca148e6b1fb8bd4868fdd388203d05b34a,fine,397,ClusterChain,2026,375,0,ClusterChain-K2-CBO-seed2026,0,132.0228819847107
800,61b4757aedf08761a1b409a464abc581e58d3447b51f0ac6921a8f0b97a8fc51,K2,1235.818536701082,2.2790680200790785,CBO,False,47e059e99a0b7db59c311f7900cc0770b7e5f8d519a94d695bc670363f41ae66,fine,289,ClusterChain,2027,267,0,ClusterChain-K2-CBO-seed2027,0,97.26915884017944
800,61b4757aedf08761a1b409a464abc581e58d3447b51f0ac6921a8f0b97a8fc51,K2,1846.2678494080924,3.38764743010655,CBO,False,d22607fb3381b1c4680148caff3e6767295e7cc47517fcfbe77cfbd14024bd76,fine,403,ClusterChain,2028,381,0,ClusterChain-K2-CBO-seed2028,0,158.45149278640747
800,61b4757aedf08761a1b409a464abc581e58d3447b51f0ac6921a8f0b97a8fc51,K2,1194.8559034039506,2.1891420053724433,CBO,False,14f4cf24ab7e335499157d74957e25950e243ec7632616fb156f8ed3508f7554,fine,300,ClusterChain,2029,278,0,ClusterChain-K2-CBO-seed2029,0,101.53207802772522
800,61b4757aedf08761a1b409a464abc581e58d3447b51f0ac6921a8f0b97a8fc51,K2,1223.8555123760611,2.2456064447267163,QCBO,False,824a6f9ec605719a637b2435aeffcd555ddc0717596f74c23d1ac49d99ada861,alt,273,ClusterChain,2000,259,0,ClusterChain-K2-QCBO-alt-seed2000,0,67.77995467185974
800,61b4757aedf08761a1b409a464abc581e58d3447b51f0ac6921a8f0b97a8fc51,K2,1199.272443221116,2.169509731155711,QCBO,False,be076d17e6d9d71b37e4e21200427bbde9884fa5754bca5e4ed0ca5c84bf21d6,alt,278,ClusterChain,2001,264,0,ClusterChain-K2-QCBO-alt-seed2001,0,75.58262777328491
800,61b4757aedf08761a1b409a464abc581e58d3447b51f0ac6921a8f0b97a8fc51,K2,1989.121008261588,3.6132635010831846,QCBO,False,7436ed13bb4ee27fd877abf7dfc3029231cb144633a0023d7d67d0384aac5fbe,alt,272,ClusterChain,2002,258,0,ClusterChain-K2-QCBO-alt-seed2002,0,79.86906504631042
800,61b4757aedf08761a1b409a464abc581e58d3447b51f0ac6921a8f0b97a8fc51,K2,2108.642540919801,3.8674746028839486,QCBO,False,c9b80e0f7fad265a33e596f9743e2e1993a19241fa8e1ab6672b9bc4e43e85ab,alt,386,ClusterChain,2003,372,0,ClusterChain-K2-QCBO-alt-seed2003,0,135.6085433959961
800,61b4757aedf08761a1b409a464abc581e58d3447b51f0ac6921a8f0b97a8fc51,K2,1661.1822451687262,3.089852098323945,QCBO,False,b593e559d7b1a7591cb2f5ef21262f3f5e310fa5562b45fd5bd1ba67c6df093d,alt,274,ClusterChain,2004,260,0,ClusterChain-K2-QCBO-alt-seed2004,0,89.17863607406616
800,61b4757aedf08761a1b409a464abc581e58d3447b51f0ac6921a8f0b97a8fc51,K2,1855.2517881233573,3.3238129544270785,QCBO,False,0a15fe67250e612e5fa9b4005617dc322bc8dd2e14b49b818fe381bf4c29ff62,alt,382,ClusterChain,2005,368,0,ClusterChain-K2-QCBO-alt-seed2005,0,141.9627149105072
800,61b4757aedf08761a1b409a464abc581e58d3447b51f0ac6921a8f0b97a8fc51,K2,1265.5109414892636,2.189814350646625,QCBO,False,fd74f4d6e078e0c0a35a2da1ebcf1f77e1d01817de7365a426ddeb0fc3fc871c,alt,291,ClusterChain,2006,277,0,ClusterChain-K2-QCBO-alt-seed2006,0,82.45142936706543
800,61b4757aedf08761a1b409a464abc581e58d3447b51f0ac6921a8f0b97a8fc51,K2,1213.136975390315,2.252031652429553,QCBO,False,f6896e78e02858704264bc25b2a24ef4d620c4d9476617c7f998dd9781b4ac63,alt,271,ClusterChain,2007,257,0,ClusterChain-K2-QCBO-alt-seed2007,0,70.54958868026733
800,61b4757aedf08761a1b409a464abc581e58d3447b51f0ac6921a8f0b97a8fc51,K2,1782.3986700824044,3.2751315126885387,QCBO,False,758a747718c03a83b8646e5d1996faccd749d92203d857fad9069b04d30ccfba,alt,388,ClusterChain,2008,374,0,ClusterChain-K2-QCBO-alt-seed2008,0,132.97763109207153
800,61b4757aedf08761a1b409a464abc581e58d3447b51f0ac6921a8f0b97a8fc51,K2,2087.6962843119527,3.8359943196879884,QCBO,False,bdb43d33eb86b6a64d29689549e07e25211733b582507c5fad66e2b2ac69304b,alt,392,ClusterChain,2009,378,0,ClusterChain-K2-QCBO-alt-seed2009,0,113.2319929599762
800,61b4757aedf08761a1b409a464abc581e58d3447b51f0ac6921a8f0b97a8fc51,K2,1321.8195651912874,2.259630165982285,QCBO,False,9e0270130158fc69946e86d28dbde6ae51a7a9525fa35a13d0b22176b1506367,alt,272,ClusterChain,2010,258,0,ClusterChain-K2-QCBO-alt-seed2010,0,74.57206559181213
800,61b4757aedf08761a1b409a464abc581e58d3447b51f0ac6921a8f0b97a8fc51,K2,1186.973070188609,2.1778595762974238,QCBO,False,7cbf5572eefc4077d0d8e8a6782d65076cc08c3fa88683b27ef0faf75f77d99b,alt,264,ClusterChain,2011,250,0,ClusterChain-K2-QCBO-alt-seed2011,0,68.95515012741089
800,61b4757aedf08761a1b409a464abc581e58d3447b51f0ac6921a8f0b97a8fc51,K2,1938.6960157155781,3.555099069018465,QCBO,False,6780560e1ffa1447df6054ad8e8e4d72b284ae8e1c8ab5fb5e2227361977d92b,alt,389,ClusterChain,2012,375,0,ClusterChain-K2-QCBO-alt-seed2012,0,125.37557196617126
800,61b4757aedf08761a1b409a464abc581e58d3447b51f0ac6921a8f0b97a8fc51,K2,1835.6892438090458,3.369827094802435,QCBO,False,37eb6f49f5f3fd9b7935a0e93d50c74df20901b5a65b877368c13e0bfa8e145f,alt,378,ClusterChain,2013,364,0,ClusterChain-K2-QCBO-alt-seed2013,0,122.54121255874634
800,61b4757aedf08761a1b409a464abc581e58d3447b51f0ac6921a8f0b97a8fc51,K2,1217.338339285284,2.212501145930255,QCBO,False,cf65ba8c94d0e5b9785918366c13cb8469db1c22ab45b99e073c654ebbe7a761,alt,285,ClusterChain,2014,271,0,ClusterChain-K2-QCBO-alt-seed2014,0,74.29998564720154
800,61b4757aedf08761a1b409a464abc581e58d3447b51f0ac6921a8f0b97a8fc51,K2,1191.752394952141,2.178833516025814,QCBO,False,912be55de8182feddea0cd1532a8bd1c8430b94f073d13f82db0c9a2f748b66d,alt,275,ClusterChain,2015,261,0,ClusterChain-K2-QCBO-alt-seed2015,0,70.65942811965942
800,61b4757aedf08761a1b409a464abc581e58d3447b51f0ac6921a8f0b97a8fc51,K2,1429.3058592985424,2.6225795583459703,QCBO,False,5d9fd61e2ee182e288d0d514b556e4760fc4757b7301e77e5aaf32627beeb6cc,alt,271,ClusterChain,2016,257,0,ClusterChain-K2-QCBO-alt-seed2016,0,76.7429940700531
800,61b4757aedf08761a1b409a464abc581e58d3447b51f0ac6921a8f0b97a8fc51,K2,2025.4802948437195,3.7191012802526338,QCBO,False,5b2b049f5b4017daf29a7a78d17ed92bc3e3aedb65e0303ff4eb4ea144f3646c,alt,391,ClusterChain,2017,377,0,ClusterChain-K2-QCBO-alt-seed2017,0,112.05946707725525
800,61b4757aedf08761a1b409a464abc581e58d3447b51f0ac6921a8f0b97a8fc51,K2,3537.0854244787424,2.808959391273397,QCBO,False,9154fe5586f7942914d1916eea26eb4387003c657a24258751653948bda32a6d,alt,270,ClusterChain,2018,256,0,ClusterChain-K2-QCBO-alt-seed2018,0,72.03053402900696
800,61b4757aedf08761a1b409a464abc581e58d3447b51f0ac6921a8f0b97a8fc51,K2,1810.09160394916,3.318960178077221,QCBO,False,83e9fb9bff9bc7a3374c3c958858466d8664e81b2af2f9004769ed2c8518c395,alt,393,ClusterChain,2019,379,0,ClusterChain-K2-QCBO-alt-seed2019,0,129.03154873847961
800,61b4757aedf08761a1b409a464abc581e58d3447b51f0ac6921a8f0b97a8fc51,K2,1482.9562542029744,2.2126083265077074,QCBO,False,10c3c191ca3043fdb9d4c7da397514c7edc2ecd1b4bc2dcead314a1464d04b80,alt,339,ClusterChain,2020,325,0,ClusterChain-K2-QCBO-alt-seed2020,0,88.53568696975708
800,61b4757aedf08761a1b409a464abc581e58d3447b51f0ac6921a8f0b97a8fc51,K2,1284.5372332014738,2.356574735243635,QCBO,False,590cfc37db554eba854da8a44f06f14c2f651ef57661bb113be5e123ffd58cc1,alt,295,ClusterChain,2021,281,0,ClusterChain-K2-QCBO-alt-seed2021,0,72.70418906211853
800,61b4757aedf08761a1b409a464abc581e58d3447b51f0ac6921a8f0b97a8fc51,K2,2950.8769662248824,5.2211320121678115,QCBO,False,b2c17da254df57de0e2c08853e94436d4def698bb2e224592c324bc205523ad6,alt,388,ClusterChain,2022,374,0,ClusterChain-K2-QCBO-alt-seed2022,0,153.89026808738708
800,61b4757aedf08761a1b409a464abc581e58d3447b51f0ac6921a8f0b97a8fc51,K2,1216.1804983566662,2.204452158809632,QCBO,False,4967e79b0a8b38e37f71458a59e6254412e4b39d4fa1f921a2c826d97e25c07b,alt,273,ClusterChain,2023,259,0,ClusterChain-K2-QCBO-alt-seed2023,0,71.11179971694946
800,61b4757aedf08761a1b409a464abc581e58d3447b51f0ac6921a8f0b97a8fc51,K2,1820.4077631121768,3.340197730481009,QCBO,False,0267dc97cb9272df77acf56a6d9c3110f3602f3ec410c98a3f1ff0b15953e8c2,alt,386,ClusterChain,2024,372,0,ClusterChain-K2-QCBO-alt-seed2024,0,114.81291794776917
800,61b4757aedf08761a1b409a464abc581e58d3447b51f0ac6921a8f0b97a8fc51,K2,2031.2606950494883,3.7018230722044603,QCBO,False,a794bce8c5badefd4b5b2b3521bd5288ea8ffcaa9b80f15059a9774a6e15de42,alt,390,ClusterChain,2025,376,0,ClusterChain-K2-QCBO-alt-seed2025,0,152.593932390213
800,61b4757aedf08761a1b409a464abc581e58d3447b51f0ac6921a8f0b97a8fc51,K2,1803.3022049766025,3.303798461636577,QCBO,False,05eec5770736f39fb005b1b3f15ce6ca148e6b1fb8bd4868fdd388203d05b34a,alt,392,ClusterChain,2026,378,0,ClusterChain-K2-QCBO-alt-seed2026,0,144.7815682888031
800,61b4757aedf08761a1b409a464abc581e58d3447b51f0ac6921a8f0b97a8fc51,K2,1363.3950848325028,2.478388369849828,QCBO,False,47e059e99a0b7db59c311f7900cc0770b7e5f8d519a94d695bc670363f41ae66,alt,293,ClusterChain,2027,279,0,ClusterChain-K2-QCBO-alt-seed2027,0,74.7475471496582
800,61b4757aedf08761a1b409a464abc581e58d3447b51f0ac6921a8f0b97a8fc51,K2,1306.0978162155038,2.396509754523864,QCBO,False,d22607fb3381b1c4680148caff3e6767295e7cc47517fcfbe77cfbd14024bd76,alt,312,ClusterChain,2028,298,0,ClusterChain-K2-QCBO-alt-seed2028,0,84.50150346755981
800,61b4757aedf08761a1b409a464abc581e58d3447b51f0ac6921a8f0b97a8fc51,K2,1197.993622370317,2.192259347219313,QCBO,False,14f4cf24ab7e335499157d74957e25950e243ec7632616fb156f8ed3508f7554,alt,268,ClusterChain,2029,254,0,ClusterChain-K2-QCBO-alt-seed2029,0,73.26175856590271
800,61b4757aedf08761a1b409a464abc581e58d3447b51f0ac6921a8f0b97a8fc51,K2,3370.2718989798063,6.183985135742777,QCBO,False,824a6f9ec605719a637b2435aeffcd555ddc0717596f74c23d1ac49d99ada861,coarse,200,ClusterChain,2000,198,0,ClusterChain-K2-QCBO-coarse-seed2000,0,24.16958975791931
800,61b4757aedf08761a1b409a464abc581e58d3447b51f0ac6921a8f0b97a8fc51,K2,3336.7316110716615,6.120594334995144,QCBO,False,be076d17e6d9d71b37e4e21200427bbde9884fa5754bca5e4ed0ca5c84bf21d6,coarse,200,ClusterChain,2001,198,0,ClusterChain-K2-QCBO-coarse-seed2001,0,25.136634826660156
800,61b4757aedf08761a1b409a464abc581e58d3447b51f0ac6921a8f0b97a8fc51,K2,3338.8942083230295,6.122088777515242,QCBO,False,7436ed13bb4ee27fd877abf7dfc3029231cb144633a0023d7d67d0384aac5fbe,coarse,200,ClusterChain,2002,198,0,ClusterChain-K2-QCBO-coarse-seed2002,0,31.88562774658203
800,61b4757aedf08761a1b409a464abc581e58d3447b51f0ac6921a8f0b97a8fc51,K2,3517.2937723192777,6.144443487058801,QCBO,False,c9b80e0f7fad265a33e596f9743e2e1993a19241fa8e1ab6672b9bc4e43e85ab,coarse,200,ClusterChain,2003,198,0,ClusterChain-K2-QCBO-coarse-seed2003,0,29.090110301971436
800,61b4757aedf08761a1b409a464abc581e58d3447b51f0ac6921a8f0b97a8fc51,K2,3383.87128526545,6.131323828553912,QCBO,False,b593e559d7b1a7591cb2f5ef21262f3f5e310fa5562b45fd5bd1ba67c6df093d,coarse,200,ClusterChain,2004,198,0,ClusterChain-K2-QCBO-coarse-seed2004,0,25.918652534484863
800,61b4757aedf08761a1b409a464abc581e58d3447b51f0ac6921a8f0b97a8fc51,K2,3348.45890168554,6.15385333020889,QCBO,False,0a15fe67250e612e5fa9b4005617dc322bc8dd2e14b49b818fe381bf4c29ff62,coarse,200,ClusterChain,2005,198,0,ClusterChain-K2-QCBO-coarse-seed2005,0,27.07667303085327
800,61b4757aedf08761a1b409a464abc581e58d3447b51f0ac6921a8f0b97a8fc51,K2,3344.4933380500784,6.1326361788380215,QCBO,False,fd74f4d6e078e0c0a35a2da1ebcf1f77e1d01817de7365a426ddeb0fc3fc871c,coarse,200,ClusterChain,2006,198,0,ClusterChain-K2-QCBO-coarse-seed2006,0,23.115436792373657
800,61b4757aedf08761a1b409a464abc581e58d3447b51f0ac6921a8f0b97a8fc51,K2,3463.2549835137706,6.358081495839028,QCBO,False,f6896e78e02858704264bc25b2a24ef4d620c4d9476617c7f998dd9781b4ac63,coarse,200,ClusterChain,2007,198,0,ClusterChain-K2-QCBO-coarse-seed2007,0,28.037137508392334
800,61b4757aedf08761a1b409a464abc581e58d3447b51f0ac6921a8f0b97a8fc51,K2,3419.4320521548907,6.274187251660339,QCBO,False,758a747718c03a83b8646e5d1996faccd749d92203d857fad9069b04d30ccfba,coarse,200,ClusterChain,2008,198,0,ClusterChain-K2-QCBO-coarse-seed2008,0,26.00823950767517
800,61b4757aedf08761a1b409a464abc581e58d3447b51f0ac6921a8f0b97a8fc51,K2,3363.803166418023,6.181053777720799,QCBO,False,bdb43d33eb86b6a64d29689549e07e25211733b582507c5fad66e2b2ac69304b,coarse,200,ClusterChain,2009,198,0,ClusterChain-K2-QCBO-coarse-seed2009,0,27.430601596832275
800,61b4757aedf08761a1b409a464abc581e58d3447b51f0ac6921a8f0b97a8fc51,K2,3386.9630930238864,6.126510537954131,QCBO,False,9e0270130158fc69946e86d28dbde6ae51a7a9525fa35a13d0b22176b1506367,coarse,200,ClusterChain,2010,198,0,ClusterChain-K2-QCBO-coarse-seed2010,0,27.98921275138855
800,61b4757aedf08761a1b409a464abc581e58d3447b51f0ac6921a8f0b97a8fc51,K2,3339.69617102725,6.125280678680372,QCBO,False,7cbf5572eefc4077d0d8e8a6782d65076cc08c3fa88683b27ef0faf75f77d99b,coarse,200,ClusterChain,2011,198,0,ClusterChain-K2-QCBO-coarse-seed2011,0,26.972541093826294
800,61b4757aedf08761a1b409a464abc581e58d3447b51f0ac6921a8f0b97a8fc51,K2,3338.9163616553255,6.126452039734574,QCBO,False,6780560e1ffa1447df6054ad8e8e4d72b284ae8e1c8ab5fb5e2227361977d92b,coarse,200,ClusterChain,2012,198,0,ClusterChain-K2-QCBO-coarse-seed2012,0,26.56270933151245
800,61b4757aedf08761a1b409a464abc581e58d3447b51f0ac6921a8f0b97a8fc51,K2,3356.2707308934478,6.137406304233372,QCBO,False,37eb6f49f5f3fd9b7935a0e93d50c74df20901b5a65b877368c13e0bfa8e145f,coarse,200,ClusterChain,2013,198,0,ClusterChain-K2-QCBO-coarse-seed2013,0,24.502817153930664
800,61b4757aedf08761a1b409a464abc581e58d3447b51f0ac6921a8f0b97a8fc51,K2,3488.0236620338114,6.125582628035587,QCBO,False,cf65ba8c94d0e5b9785918366c13cb8469db1c22ab45b99e073c654ebbe7a761,coarse,200,ClusterChain,2014,198,0,ClusterChain-K2-QCBO-coarse-seed2014,0,25.85268473625183
800,61b4757aedf08761a1b409a464abc581e58d3447b51f0ac6921a8f0b97a8fc51,K2,3359.582178003233,6.164370968813255,QCBO,False,912be55de8182feddea0cd1532a8bd1c8430b94f073d13f82db0c9a2f748b66d,coarse,200,ClusterChain,2015,198,0,ClusterChain-K2-QCBO-coarse-seed2015,0,24.17751717567444
800,61b4757aedf08761a1b409a464abc581e58d3447b51f0ac6921a8f0b97a8fc51,K2,3410.3477276259596,6.137399232978272,QCBO,False,5d9fd61e2ee182e288d0d514b556e4760fc4757b7301e77e5aaf32627beeb6cc,coarse,200,ClusterChain,2016,198,0,ClusterChain-K2-QCBO-coarse-seed2016,0,27.727723121643066
800,61b4757aedf08761a1b409a464abc581e58d3447b51f0ac6921a8f0b97a8fc51,K2,3390.7522278579695,6.155876520546656,QCBO,False,5b2b049f5b4017daf29a7a78d17ed92bc3e3aedb65e0303ff4eb4ea144f3646c,coarse,200,ClusterChain,2017,198,0,ClusterChain-K2-QCBO-coarse-seed2017,0,27.9163076877594
800,61b4757aedf08761a1b409a464abc581e58d3447b51f0ac6921a8f0b97a8fc51,K2,3401.007140664098,6.132759408176123,QCBO,False,9154fe5586f7942914d1916eea26eb4387003c657a24258751653948bda32a6d,coarse,200,ClusterChain,2018,198,0,ClusterChain-K2-QCBO-coarse-seed2018,0,26.630611181259155
800,61b4757aedf08761a1b409a464abc581e58d3447b51f0ac6921a8f0b97a8fc51,K2,3357.7878302113754,6.1610823250161575,QCBO,False,83e9fb9bff9bc7a3374c3c958858466d8664e81b2af2f9004769ed2c8518c395,coarse,200,ClusterChain,2019,198,0,ClusterChain-K2-QCBO-coarse-seed2019,0,24.890766143798828
800,61b4757aedf08761a1b409a464abc581e58d3447b51f0ac6921a8f0b97a8fc51,K2,3357.498170389634,6.154912035883986,QCBO,False,10c3c191ca3043fdb9d4c7da397514c7edc2ecd1b4bc2dcead314a1464d04b80,coarse,200,ClusterChain,2020,198,0,ClusterChain-K2-QCBO-coarse-seed2020,0,25.992814779281616
800,61b4757aedf08761a1b409a464abc581e58d3447b51f0ac6921a8f0b97a8fc51,K2,3371.9323989081645,6.145628107961877,QCBO,False,590cfc37db554eba854da8a44f06f14c2f651ef57661bb113be5e123ffd58cc1,coarse,200,ClusterChain,2021,198,0,ClusterChain-K2-QCBO-coarse-seed2021,0,23.56303310394287
800,61b4757aedf08761a1b409a464abc581e58d3447b51f0ac6921a8f0b97a8fc51,K2,3465.85399586319,6.4380763294249155,QCBO,False,b2c17da254df57de0e2c08853e94436d4def698bb2e224592c324bc205523ad6,coarse,200,ClusterChain,2022,198,0,ClusterChain-K2-QCBO-coarse-seed2022,0,26.76309299468994
800,61b4757aedf08761a1b409a464abc581e58d3447b51f0ac6921a8f0b97a8fc51,K2,3358.164359581836,6.130652562889611,QCBO,False,4967e79b0a8b38e37f71458a59e6254412e4b39d4fa1f921a2c826d97e25c07b,coarse,200,ClusterChain,2023,198,0,ClusterChain-K2-QCBO-coarse-seed2023,0,22.141149759292603
800,61b4757aedf08761a1b409a464abc581e58d3447b51f0ac6921a8f0b97a8fc51,K2,3390.04158611137,6.220259791030108,QCBO,False,0267dc97cb9272df77acf56a6d9c3110f3602f3ec410c98a3f1ff0b15953e8c2,coarse,200,ClusterChain,2024,198,0,ClusterChain-K2-QCBO-coarse-seed2024,0,24.781519651412964
800,61b4757aedf08761a1b409a464abc581e58d3447b51f0ac6921a8f0b97a8fc51,K2,3380.240402897057,6.2022759686185,QCBO,False,a794bce8c5badefd4b5b2b3521bd5288ea8ffcaa9b80f15059a9774a6e15de42,coarse,200,ClusterChain,2025,198,0,ClusterChain-K2-QCBO-coarse-seed2025,0,25.966017961502075
800,61b4757aedf08761a1b409a464abc581e58d3447b51f0ac6921a8f0b97a8fc51,K2,3343.064059922743,6.136529185233312,QCBO,False,05eec5770736f39fb005b1b3f15ce6ca148e6b1fb8bd4868fdd388203d05b34a,coarse,200,ClusterChain,2026,198,0,ClusterChain-K2-QCBO-coarse-seed2026,0,24.422641277313232
800,61b4757aedf08761a1b409a464abc581e58d3447b51f0ac6921a8f0b97a8fc51,K2,3431.0729685529545,6.295546731289734,QCBO,False,47e059e99a0b7db59c311f7900cc0770b7e5f8d519a94d695bc670363f41ae66,coarse,200,ClusterChain,2027,198,0,ClusterChain-K2-QCBO-coarse-seed2027,0,25.74885845184326
800,61b4757aedf08761a1b409a464abc581e58d3447b51f0ac6921a8f0b97a8fc51,K2,3514.8998919173405,6.392257486648949,QCBO,False,d22607fb3381b1c4680148caff3e6767295e7cc47517fcfbe77cfbd14024bd76,coarse,200,ClusterChain,2028,198,0,ClusterChain-K2-QCBO-coarse-seed2028,0,26.646266222000122
800,61b4757aedf08761a1b409a464abc581e58d3447b51f0ac6921a8f0b97a8fc51,K2,3371.4567705442832,6.123180193653571,QCBO,False,14f4cf24ab7e335499157d74957e25950e243ec7632616fb156f8ed3508f7554,coarse,200,ClusterChain,2029,198,0,ClusterChain-K2-QCBO-coarse-seed2029,0,27.161219596862793
800,61b4757aedf08761a1b409a464abc581e58d3447b51f0ac6921a8f0b97a8fc51,K2,1832.6579137447975,3.3633906226954178,QCBO,False,824a6f9ec605719a637b2435aeffcd555ddc0717596f74c23d1ac49d99ada861,pairs,398,ClusterChain,2000,392,0,ClusterChain-K2-QCBO-pairs-seed2000,0,86.35617280006409
800,61b4757aedf08761a1b409a464abc581e58d3447b51f0ac6921a8f0b97a8fc51,K2,1839.94902660527,3.382430064719536,QCBO,False,be076d17e6d9d71b37e4e21200427bbde9884fa5754bca5e4ed0ca5c84bf21d6,pairs,392,ClusterChain,2001,386,0,ClusterChain-K2-QCBO-pairs-seed2001,0,108.7161180973053
800,61b4757aedf08761a1b409a464abc581e58d3447b51f0ac6921a8f0b97a8fc51,K2,5493.47363673162,10.152335507846916,QCBO,False,7436ed13bb4ee27fd877abf7dfc3029231cb144633a0023d7d67d0384aac5fbe,pairs,391,ClusterChain,2002,385,0,ClusterChain-K2-QCBO-pairs-seed2002,0,96.88495826721191
800,61b4757aedf08761a1b409a464abc581e58d3447b51f0ac6921a8f0b97a8fc51,K2,2429.141293821219,4.445602962466563,QCBO,False,c9b80e0f7fad265a33e596f9743e2e1993a19241fa8e1ab6672b9bc4e43e85ab,pairs,392,ClusterChain,2003,386,0,ClusterChain-K2-QCBO-pairs-seed2003,0,121.6304612159729
800,61b4757aedf08761a1b409a464abc581e58d3447b51f0ac6921a8f0b97a8fc51,K2,2337.654877833334,4.288117057565864,QCBO,False,b593e559d7b1a7591cb2f5ef21262f3f5e310fa5562b45fd5bd1ba67c6df093d,pairs,392,ClusterChain,2004,386,0,ClusterChain-K2-QCBO-pairs-seed2004,0,137.1603627204895
800,61b4757aedf08761a1b409a464abc581e58d3447b51f0ac6921a8f0b97a8fc51,K2,1851.3157300543587,3.3969095964299756,QCBO,False,0a15fe67250e612e5fa9b4005617dc322bc8dd2e14b49b818fe381bf4c29ff62,pairs,390,ClusterChain,2005,384,0,ClusterChain-K2-QCBO-pairs-seed2005,0,125.12163281440735
800,61b4757aedf08761a1b409a464abc581e58d3447b51f0ac6921a8f0b97a8fc51,K2,1784.9178021412738,3.275078536039068,QCBO,False,fd74f4d6e078e0c0a35a2da1ebcf1f77e1d01817de7365a426ddeb0fc3fc871c,pairs,392,ClusterChain,2006,386,0,ClusterChain-K2-QCBO-pairs-seed2006,0,94.57502222061157
800,61b4757aedf08761a1b409a464abc581e58d3447b51f0ac6921a8f0b97a8fc51,K2,1798.2887300624693,3.2996123487384397,QCBO,False,f6896e78e02858704264bc25b2a24ef4d620c4d9476617c7f998dd9781b4ac63,pairs,395,ClusterChain,2007,389,0,ClusterChain-K2-QCBO-pairs-seed2007,0,95.92798185348511
800,61b4757aedf08761a1b409a464abc581e58d3447b51f0ac6921a8f0b97a8fc51,K2,1827.425033137286,3.353371825049346,QCBO,False,758a747718c03a83b8646e5d1996faccd749d92203d857fad9069b04d30ccfba,pairs,395,ClusterChain,2008,389,0,ClusterChain-K2-QCBO-pairs-seed2008,0,116.86835813522339
800,61b4757aedf08761a1b409a464abc581e58d3447b51f0ac6921a8f0b97a8fc51,K2,2276.15228271144,4.169649857721561,QCBO,False,bdb43d33eb86b6a64d29689549e07e25211733b582507c5fad66e2b2ac69304b,pairs,395,ClusterChain,2009,389,0,ClusterChain-K2-QCBO-pairs-seed2009,0,88.23837375640869
800,61b4757aedf08761a1b409a464abc581e58d3447b51f0ac6921a8f0b97a8fc51,K2,1806.1181945092608,3.3139946895449,QCBO,False,9e0270130158fc69946e86d28dbde6ae51a7a9525fa35a13d0b22176b1506367,pairs,394,ClusterChain,2010,388,0,ClusterChain-K2-QCBO-pairs-seed2010,0,91.35062456130981
800,61b4757aedf08761a1b409a464abc581e58d3447b51f0ac6921a8f0b97a8fc51,K2,1775.5778196072224,3.2579409534077355,QCBO,False,7cbf5572eefc4077d0d8e8a6782d65076cc08c3fa88683b27ef0faf75f77d99b,pairs,393,ClusterChain,2011,387,0,ClusterChain-K2-QCBO-pairs-seed2011,0,107.17916369438171
800,61b4757aedf08761a1b409a464abc581e58d3447b51f0ac6921a8f0b97a8fc51,K2,1791.294704417891,3.31596532578707,QCBO,False,6780560e1ffa1447df6054ad8e8e4d72b284ae8e1c8ab5fb5e2227361977d92b,pairs,398,ClusterChain,2012,392,0,ClusterChain-K2-QCBO-pairs-seed2012,0,99.70370578765869
800,61b4757aedf08761a1b409a464abc581e58d3447b51f0ac6921a8f0b97a8fc51,K2,1795.9572601790935,3.3006921206482307,QCBO,False,37eb6f49f5f3fd9b7935a0e93d50c74df20901b5a65b877368c13e0bfa8e145f,pairs,394,ClusterChain,2013,388,0,ClusterChain-K2-QCBO-pairs-seed2013,0,109.80359292030334
800,61b4757aedf08761a1b409a464abc581e58d3447b51f0ac6921a8f0b97a8fc51,K2,1950.4790964225883,3.3017147427562934,QCBO,False,cf65ba8c94d0e5b9785918366c13cb8469db1c22ab45b99e073c654ebbe7a761,pairs,395,ClusterChain,2014,389,0,ClusterChain-K2-QCBO-pairs-seed2014,0,94.21961045265198
800,61b4757aedf08761a1b409a464abc581e58d3447b51f0ac6921a8f0b97a8fc51,K2,1790.0218538263628,3.2831313305040233,QCBO,False,912be55de8182feddea0cd1532a8bd1c8430b94f073d13f82db0c9a2f748b66d,pairs,395,ClusterChain,2015,389,0,ClusterChain-K2-QCBO-pairs-seed2015,0,97.3709568977356
800,61b4757aedf08761a1b409a464abc581e58d3447b51f0ac6921a8f0b97a8fc51,K2,2121.7105811588494,3.8952925907714606,QCBO,False,5d9fd61e2ee182e288d0d514b556e4760fc4757b7301e77e5aaf32627beeb6cc,pairs,394,ClusterChain,2016,388,0,ClusterChain-K2-QCBO-pairs-seed2016,0,126.34149670600891
800,61b4757aedf08761a1b409a464abc581e58d3447b51f0ac6921a8f0b97a8fc51,K2,1961.5509032781122,3.5991759693176073,QCBO,False,5b2b049f5b4017daf29a7a78d17ed92bc3e3aedb65e0303ff4eb4ea144f3646c,pairs,393,ClusterChain,2017,387,0,ClusterChain-K2-QCBO-pairs-seed2017,0,91.29987645149231
800,61b4757aedf08761a1b409a464abc581e58d3447b51f0ac6921a8f0b97a8fc51,K2,1930.125345990376,3.5442041832896294,QCBO,False,9154fe5586f7942914d1916eea26eb4387003c657a24258751653948bda32a6d,pairs,387,ClusterChain,2018,381,0,ClusterChain-K2-QCBO-pairs-seed2018,0,99.81904792785645
800,61b4757aedf08761a1b409a464abc581e58d3447b51f0ac6921a8f0b97a8fc51,K2,1983.0492017292372,3.638622388494009,QCBO,False,83e9fb9bff9bc7a3374c3c958858466d8664e81b2af2f9004769ed2c8518c395,pairs,397,ClusterChain,2019,391,0,ClusterChain-K2-QCBO-pairs-seed2019,0,93.50849723815918
800,61b4757aedf08761a1b409a464abc581e58d3447b51f0ac6921a8f0b97a8fc51,K2,1813.1228818179495,3.3292518289607393,QCBO,False,10c3c191ca3043fdb9d4c7da397514c7edc2ecd1b4bc2dcead314a1464d04b80,pairs,397,ClusterChain,2020,391,0,ClusterChain-K2-QCBO-pairs-seed2020,0,99.51631832122803
800,61b4757aedf08761a1b409a464abc581e58d3447b51f0ac6921a8f0b97a8fc51,K2,1885.1627726433692,3.4590142617309363,QCBO,False,590cfc37db554eba854da8a44f06f14c2f651ef57661bb113be5e123ffd58cc1,pairs,398,ClusterChain,2021,392,0,ClusterChain-K2-QCBO-pairs-seed2021,0,99.20824599266052
800,61b4757aedf08761a1b409a464abc581e58d3447b51f0ac6921a8f0b97a8fc51,K2,1868.4095787063625,3.3728272945818842,QCBO,False,b2c17da254df57de0e2c08853e94436d4def698bb2e224592c324bc205523ad6,pairs,397,ClusterChain,2022,391,0,ClusterChain-K2-QCBO-pairs-seed2022,0,124.69162893295288
800,61b4757aedf08761a1b409a464abc581e58d3447b51f0ac6921a8f0b97a8fc51,K2,1788.381806867971,3.2814345080146126,QCBO,False,4967e79b0a8b38e37f71458a59e6254412e4b39d4fa1f921a2c826d97e25c07b,pairs,396,ClusterChain,2023,390,0,ClusterChain-K2-QCBO-pairs-seed2023,0,91.57224535942078
800,61b4757aedf08761a1b409a464abc581e58d3447b51f0ac6921a8f0b97a8fc51,K2,1877.6032749540418,3.445143623768846,QCBO,False,0267dc97cb9272df77acf56a6d9c3110f3602f3ec410c98a3f1ff0b15953e8c2,pairs,393,ClusterChain,2024,387,0,ClusterChain-K2-QCBO-pairs-seed2024,0,106.10127568244934
800,61b4757aedf08761a1b409a464abc581e58d3447b51f0ac6921a8f0b97a8fc51,K2,2205.279846220974,3.974946071034597,QCBO,False,a794bce8c5badefd4b5b2b3521bd5288ea8ffcaa9b80f15059a9774a6e15de42,pairs,392,ClusterChain,2025,386,0,ClusterChain-K2-QCBO-pairs-seed2025,0,133.2490622997284
800,61b4757aedf08761a1b409a464abc581e58d3447b51f0ac6921a8f0b97a8fc51,K2,2426.239046042226,3.4583308591427313,QCBO,False,05eec5770736f39fb005b1b3f15ce6ca148e6b1fb8bd4868fdd388203d05b34a,pairs,396,ClusterChain,2026,390,0,ClusterChain-K2-QCBO-pairs-seed2026,0,113.00113821029663
800,61b4757aedf08761a1b409a464abc581e58d3447b51f0ac6921a8f0b97a8fc51,K2,1976.6211745658752,3.2736343076877645,QCBO,False,47e059e99a0b7db59c311f7900cc0770b7e5f8d519a94d695bc670363f41ae66,pairs,388,ClusterChain,2027,382,0,ClusterChain-K2-QCBO-pairs-seed2027,0,95.96592259407043
800,61b4757aedf08761a1b409a464abc581e58d3447b51f0ac6921a8f0b97a8fc51,K2,1948.7410517997844,3.575671654678545,QCBO,False,d22607fb3381b1c4680148caff3e6767295e7cc47517fcfbe77cfbd14024bd76,pairs,398,ClusterChain,2028,392,0,ClusterChain-K2-QCBO-pairs-seed2028,0,92.78221130371094
800,61b4757aedf08761a1b409a464abc581e58d3447b51f0ac6921a8f0b97a8fc51,K2,2434.6405008801207,3.6762541447879706,QCBO,False,14f4cf24ab7e335499157d74957e25950e243ec7632616fb156f8ed3508f7554,pairs,383,ClusterChain,2029,377,0,ClusterChain-K2-QCBO-pairs-seed2029,0,95.43637084960938
800,61b4757aedf08761a1b409a464abc581e58d3447b51f0ac6921a8f0b97a8fc51,K3,1949.3195827092297,0.07139293609487293,CBO,False,824a6f9ec605719a637b2435aeffcd555ddc0717596f74c23d1ac49d99ada861,fine,270,ClusterChain,2000,176,0,ClusterChain-K3-CBO-seed2000,0,295.87254524230957
800,61b4757aedf08761a1b409a464abc581e58d3447b51f0ac6921a8f0b97a8fc51,K3,1128.9074009424587,0.06828238874240017,CBO,False,be076d17e6d9d71b37e4e21200427bbde9884fa5754bca5e4ed0ca5c84bf21d6,fine,271,ClusterChain,2001,177,0,ClusterChain-K3-CBO-seed2001,0,292.42178750038147
800,61b4757aedf08761a1b409a464abc581e58d3447b51f0ac6921a8f0b97a8fc51,K3,2326.3710189481258,4.151187115359967,CBO,False,7436ed13bb4ee27fd877abf7dfc3029231cb144633a0023d7d67d0384aac5fbe,fine,261,ClusterChain,2002,167,0,ClusterChain-K3-CBO-seed2002,0,288.4328706264496
800,61b4757aedf08761a1b409a464abc581e58d3447b51f0ac6921a8f0b97a8fc51,K3,2706.728405182686,3.0179435923898095,CBO,False,c9b80e0f7fad265a33e596f9743e2e1993a19241fa8e1ab6672b9bc4e43e85ab,fine,281,ClusterChain,2003,187,0,ClusterChain-K3-CBO-seed2003,0,342.8950660228729
800,61b4757aedf08761a1b409a464abc581e58d3447b51f0ac6921a8f0b97a8fc51,K3,1569.9282303781208,2.8806022575745205,CBO,False,b593e559d7b1a7591cb2f5ef21262f3f5e310fa5562b45fd5bd1ba67c6df093d,fine,267,ClusterChain,2004,173,0,ClusterChain-K3-CBO-seed2004,0,284.38420724868774
800,61b4757aedf08761a1b409a464abc581e58d3447b51f0ac6921a8f0b97a8fc51,K3,3354.5983494922452,3.8712804691889158,CBO,False,0a15fe67250e612e5fa9b4005617dc322bc8dd2e14b49b818fe381bf4c29ff62,fine,297,ClusterChain,2005,203,0,ClusterChain-K3-CBO-seed2005,0,319.91169595718384
800,61b4757aedf08761a1b409a464abc581e58d3447b51f0ac6921a8f0b97a8fc51,K3,1705.1777951317802,1.2444836014422658,CBO,False,fd74f4d6e078e0c0a35a2da1ebcf1f77e1d01817de7365a426ddeb0fc3fc871c,fine,259,ClusterChain,2006,165,0,ClusterChain-K3-CBO-seed2006,0,324.7963547706604
800,61b4757aedf08761a1b409a464abc581e58d3447b51f0ac6921a8f0b97a8fc51,K3,1766.1719617819458,2.2544883754132066,CBO,False,f6896e78e02858704264bc25b2a24ef4d620c4d9476617c7f998dd9781b4ac63,fine,269,ClusterChain,2007,175,0,ClusterChain-K3-CBO-seed2007,0,296.0153298377991
800,61b4757aedf08761a1b409a464abc581e58d3447b51f0ac6921a8f0b97a8fc51,K3,1281.6186016977754,0.09721115487823609,CBO,False,758a747718c03a83b8646e5d1996faccd749d92203d857fad9069b04d30ccfba,fine,263,ClusterChain,2008,169,0,ClusterChain-K3-CBO-seed2008,0,286.07431530952454
800,61b4757aedf08761a1b409a464abc581e58d3447b51f0ac6921a8f0b97a8fc51,K3,1937.4636584761809,1.9279708568625122,CBO,False,bdb43d33eb86b6a64d29689549e07e25211733b582507c5fad66e2b2ac69304b,fine,273,ClusterChain,2009,179,0,ClusterChain-K3-CBO-seed2009,0,296.87476897239685
800,61b4757aedf08761a1b409a464abc581e58d3447b51f0ac6921a8f0b97a8fc51,K3,2745.9571495828754,2.5022708506403433,CBO,False,9e0270130158fc69946e86d28dbde6ae51a7a9525fa35a13d0b22176b1506367,fine,263,ClusterChain,2010,169,0,ClusterChain-K3-CBO-seed2010,0,294.40733432769775
800,61b4757aedf08761a1b409a464abc581e58d3447b51f0ac6921a8f0b97a8fc51,K3,1918.929490801277,1.1248802961378688,CBO,False,7cbf5572eefc4077d0d8e8a6782d65076cc08c3fa88683b27ef0faf75f77d99b,fine,259,ClusterChain,2011,165,0,ClusterChain-K3-CBO-seed2011,0,299.84923553466797
800,61b4757aedf08761a1b409a464abc581e58d3447b51f0ac6921a8f0b97a8fc51,K3,1720.03656659545,2.7513946573237713,CBO,False,6780560e1ffa1447df6054ad8e8e4d72b284ae8e1c8ab5fb5e2227361977d92b,fine,264,ClusterChain,2012,170,0,ClusterChain-K3-CBO-seed2012,0,300.6254503726959
800,61b4757aedf08761a1b409a464abc581e58d3447b51f0ac6921a8f0b97a8fc51,K3,4136.391384653651,5.157069913477623,CBO,False,37eb6f49f5f3fd9b7935a0e93d50c74df20901b5a65b877368c13e0bfa8e145f,fine,273,ClusterChain,2013,179,0,ClusterChain-K3-CBO-seed2013,0,313.2349076271057
800,61b4757aedf08761a1b409a464abc581e58d3447b51f0ac6921a8f0b97a8fc51,K3,1839.5797669978087,0.10375756378673182,CBO,False,cf65ba8c94d0e5b9785918366c13cb8469db1c22ab45b99e073c654ebbe7a761,fine,258,ClusterChain,2014,164,0,ClusterChain-K3-CBO-seed2014,0,287.89902114868164
800,61b4757aedf08761a1b409a464abc581e58d3447b51f0ac6921a8f0b97a8fc51,K3,1150.3163603433275,1.1196321211880067,CBO,False,912be55de8182feddea0cd1532a8bd1c8430b94f073d13f82db0c9a2f748b66d,fine,271,ClusterChain,2015,177,0,ClusterChain-K3-CBO-seed2015,0,316.41299080848694
800,61b4757aedf08761a1b409a464abc581e58d3447b51f0ac6921a8f0b97a8fc51,K3,3185.612448409277,5.214419700763797,CBO,False,5d9fd61e2ee182e288d0d514b556e4760fc4757b7301e77e5aaf32627beeb6cc,fine,274,ClusterChain,2016,180,0,ClusterChain-K3-CBO-seed2016,0,314.607626914978
800,61b4757aedf08761a1b409a464abc581e58d3447b51f0ac6921a8f0b97a8fc51,K3,2332.0404270736235,2.979004653874361,CBO,False,5b2b049f5b4017daf29a7a78d17ed92bc3e3aedb65e0303ff4eb4ea144f3646c,fine,265,ClusterChain,2017,171,0,ClusterChain-K3-CBO-seed2017,0,290.54805874824524
800,61b4757aedf08761a1b409a464abc581e58d3447b51f0ac6921a8f0b97a8fc51,K3,1709.2188045214834,2.389273631551349,CBO,False,9154fe5586f7942914d1916eea26eb4387003c657a24258751653948bda32a6d,fine,278,ClusterChain,2018,184,0,ClusterChain-K3-CBO-seed2018,0,323.06653451919556
800,61b4757aedf08761a1b409a464abc581e58d3447b51f0ac6921a8f0b97a8fc51,K3,1141.4658721533247,0.7041924812337625,CBO,False,83e9fb9bff9bc7a3374c3c958858466d8664e81b2af2f9004769ed2c8518c395,fine,258,ClusterChain,2019,164,0,ClusterChain-K3-CBO-seed2019,0,297.8832459449768
800,61b4757aedf08761a1b409a464abc581e58d3447b51f0ac6921a8f0b97a8fc51,K3,1422.6011302250226,1.2160010671321642,CBO,False,10c3c191ca3043fdb9d4c7da397514c7edc2ecd1b4bc2dcead314a1464d04b80,fine,280,ClusterChain,2020,186,0,ClusterChain-K3-CBO-seed2020,0,314.2102406024933
800,61b4757aedf08761a1b409a464abc581e58d3447b51f0ac6921a8f0b97a8fc51,K3,1618.388387002989,1.9491043701248225,CBO,False,590cfc37db554eba854da8a44f06f14c2f651ef57661bb113be5e123ffd58cc1,fine,261,ClusterChain,2021,167,0,ClusterChain-K3-CBO-seed2021,0,294.1799170970917
800,61b4757aedf08761a1b409a464abc581e58d3447b51f0ac6921a8f0b97a8fc51,K3,1262.5962542246668,2.3012618094788575,CBO,False,b2c17da254df57de0e2c08853e94436d4def698bb2e224592c324bc205523ad6,fine,295,ClusterChain,2022,201,0,ClusterChain-K3-CBO-seed2022,0,343.1614065170288
800,61b4757aedf08761a1b409a464abc581e58d3447b51f0ac6921a8f0b97a8fc51,K3,1710.742880184592,1.2621554716210532,CBO,False,4967e79b0a8b38e37f71458a59e6254412e4b39d4fa1f921a2c826d97e25c07b,fine,265,ClusterChain,2023,171,0,ClusterChain-K3-CBO-seed2023,0,308.1224012374878
800,61b4757aedf08761a1b409a464abc581e58d3447b51f0ac6921a8f0b97a8fc51,K3,1513.4794969807429,1.39777936214024,CBO,False,0267dc97cb9272df77acf56a6d9c3110f3602f3ec410c98a3f1ff0b15953e8c2,fine,264,ClusterChain,2024,170,0,ClusterChain-K3-CBO-seed2024,0,311.92134308815
800,61b4757aedf08761a1b409a464abc581e58d3447b51f0ac6921a8f0b97a8fc51,K3,1858.864221962201,2.424319866527139,CBO,False,a794bce8c5badefd4b5b2b3521bd5288ea8ffcaa9b80f15059a9774a6e15de42,fine,270,ClusterChain,2025,176,0,ClusterChain-K3-CBO-seed2025,0,319.9654030799866
800,61b4757aedf08761a1b409a464abc581e58d3447b51f0ac6921a8f0b97a8fc51,K3,2969.5099187218934,2.2771240516848796,CBO,False,05eec5770736f39fb005b1b3f15ce6ca148e6b1fb8bd4868fdd388203d05b34a,fine,259,ClusterChain,2026,165,0,ClusterChain-K3-CBO-seed2026,0,287.7990870475769
800,61b4757aedf08761a1b409a464abc581e58d3447b51f0ac6921a8f0b97a8fc51,K3,1849.5452967675815,1.25959379252623,CBO,False,47e059e99a0b7db59c311f7900cc0770b7e5f8d519a94d695bc670363f41ae66,fine,274,ClusterChain,2027,180,0,ClusterChain-K3-CBO-seed2027,0,318.4241373538971
800,61b4757aedf08761a1b409a464abc581e58d3447b51f0ac6921a8f0b97a8fc51,K3,1372.967663249502,1.6804490900707605,CBO,False,d22607fb3381b1c4680148caff3e6767295e7cc47517fcfbe77cfbd14024bd76,fine,285,ClusterChain,2028,191,0,ClusterChain-K3-CBO-seed2028,0,339.937219619751
800,61b4757aedf08761a1b409a464abc581e58d3447b51f0ac6921a8f0b97a8fc51,K3,1526.8463696804758,1.2151927293832123,CBO,False,14f4cf24ab7e335499157d74957e25950e243ec7632616fb156f8ed3508f7554,fine,272,ClusterChain,2029,178,0,ClusterChain-K3-CBO-seed2029,0,304.0573453903198
800,61b4757aedf08761a1b409a464abc581e58d3447b51f0ac6921a8f0b97a8fc51,K3,93.37958792754308,0.015346433694088099,QCBO,False,824a6f9ec605719a637b2435aeffcd555ddc0717596f74c23d1ac49d99ada861,alt,230,ClusterChain,2000,200,0,ClusterChain-K3-QCBO-alt-seed2000,0,90.94511198997498
800,61b4757aedf08761a1b409a464abc581e58d3447b51f0ac6921a8f0b97a8fc51,K3,167.96647481636944,0.13777475934455036,QCBO,False,be076d17e6d9d71b37e4e21200427bbde9884fa5754bca5e4ed0ca5c84bf21d6,alt,239,ClusterChain,2001,209,0,ClusterChain-K3-QCBO-alt-seed2001,0,98.79678297042847
800,61b4757aedf08761a1b409a464abc581e58d3447b51f0ac6921a8f0b97a8fc51,K3,946.4199968930452,0.7437607363623935,QCBO,False,7436ed13bb4ee27fd877abf7dfc3029231cb144633a0023d7d67d0384aac5fbe,alt,192,ClusterChain,2002,162,0,ClusterChain-K3-QCBO-alt-seed2002,0,109.46492218971252
800,61b4757aedf08761a1b409a464abc581e58d3447b51f0ac6921a8f0b97a8fc51,K3,1249.8939542004448,1.1382991301600298,QCBO,False,c9b80e0f7fad265a33e596f9743e2e1993a19241fa8e1ab6672b9bc4e43e85ab,alt,222,ClusterChain,2003,192,0,ClusterChain-K3-QCBO-alt-seed2003,0,112.62867283821106
800,61b4757aedf08761a1b409a464abc581e58d3447b51f0ac6921a8f0b97a8fc51,K3,1659.0274546176204,2.7139980883707473,QCBO,False,b593e559d7b1a7591cb2f5ef21262f3f5e310fa5562b45fd5bd1ba67c6df093d,alt,225,ClusterChain,2004,195,0,ClusterChain-K3-QCBO-alt-seed2004,0,111.99578189849854
800,61b4757aedf08761a1b409a464abc581e58d3447b51f0ac6921a8f0b97a8fc51,K3,1973.38998542314,1.256082424993717,QCBO,False,0a15fe67250e612e5fa9b4005617dc322bc8dd2e14b49b818fe381bf4c29ff62,alt,232,ClusterChain,2005,202,0,ClusterChain-K3-QCBO-alt-seed2005,0,125.45661330223083
800,61b4757aedf08761a1b409a464abc581e58d3447b51f0ac6921a8f0b97a8fc51,K3,430.2229203551808,0.2561325082105493,QCBO,False,fd74f4d6e078e0c0a35a2da1ebcf1f77e1d01817de7365a426ddeb0fc3fc871c,alt,209,ClusterChain,2006,179,0,ClusterChain-K3-QCBO-alt-seed2006,0,116.60502505302429
800,61b4757aedf08761a1b409a464abc581e58d3447b51f0ac6921a8f0b97a8fc51,K3,405.51702371491194,0.09647763538777493,QCBO,False,f6896e78e02858704264bc25b2a24ef4d620c4d9476617c7f998dd9781b4ac63,alt,243,ClusterChain,2007,213,0,ClusterChain-K3-QCBO-alt-seed2007,0,97.96216225624084
800,61b4757aedf08761a1b409a464abc581e58d3447b51f0ac6921a8f0b97a8fc51,K3,135.6211338109873,0.01398744320408813,QCBO,False,758a747718c03a83b8646e5d1996faccd749d92203d857fad9069b04d30ccfba,alt,234,ClusterChain,2008,204,0,ClusterChain-K3-QCBO-alt-seed2008,0,100.40433764457703
800,61b4757aedf08761a1b409a464abc581e58d3447b51f0ac6921a8f0b97a8fc51,K3,1414.0674582947124,2.1141040795701582,QCBO,False,bdb43d33eb86b6a64d29689549e07e25211733b582507c5fad66e2b2ac69304b,alt,208,ClusterChain,2009,178,0,ClusterChain-K3-QCBO-alt-seed2009,0,92.78244042396545
800,61b4757aedf08761a1b409a464abc581e58d3447b51f0ac6921a8f0b97a8fc51,K3,234.1104895751098,0.18765307591383937,QCBO,False,9e0270130158fc69946e86d28dbde6ae51a7a9525fa35a13d0b22176b1506367,alt,195,ClusterChain,2010,165,0,ClusterChain-K3-QCBO-alt-seed2010,0,80.76261782646179
800,61b4757aedf08761a1b409a464abc581e58d3447b51f0ac6921a8f0b97a8fc51,K3,294.49846426447095,0.058279008237055625,QCBO,False,7cbf5572eefc4077d0d8e8a6782d65076cc08c3fa88683b27ef0faf75f77d99b,alt,213,ClusterChain,2011,183,0,ClusterChain-K3-QCBO-alt-seed2011,0,98.32410287857056
800,61b4757aedf08761a1b409a464abc581e58d3447b51f0ac6921a8f0b97a8fc51,K3,424.3149670535879,1.2135876495441031,QCBO,False,6780560e1ffa1447df6054ad8e8e4d72b284ae8e1c8ab5fb5e2227361977d92b,alt,211,ClusterChain,2012,181,0,ClusterChain-K3-QCBO-alt-seed2012,0,105.19690155982971
800,61b4757aedf08761a1b409a464abc581e58d3447b51f0ac6921a8f0b97a8fc51,K3,1969.7559054690478,3.2918682129760564,QCBO,False,37eb6f49f5f3fd9b7935a0e93d50c74df20901b5a65b877368c13e0bfa8e145f,alt,304,ClusterChain,2013,274,0,ClusterChain-K3-QCBO-alt-seed2013,0,181.14823698997498
800,61b4757aedf08761a1b409a464abc581e58d3447b51f0ac6921a8f0b97a8fc51,K3,184.59961394721324,0.1608509380000566,QCBO,False,cf65ba8c94d0e5b9785918366c13cb8469db1c22ab45b99e073c654ebbe7a761,alt,237,ClusterChain,2014,207,0,ClusterChain-K3-QCBO-alt-seed2014,0,99.29332947731018
800,61b4757aedf08761a1b409a464abc581e58d3447b51f0ac6921a8f0b97a8fc51,K3,663.0599896839348,1.2123269183618264,QCBO,False,912be55de8182feddea0cd1532a8bd1c8430b94f073d13f82db0c9a2f748b66d,alt,223,ClusterChain,2015,193,0,ClusterChain-K3-QCBO-alt-seed2015,0,106.97103834152222
800,61b4757aedf08761a1b409a464abc581e58d3447b51f0ac6921a8f0b97a8fc51,K3,2191.9470426278376,2.8752183230216963,QCBO,False,5d9fd61e2ee182e288d0d514b556e4760fc4757b7301e77e5aaf32627beeb6cc,alt,257,ClusterChain,2016,227,0,ClusterChain-K3-QCBO-alt-seed2016,0,148.54917287826538
800,61b4757aedf08761a1b409a464abc581e58d3447b51f0ac6921a8f0b97a8fc51,K3,1389.0003072222928,0.6505385781123723,QCBO,False,5b2b049f5b4017daf29a7a78d17ed92bc3e3aedb65e0303ff4eb4ea144f3646c,alt,245,ClusterChain,2017,215,0,ClusterChain-K3-QCBO-alt-seed2017,0,117.03969597816467
800,61b4757aedf08761a1b409a464abc581e58d3447b51f0ac6921a8f0b97a8fc51,K3,1251.543723190957,1.4997335965680558,QCBO,False,9154fe5586f7942914d1916eea26eb4387003c657a24258751653948bda32a6d,alt,209,ClusterChain,2018,179,0,ClusterChain-K3-QCBO-alt-seed2018,0,96.22071528434753
800,61b4757aedf08761a1b409a464abc581e58d3447b51f0ac6921a8f0b97a8fc51,K3,275.9236064080158,0.15555596773030983,QCBO,False,83e9fb9bff9bc7a3374c3c958858466d8664e81b2af2f9004769ed2c8518c395,alt,194,ClusterChain,2019,164,0,ClusterChain-K3-QCBO-alt-seed2019,0,89.56211018562317
800,61b4757aedf08761a1b409a464abc581e58d3447b51f0ac6921a8f0b97a8fc51,K3,638.1232676912769,1.1601448386498472,QCBO,False,10c3c191ca3043fdb9d4c7da397514c7edc2ecd1b4bc2dcead314a1464d04b80,alt,222,ClusterChain,2020,192,0,ClusterChain-K3-QCBO-alt-seed2020,0,102.5743260383606
800,61b4757aedf08761a1b409a464abc581e58d3447b51f0ac6921a8f0b97a8fc51,K3,991.514517753837,1.475506736394053,QCBO,False,590cfc37db554eba854da8a44f06f14c2f651ef57661bb113be5e123ffd58cc1,alt,203,ClusterChain,2021,173,0,ClusterChain-K3-QCBO-alt-seed2021,0,102.6586594581604
800,61b4757aedf08761a1b409a464abc581e58d3447b51f0ac6921a8f0b97a8fc51,K3,2950.3549208084723,4.790620015778412,QCBO,False,b2c17da254df57de0e2c08853e94436d4def698bb2e224592c324bc205523ad6,alt,312,ClusterChain,2022,282,0,ClusterChain-K3-QCBO-alt-seed2022,0,188.08006811141968
800,61b4757aedf08761a1b409a464abc581e58d3447b51f0ac6921a8f0b97a8fc51,K3,359.738735664607,0.06417221744504836,QCBO,False,4967e79b0a8b38e37f71458a59e6254412e4b39d4fa1f921a2c826d97e25c07b,alt,218,ClusterChain,2023,188,0,ClusterChain-K3-QCBO-alt-seed2023,0,101.99667620658875
800,61b4757aedf08761a1b409a464abc581e58d3447b51f0ac6921a8f0b97a8fc51,K3,784.1110948284341,1.4344814401478234,QCBO,False,0267dc97cb9272df77acf56a6d9c3110f3602f3ec410c98a3f1ff0b15953e8c2,alt,222,ClusterChain,2024,192,0,ClusterChain-K3-QCBO-alt-seed2024,0,119.67812943458557
800,61b4757aedf08761a1b409a464abc581e58d3447b51f0ac6921a8f0b97a8fc51,K3,1578.5871701299732,1.4061563055359734,QCBO,False,a794bce8c5badefd4b5b2b3521bd5288ea8ffcaa9b80f15059a9774a6e15de42,alt,250,ClusterChain,2025,220,0,ClusterChain-K3-QCBO-alt-seed2025,0,152.77878499031067
800,61b4757aedf08761a1b409a464abc581e58d3447b51f0ac6921a8f0b97a8fc51,K3,1540.3129060466147,1.536238353318234,QCBO,False,05eec5770736f39fb005b1b3f15ce6ca148e6b1fb8bd4868fdd388203d05b34a,alt,200,ClusterChain,2026,170,0,ClusterChain-K3-QCBO-alt-seed2026,0,112.73204159736633
800,61b4757aedf08761a1b409a464abc581e58d3447b51f0ac6921a8f0b97a8fc51,K3,1656.1153517406071,3.296970364123724,QCBO,False,47e059e99a0b7db59c311f7900cc0770b7e5f8d519a94d695bc670363f41ae66,alt,320,ClusterChain,2027,290,0,ClusterChain-K3-QCBO-alt-seed2027,0,174.47564601898193
800,61b4757aedf08761a1b409a464abc581e58d3447b51f0ac6921a8f0b97a8fc51,K3,1795.3200288476046,3.295103871529729,QCBO,False,d22607fb3381b1c4680148caff3e6767295e7cc47517fcfbe77cfbd14024bd76,alt,357,ClusterChain,2028,327,0,ClusterChain-K3-QCBO-alt-seed2028,0,194.77946424484253
800,61b4757aedf08761a1b409a464abc581e58d3447b51f0ac6921a8f0b97a8fc51,K3,1372.092319685684,2.1913697096893343,QCBO,False,14f4cf24ab7e335499157d74957e25950e243ec7632616fb156f8ed3508f7554,alt,234,ClusterChain,2029,204,0,ClusterChain-K3-QCBO-alt-seed2029,0,147.76966857910156
800,61b4757aedf08761a1b409a464abc581e58d3447b51f0ac6921a8f0b97a8fc51,K3,2206.6886865687025,4.0489700670985425,QCBO,False,824a6f9ec605719a637b2435aeffcd555ddc0717596f74c23d1ac49d99ada861,coarse,387,ClusterChain,2000,381,0,ClusterChain-K3-QCBO-coarse-seed2000,0,80.33878016471863
800,61b4757aedf08761a1b409a464abc581e58d3447b51f0ac6921a8f0b97a8fc51,K3,2364.276045458887,4.338121184328216,QCBO,False,be076d17e6d9d71b37e4e21200427bbde9884fa5754bca5e4ed0ca5c84bf21d6,coarse,382,ClusterChain,2001,376,0,ClusterChain-K3-QCBO-coarse-seed2001,0,82.76642322540283
800,61b4757aedf08761a1b409a464abc581e58d3447b51f0ac6921a8f0b97a8fc51,K3,2313.333884766286,4.244649329846403,QCBO,False,7436ed13bb4ee27fd877abf7dfc3029231cb144633a0023d7d67d0384aac5fbe,coarse,375,ClusterChain,2002,369,0,ClusterChain-K3-QCBO-coarse-seed2002,0,79.11501407623291
800,61b4757aedf08761a1b409a464abc581e58d3447b51f0ac6921a8f0b97a8fc51,K3,2282.369746742866,4.190635457834299,QCBO,False,c9b80e0f7fad265a33e596f9743e2e1993a19241fa8e1ab6672b9bc4e43e85ab,coarse,365,ClusterChain,2003,359,0,ClusterChain-K3-QCBO-coarse-seed2003,0,72.03282117843628
800,61b4757aedf08761a1b409a464abc581e58d3447b51f0ac6921a8f0b97a8fc51,K3,2177.9225073916064,3.996188086957078,QCBO,False,b593e559d7b1a7591cb2f5ef21262f3f5e310fa5562b45fd5bd1ba67c6df093d,coarse,376,ClusterChain,2004,370,0,ClusterChain-K3-QCBO-coarse-seed2004,0,83.17000532150269
800,61b4757aedf08761a1b409a464abc581e58d3447b51f0ac6921a8f0b97a8fc51,K3,2320.8674052803726,4.258472303266751,QCBO,False,0a15fe67250e612e5fa9b4005617dc322bc8dd2e14b49b818fe381bf4c29ff62,coarse,200,ClusterChain,2005,194,0,ClusterChain-K3-QCBO-coarse-seed2005,0,31.73553705215454
800,61b4757aedf08761a1b409a464abc581e58d3447b51f0ac6921a8f0b97a8fc51,K3,2645.733588498751,4.081402543550821,QCBO,False,fd74f4d6e078e0c0a35a2da1ebcf1f77e1d01817de7365a426ddeb0fc3fc871c,coarse,313,ClusterChain,2006,307,0,ClusterChain-K3-QCBO-coarse-seed2006,0,49.342570304870605
800,61b4757aedf08761a1b409a464abc581e58d3447b51f0ac6921a8f0b97a8fc51,K3,2512.6129769370377,4.61029904025143,QCBO,False,f6896e78e02858704264bc25b2a24ef4d620c4d9476617c7f998dd9781b4ac63,coarse,199,ClusterChain,2007,193,0,ClusterChain-K3-QCBO-coarse-seed2007,0,30.517554998397827
800,61b4757aedf08761a1b409a464abc581e58d3447b51f0ac6921a8f0b97a8fc51,K3,2215.369417765961,4.0224365394158355,QCBO,False,758a747718c03a83b8646e5d1996faccd749d92203d857fad9069b04d30ccfba,coarse,297,ClusterChain,2008,291,0,ClusterChain-K3-QCBO-coarse-seed2008,0,38.96364641189575
800,61b4757aedf08761a1b409a464abc581e58d3447b51f0ac6921a8f0b97a8fc51,K3,3355.850191463327,6.136502216229997,QCBO,False,bdb43d33eb86b6a64d29689549e07e25211733b582507c5fad66e2b2ac69304b,coarse,223,ClusterChain,2009,217,0,ClusterChain-K3-QCBO-coarse-seed2009,0,40.18871355056763
800,61b4757aedf08761a1b409a464abc581e58d3447b51f0ac6921a8f0b97a8fc51,K3,2378.2564020190493,4.034279486660185,QCBO,False,9e0270130158fc69946e86d28dbde6ae51a7a9525fa35a13d0b22176b1506367,coarse,195,ClusterChain,2010,189,0,ClusterChain-K3-QCBO-coarse-seed2010,0,25.482147216796875
800,61b4757aedf08761a1b409a464abc581e58d3447b51f0ac6921a8f0b97a8fc51,K3,2251.049434124017,4.130365934172551,QCBO,False,7cbf5572eefc4077d0d8e8a6782d65076cc08c3fa88683b27ef0faf75f77d99b,coarse,357,ClusterChain,2011,351,0,ClusterChain-K3-QCBO-coarse-seed2011,0,61.31579661369324
800,61b4757aedf08761a1b409a464abc581e58d3447b51f0ac6921a8f0b97a8fc51,K3,3344.545790327047,6.122965806042748,QCBO,False,6780560e1ffa1447df6054ad8e8e4d72b284ae8e1c8ab5fb5e2227361977d92b,coarse,239,ClusterChain,2012,233,0,ClusterChain-K3-QCBO-coarse-seed2012,0,38.40145397186279
800,61b4757aedf08761a1b409a464abc581e58d3447b51f0ac6921a8f0b97a8fc51,K3,2168.0401664067545,3.978055351205037,QCBO,False,37eb6f49f5f3fd9b7935a0e93d50c74df20901b5a65b877368c13e0bfa8e145f,coarse,324,ClusterChain,2013,318,0,ClusterChain-K3-QCBO-coarse-seed2013,0,52.38325119018555
800,61b4757aedf08761a1b409a464abc581e58d3447b51f0ac6921a8f0b97a8fc51,K3,2298.967652110726,4.218289269927947,QCBO,False,cf65ba8c94d0e5b9785918366c13cb8469db1c22ab45b99e073c654ebbe7a761,coarse,380,ClusterChain,2014,374,0,ClusterChain-K3-QCBO-coarse-seed2014,0,79.67692136764526
800,61b4757aedf08761a1b409a464abc581e58d3447b51f0ac6921a8f0b97a8fc51,K3,2249.91862980142,4.128291063855817,QCBO,False,912be55de8182feddea0cd1532a8bd1c8430b94f073d13f82db0c9a2f748b66d,coarse,371,ClusterChain,2015,365,0,ClusterChain-K3-QCBO-coarse-seed2015,0,71.54980802536011
800,61b4757aedf08761a1b409a464abc581e58d3447b51f0ac6921a8f0b97a8fc51,K3,2474.7234919070397,4.540777049370701,QCBO,False,5d9fd61e2ee182e288d0d514b556e4760fc4757b7301e77e5aaf32627beeb6cc,coarse,387,ClusterChain,2016,381,0,ClusterChain-K3-QCBO-coarse-seed2016,0,81.75373840332031
800,61b4757aedf08761a1b409a464abc581e58d3447b51f0ac6921a8f0b97a8fc51,K3,2365.355032346438,4.340100976782435,QCBO,False,5b2b049f5b4017daf29a7a78d17ed92bc3e3aedb65e0303ff4eb4ea144f3646c,coarse,371,ClusterChain,2017,365,0,ClusterChain-K3-QCBO-coarse-seed2017,0,76.08857989311218
800,61b4757aedf08761a1b409a464abc581e58d3447b51f0ac6921a8f0b97a8fc51,K3,2272.7772654765045,4.170233514635797,QCBO,False,9154fe5586f7942914d1916eea26eb4387003c657a24258751653948bda32a6d,coarse,371,ClusterChain,2018,365,0,ClusterChain-K3-QCBO-coarse-seed2018,0,69.41371870040894
800,61b4757aedf08761a1b409a464abc581e58d3447b51f0ac6921a8f0b97a8fc51,K3,3365.1450973654514,6.174578160303616,QCBO,False,83e9fb9bff9bc7a3374c3c958858466d8664e81b2af2f9004769ed2c8518c395,coarse,211,ClusterChain,2019,205,0,ClusterChain-K3-QCBO-coarse-seed2019,0,32.12677788734436
800,61b4757aedf08761a1b409a464abc581e58d3447b51f0ac6921a8f0b97a8fc51,K3,2269.9352734691347,4.165018850402091,QCBO,False,10c3c191ca3043fdb9d4c7da397514c7edc2ecd1b4bc2dcead314a1464d04b80,coarse,193,ClusterChain,2020,187,0,ClusterChain-K3-QCBO-coarse-seed2020,0,26.064942598342896
800,61b4757aedf08761a1b409a464abc581e58d3447b51f0ac6921a8f0b97a8fc51,K3,2240.216303753847,4.110488630741013,QCBO,False,590cfc37db554eba854da8a44f06f14c2f651ef57661bb113be5e123ffd58cc1,coarse,193,ClusterChain,2021,187,0,ClusterChain-K3-QCBO-coarse-seed2021,0,26.121186017990112
800,61b4757aedf08761a1b409a464abc581e58d3447b51f0ac6921a8f0b97a8fc51,K3,2285.622422876849,4.193802610783168,QCBO,False,b2c17da254df57de0e2c08853e94436d4def698bb2e224592c324bc205523ad6,coarse,385,ClusterChain,2022,379,0,ClusterChain-K3-QCBO-coarse-seed2022,0,78.0675356388092
800,61b4757aedf08761a1b409a464abc581e58d3447b51f0ac6921a8f0b97a8fc51,K3,2211.7587544479084,4.058272943941094,QCBO,False,4967e79b0a8b38e37f71458a59e6254412e4b39d4fa1f921a2c826d97e25c07b,coarse,381,ClusterChain,2023,375,0,ClusterChain-K3-QCBO-coarse-seed2023,0,77.14909267425537
800,61b4757aedf08761a1b409a464abc581e58d3447b51f0ac6921a8f0b97a8fc51,K3,2235.563582010796,4.101951526625349,QCBO,False,0267dc97cb9272df77acf56a6d9c3110f3602f3ec410c98a3f1ff0b15953e8c2,coarse,360,ClusterChain,2024,354,0,ClusterChain-K3-QCBO-coarse-seed2024,0,68.33814883232117
800,61b4757aedf08761a1b409a464abc581e58d3447b51f0ac6921a8f0b97a8fc51,K3,3210.201438125285,6.308237159394893,QCBO,False,a794bce8c5badefd4b5b2b3521bd5288ea8ffcaa9b80f15059a9774a6e15de42,coarse,228,ClusterChain,2025,222,0,ClusterChain-K3-QCBO-coarse-seed2025,0,38.01748514175415
800,61b4757aedf08761a1b409a464abc581e58d3447b51f0ac6921a8f0b97a8fc51,K3,3393.460130463351,6.226532349474095,QCBO,False,05eec5770736f39fb005b1b3f15ce6ca148e6b1fb8bd4868fdd388203d05b34a,coarse,263,ClusterChain,2026,257,0,ClusterChain-K3-QCBO-coarse-seed2026,0,42.54792404174805
800,61b4757aedf08761a1b409a464abc581e58d3447b51f0ac6921a8f0b97a8fc51,K3,3438.178260705,6.201006614510563,QCBO,False,47e059e99a0b7db59c311f7900cc0770b7e5f8d519a94d695bc670363f41ae66,coarse,217,ClusterChain,2027,211,0,ClusterChain-K3-QCBO-coarse-seed2027,0,38.54014039039612
800,61b4757aedf08761a1b409a464abc581e58d3447b51f0ac6921a8f0b97a8fc51,K3,2257.951650444991,3.980046117884191,QCBO,False,d22607fb3381b1c4680148caff3e6767295e7cc47517fcfbe77cfbd14024bd76,coarse,189,ClusterChain,2028,183,0,ClusterChain-K3-QCBO-coarse-seed2028,0,24.014241456985474
800,61b4757aedf08761a1b409a464abc581e58d3447b51f0ac6921a8f0b97a8fc51,K3,2338.3398111942333,4.290531763659129,QCBO,False,14f4cf24ab7e335499157d74957e25950e243ec7632616fb156f8ed3508f7554,coarse,349,ClusterChain,2029,343,0,ClusterChain-K3-QCBO-coarse-seed2029,0,54.12365913391113
800,61b4757aedf08761a1b409a464abc581e58d3447b51f0ac6921a8f0b97a8fc51,K3,1844.336790546276,3.383522180705958,QCBO,False,824a6f9ec605719a637b2435aeffcd555ddc0717596f74c23d1ac49d99ada861,pairs,390,ClusterChain,2000,376,0,ClusterChain-K3-QCBO-pairs-seed2000,0,117.21015906333923
800,61b4757aedf08761a1b409a464abc581e58d3447b51f0ac6921a8f0b97a8fc51,K3,1975.2405884521093,3.636120600676137,QCBO,False,be076d17e6d9d71b37e4e21200427bbde9884fa5754bca5e4ed0ca5c84bf21d6,pairs,382,ClusterChain,2001,368,0,ClusterChain-K3-QCBO-pairs-seed2001,0,117.42729568481445
800,61b4757aedf08761a1b409a464abc581e58d3447b51f0ac6921a8f0b97a8fc51,K3,1286.0716227514442,2.3649180017095994,QCBO,False,7436ed13bb4ee27fd877abf7dfc3029231cb144633a0023d7d67d0384aac5fbe,pairs,262,ClusterChain,2002,248,0,ClusterChain-K3-QCBO-pairs-seed2002,0,67.74093174934387
800,61b4757aedf08761a1b409a464abc581e58d3447b51f0ac6921a8f0b97a8fc51,K3,2127.399460223404,3.9014664482498693,QCBO,False,c9b80e0f7fad265a33e596f9743e2e1993a19241fa8e1ab6672b9bc4e43e85ab,pairs,380,ClusterChain,2003,366,0,ClusterChain-K3-QCBO-pairs-seed2003,0,148.01654314994812
800,61b4757aedf08761a1b409a464abc581e58d3447b51f0ac6921a8f0b97a8fc51,K3,1374.713725921879,2.1230765114740766,QCBO,False,b593e559d7b1a7591cb2f5ef21262f3f5e310fa5562b45fd5bd1ba67c6df093d,pairs,228,ClusterChain,2004,214,0,ClusterChain-K3-QCBO-pairs-seed2004,0,63.7146360874176
800,61b4757aedf08761a1b409a464abc581e58d3447b51f0ac6921a8f0b97a8fc51,K3,641.3778067549475,1.207769661931384,QCBO,False,0a15fe67250e612e5fa9b4005617dc322bc8dd2e14b49b818fe381bf4c29ff62,pairs,217,ClusterChain,2005,203,0,ClusterChain-K3-QCBO-pairs-seed2005,0,56.84076642990112
800,61b4757aedf08761a1b409a464abc581e58d3447b51f0ac6921a8f0b97a8fc51,K3,1861.9605458599383,3.4164413685503754,QCBO,False,fd74f4d6e078e0c0a35a2da1ebcf1f77e1d01817de7365a426ddeb0fc3fc871c,pairs,365,ClusterChain,2006,351,0,ClusterChain-K3-QCBO-pairs-seed2006,0,114.92336368560791
800,61b4757aedf08761a1b409a464abc581e58d3447b51f0ac6921a8f0b97a8fc51,K3,1838.6534370869888,3.373676031352296,QCBO,False,f6896e78e02858704264bc25b2a24ef4d620c4d9476617c7f998dd9781b4ac63,pairs,384,ClusterChain,2007,370,0,ClusterChain-K3-QCBO-pairs-seed2007,0,121.9096109867096
800,61b4757aedf08761a1b409a464abc581e58d3447b51f0ac6921a8f0b97a8fc51,K3,656.6464404343832,1.201461208342296,QCBO,False,758a747718c03a83b8646e5d1996faccd749d92203d857fad9069b04d30ccfba,pairs,257,ClusterChain,2008,243,0,ClusterChain-K3-QCBO-pairs-seed2008,0,64.2258448600769
800,61b4757aedf08761a1b409a464abc581e58d3447b51f0ac6921a8f0b97a8fc51,K3,831.644664763576,1.2702493349902675,QCBO,False,bdb43d33eb86b6a64d29689549e07e25211733b582507c5fad66e2b2ac69304b,pairs,208,ClusterChain,2009,194,0,ClusterChain-K3-QCBO-pairs-seed2009,0,52.428762435913086
800,61b4757aedf08761a1b409a464abc581e58d3447b51f0ac6921a8f0b97a8fc51,K3,1852.616861797247,3.2521566532077397,QCBO,False,9e0270130158fc69946e86d28dbde6ae51a7a9525fa35a13d0b22176b1506367,pairs,385,ClusterChain,2010,371,0,ClusterChain-K3-QCBO-pairs-seed2010,0,106.54090094566345
800,61b4757aedf08761a1b409a464abc581e58d3447b51f0ac6921a8f0b97a8fc51,K3,1022.6175036367429,1.8551492615228324,QCBO,False,7cbf5572eefc4077d0d8e8a6782d65076cc08c3fa88683b27ef0faf75f77d99b,pairs,279,ClusterChain,2011,265,0,ClusterChain-K3-QCBO-pairs-seed2011,0,82.24842953681946
800,61b4757aedf08761a1b409a464abc581e58d3447b51f0ac6921a8f0b97a8fc51,K3,681.1333241914259,1.2309479375711923,QCBO,False,6780560e1ffa1447df6054ad8e8e4d72b284ae8e1c8ab5fb5e2227361977d92b,pairs,245,ClusterChain,2012,231,0,ClusterChain-K3-QCBO-pairs-seed2012,0,60.468355655670166
800,61b4757aedf08761a1b409a464abc581e58d3447b51f0ac6921a8f0b97a8fc51,K3,1871.5128109247512,3.4307895946859466,QCBO,False,37eb6f49f5f3fd9b7935a0e93d50c74df20901b5a65b877368c13e0bfa8e145f,pairs,357,ClusterChain,2013,343,0,ClusterChain-K3-QCBO-pairs-seed2013,0,140.1702229976654
800,61b4757aedf08761a1b409a464abc581e58d3447b51f0ac6921a8f0b97a8fc51,K3,657.7511191033689,1.1131649578033915,QCBO,False,cf65ba8c94d0e5b9785918366c13cb8469db1c22ab45b99e073c654ebbe7a761,pairs,263,ClusterChain,2014,249,0,ClusterChain-K3-QCBO-pairs-seed2014,0,61.73463559150696
800,61b4757aedf08761a1b409a464abc581e58d3447b51f0ac6921a8f0b97a8fc51,K3,818.5846650706003,1.5019902111387076,QCBO,False,912be55de8182feddea0cd1532a8bd1c8430b94f073d13f82db0c9a2f748b66d,pairs,240,ClusterChain,2015,226,0,ClusterChain-K3-QCBO-pairs-seed2015,0,67.21598815917969
800,61b4757aedf08761a1b409a464abc581e58d3447b51f0ac6921a8f0b97a8fc51,K3,2126.6530288024237,3.923205596070021,QCBO,False,5d9fd61e2ee182e288d0d514b556e4760fc4757b7301e77e5aaf32627beeb6cc,pairs,369,ClusterChain,2016,355,0,ClusterChain-K3-QCBO-pairs-seed2016,0,139.39185643196106
800,61b4757aedf08761a1b409a464abc581e58d3447b51f0ac6921a8f0b97a8fc51,K3,2402.2257845788263,4.404532061713901,QCBO,False,5b2b049f5b4017daf29a7a78d17ed92bc3e3aedb65e0303ff4eb4ea144f3646c,pairs,365,ClusterChain,2017,351,0,ClusterChain-K3-QCBO-pairs-seed2017,0,108.378586769104
800,61b4757aedf08761a1b409a464abc581e58d3447b51f0ac6921a8f0b97a8fc51,K3,765.5208959798787,1.2140760904232062,QCBO,False,9154fe5586f7942914d1916eea26eb4387003c657a24258751653948bda32a6d,pairs,210,ClusterChain,2018,196,0,ClusterChain-K3-QCBO-pairs-seed2018,0,53.24372720718384
800,61b4757aedf08761a1b409a464abc581e58d3447b51f0ac6921a8f0b97a8fc51,K3,1775.9295348692697,3.2598052283590633,QCBO,False,83e9fb9bff9bc7a3374c3c958858466d8664e81b2af2f9004769ed2c8518c395,pairs,387,ClusterChain,2019,373,0,ClusterChain-K3-QCBO-pairs-seed2019,0,112.35504198074341
800,61b4757aedf08761a1b409a464abc581e58d3447b51f0ac6921a8f0b97a8fc51,K3,619.6511728173238,1.1369746290226135,QCBO,False,10c3c191ca3043fdb9d4c7da397514c7edc2ecd1b4bc2dcead314a1464d04b80,pairs,245,ClusterChain,2020,231,0,ClusterChain-K3-QCBO-pairs-seed2020,0,56.5791494846344
800,61b4757aedf08761a1b409a464abc581e58d3447b51f0ac6921a8f0b97a8fc51,K3,874.4264694945052,1.544617090124895,QCBO,False,590cfc37db554eba854da8a44f06f14c2f651ef57661bb113be5e123ffd58cc1,pairs,228,ClusterChain,2021,214,0,ClusterChain-K3-QCBO-pairs-seed2021,0,61.71339678764343
800,61b4757aedf08761a1b409a464abc581e58d3447b51f0ac6921a8f0b97a8fc51,K3,1773.0613679731714,3.2520270275524745,QCBO,False,b2c17da254df57de0e2c08853e94436d4def698bb2e224592c324bc205523ad6,pairs,375,ClusterChain,2022,361,0,ClusterChain-K3-QCBO-pairs-seed2022,0,137.64145970344543
800,61b4757aedf08761a1b409a464abc581e58d3447b51f0ac6921a8f0b97a8fc51,K3,630.3238999121879,1.120556512139787,QCBO,False,4967e79b0a8b38e37f71458a59e6254412e4b39d4fa1f921a2c826d97e25c07b,pairs,253,ClusterChain,2023,239,0,ClusterChain-K3-QCBO-pairs-seed2023,0,61.04094409942627
800,61b4757aedf08761a1b409a464abc581e58d3447b51f0ac6921a8f0b97a8fc51,K3,678.2846640353913,1.145799170887633,QCBO,False,0267dc97cb9272df77acf56a6d9c3110f3602f3ec410c98a3f1ff0b15953e8c2,pairs,261,ClusterChain,2024,247,0,ClusterChain-K3-QCBO-pairs-seed2024,0,67.61328148841858
800,61b4757aedf08761a1b409a464abc581e58d3447b51f0ac6921a8f0b97a8fc51,K3,1342.1404588404375,1.959480520841259,QCBO,False,a794bce8c5badefd4b5b2b3521bd5288ea8ffcaa9b80f15059a9774a6e15de42,pairs,263,ClusterChain,2025,249,0,ClusterChain-K3-QCBO-pairs-seed2025,0,82.51158571243286
800,61b4757aedf08761a1b409a464abc581e58d3447b51f0ac6921a8f0b97a8fc51,K3,2444.5536762435377,4.422533140626033,QCBO,False,05eec5770736f39fb005b1b3f15ce6ca148e6b1fb8bd4868fdd388203d05b34a,pairs,384,ClusterChain,2026,370,0,ClusterChain-K3-QCBO-pairs-seed2026,0,136.94346022605896
800,61b4757aedf08761a1b409a464abc581e58d3447b51f0ac6921a8f0b97a8fc51,K3,1775.0207085308373,3.252029541609051,QCBO,False,47e059e99a0b7db59c311f7900cc0770b7e5f8d519a94d695bc670363f41ae66,pairs,374,ClusterChain,2027,360,0,ClusterChain-K3-QCBO-pairs-seed2027,0,116.21126914024353
800,61b4757aedf08761a1b409a464abc581e58d3447b51f0ac6921a8f0b97a8fc51,K3,1780.9017293910376,3.267709595212927,QCBO,False,d22607fb3381b1c4680148caff3e6767295e7cc47517fcfbe77cfbd14024bd76,pairs,384,ClusterChain,2028,370,0,ClusterChain-K3-QCBO-pairs-seed2028,0,121.77641534805298
800,61b4757aedf08761a1b409a464abc581e58d3447b51f0ac6921a8f0b97a8fc51,K3,1566.7369223893172,1.2609020386416134,QCBO,False,14f4cf24ab7e335499157d74957e25950e243ec7632616fb156f8ed3508f7554,pairs,206,ClusterChain,2029,192,0,ClusterChain-K3-QCBO-pairs-seed2029,0,58.73321199417114
