actual_cost,code_identity,cond,cost_integrated_recommendation_regret,final_recommendation_regret,method,null_recommended_final,observational_sha256,partition,purchases,scm,seed,sequential_purchases,split_cost,unit_id,unspent,wall_seconds
100,61b4757aedf08761a1b409a464abc581e58d3447b51f0ac6921a8f0b97a8fc51,B0,30.793583170448542,0.011078827537978952,BO-S,False,e6d66e6d2c009c7b64cc5213e29d1a8be603a4e9721c71f6c57c52fa174c13d6,fine,97,FrontDoor,2000,88,0,FrontDoor-B0-BO-S-seed2000,0,3.820103645324707
100,61b4757aedf08761a1b409a464abc581e58d3447b51f0ac6921a8f0b97a8fc51,B0,161.73333354040582,1.8172284667461314,BO-S,False,3abefe719d954ce907f9ddae7d5004d32e0a0e8a689e098cadb827927c24e7c4,fine,97,FrontDoor,2001,88,0,FrontDoor-B0-BO-S-seed2001,0,4.904510974884033
100,61b4757aedf08761a1b409a464abc581e58d3447b51f0ac6921a8f0b97a8fc51,B0,7.838842652207051,0.05334458406372855,BO-S,False,ebe9e99ead7b45a3ec4b78d250b3e87229e8c4ebc43fd335cf5214cf5af56eb9,fine,56,FrontDoor,2002,47,0,FrontDoor-B0-BO-S-seed2002,0,3.4075701236724854
100,61b4757aedf08761a1b409a464abc581e58d3447b51f0ac6921a8f0b97a8fc51,B0,84.83165937478458,0.8546530406518544,BO-S,False,74f03f64fd6049c91bc3261781a2e821cf24e869e6523eea84c16c114a55ab3e,fine,94,FrontDoor,2003,85,0,FrontDoor-B0-BO-S-seed2003,0,4.414693117141724
100,61b4757aedf08761a1b409a464abc581e58d3447b51f0ac6921a8f0b97a8fc51,B0,41.60356168903931,0.5247301984944985,BO-S,False,7215efd69d06db2948deaea0bcc5479fc9e11efcac87c3ccacf872d355382a95,fine,97,FrontDoor,2004,88,0,FrontDoor-B0-BO-S-seed2004,0,3.8498899936676025
100,61b4757aedf08761a1b409a464abc581e58d3447b51f0ac6921a8f0b97a8fc51,B0,9.09636748588401,0.0026559072246934434,BO-S,False,16b38f900d39e391133b1d0616a32b161c7acfd7c23d17c8f2f8dabfcf04b8b8,fine,97,FrontDoor,2005,88,0,FrontDoor-B0-BO-S-seed2005,0,3.8520233631134033
100,61b4757aedf08761a1b409a464abc581e58d3447b51f0ac6921a8f0b97a8fc51,B0,3.678396767216631,0.0026037227218131953,BO-S,False,e43fce48a817f5d2403aeab75855a70aff21af30bbe6ee44b827d377353d6f57,fine,97,FrontDoor,2006,88,0,FrontDoor-B0-BO-S-seed2006,0,3.8454039096832275
100,61b4757aedf08761a1b409a464abc581e58d3447b51f0ac6921a8f0b97a8fc51,B0,30.99694720467749,0.35066327603350467,BO-S,False,20209c8dce70fff3e152f3821c8d802f5bdc5596c124624f9aaa760235558eca,fine,94,FrontDoor,2007,85,0,FrontDoor-B0-BO-S-seed2007,0,3.843749761581421
100,61b4757aedf08761a1b409a464abc581e58d3447b51f0ac6921a8f0b97a8fc51,B0,76.7053829698705,0.1556956976252306,BO-S,False,313d9403b94d40634fc17c484fa72d20b34235a031d1ba1b12de316b76c96e9b,fine,89,FrontDoor,2008,80,0,FrontDoor-B0-BO-S-seed2008,0,3.9503142833709717
100,61b4757aedf08761a1b409a464abc581e58d3447b51f0ac6921a8f0b97a8fc51,B0,17.504022644004166,0.029253974773386204,BO-S,False,d98914f93ad6c2b6e7f5da65478d42d3ba5c4a3503cdaa9393ebc1029d594d54,fine,97,FrontDoor,2009,88,0,FrontDoor-B0-BO-S-seed2009,0,3.837711811065674
100,61b4757aedf08761a1b409a464abc581e58d3447b51f0ac6921a8f0b97a8fc51,B0,74.50194719297603,0.4291474384843261,BO-S,False,44d96031ce886680fd1278152f0d78434ff0741a95d73a735fb9dcb0deed918b,fine,54,FrontDoor,2010,45,0,FrontDoor-B0-BO-S-seed2010,0,2.9529001712799072
100,61b4757aedf08761a1b409a464abc581e58d3447b51f0ac6921a8f0b97a8fc51,B0,174.59139993046992,1.999999937738293,BO-S,False,1879daf0e0de056532f8759630b530c4415d4c78a930af7807365a07f49c4640,fine,55,FrontDoor,2011,46,0,FrontDoor-B0-BO-S-seed2011,0,3.636234998703003
100,61b4757aedf08761a1b409a464abc581e58d3447b51f0ac6921a8f0b97a8fc51,B0,1.8462436106845983,0.01368465621195103,BO-S,False,c0c3f85c5233c4d18747475a63d3c448e828cd3f8db75187cd1b640cfb4bd8fa,fine,95,FrontDoor,2012,86,0,FrontDoor-B0-BO-S-seed2012,0,3.7947399616241455
100,61b4757aedf08761a1b409a464abc581e58d3447b51f0ac6921a8f0b97a8fc51,B0,178.0,2.0,BO-S,False,99498953eecd9e8438fc1536bc1b6fef874ce0dcb5605342b430d8538d0af3c6,fine,97,FrontDoor,2013,88,0,FrontDoor-B0-BO-S-seed2013,0,5.305792570114136
100,61b4757aedf08761a1b409a464abc581e58d3447b51f0ac6921a8f0b97a8fc51,B0,177.99108025784855,2.0,BO-S,False,560a8f22f527ea7f6ae3c006ddef6c30dfdba22d81d2bd62520c3ca966fbad71,fine,55,FrontDoor,2014,46,0,FrontDoor-B0-BO-S-seed2014,0,3.433527946472168
100,61b4757aedf08761a1b409a464abc581e58d3447b51f0ac6921a8f0b97a8fc51,B0,14.976205226214075,0.1462397651109375,BO-S,False,df9824370dab86ab2d1b34b71edf5ede4d70c0044d5daf603dd8f703f0aafc20,fine,97,FrontDoor,2015,88,0,FrontDoor-B0-BO-S-seed2015,0,3.9353041648864746
100,61b4757aedf08761a1b409a464abc581e58d3447b51f0ac6921a8f0b97a8fc51,B0,80.76142608648817,0.4829476295809969,BO-S,False,90071129c12f7fbc7536d9e7eac8f83096f2e35ad335c82d20b664879c36181f,fine,97,FrontDoor,2016,88,0,FrontDoor-B0-BO-S-seed2016,0,3.9282681941986084
100,61b4757aedf08761a1b409a464abc581e58d3447b51f0ac6921a8f0b97a8fc51,B0,178.0,2.0,BO-S,False,7d003d003debd8d632e243aca5a2660d2e0be0e7e80cde4cd90c2b19fcc7262f,fine,55,FrontDoor,2017,46,0,FrontDoor-B0-BO-S-seed2017,0,3.378229856491089
100,61b4757aedf08761a1b409a464abc581e58d3447b51f0ac6921a8f0b97a8fc51,B0,64.58641425611543,0.027179234376092154,BO-S,False,41ac910d260b066831186379323837be25639f8c5352a44e7ea4c54fb9bb02dc,fine,93,FrontDoor,2018,84,0,FrontDoor-B0-BO-S-seed2018,0,3.727686643600464
100,61b4757aedf08761a1b409a464abc581e58d3447b51f0ac6921a8f0b97a8fc51,B0,14.526246465482211,0.0007015489118660234,BO-S,False,df9108b469ce1dc26e77e8e653f93d9e642c2ec056e6d35e6ed0181c05f3c5a0,fine,97,FrontDoor,2019,88,0,FrontDoor-B0-BO-S-seed2019,0,4.002447843551636
100,61b4757aedf08761a1b409a464abc581e58d3447b51f0ac6921a8f0b97a8fc51,B0,85.78932683844673,0.9687569924029569,BO-S,False,cd9186b1ca952eda98b3b4fea9c74e4e968b5e4900726cb3914910dae35e0924,fine,53,FrontDoor,2020,44,0,FrontDoor-B0-BO-S-seed2020,0,3.1314046382904053
100,61b4757aedf08761a1b409a464abc581e58d3447b51f0ac6921a8f0b97a8fc51,B0,176.93455972503543,1.9880287609554563,BO-S,False,7e06344b0490e1f5806ab3e30318475828002e7882fb5ce4d50bf09135699b68,fine,90,FrontDoor,2021,81,0,FrontDoor-B0-BO-S-seed2021,0,5.244647741317749
100,61b4757aedf08761a1b409a464abc581e58d3447b51f0ac6921a8f0b97a8fc51,B0,14.108134208124923,0.3328328452156717,BO-S,False,dd5270f80b2a08d329dd0006daf314d1b2ad68ac7095e26a196f9ecdd47c6e56,fine,88,FrontDoor,2022,79,0,FrontDoor-B0-BO-S-seed2022,0,3.7235662937164307
100,61b4757aedf08761a1b409a464abc581e58d3447b51f0ac6921a8f0b97a8fc51,B0,11.567594214056037,0.009900364893675073,BO-S,False,73b775d2a76e92d4cc7fdcdfebe33689e12e81351a0b13f1b26719b7f19b455e,fine,96,FrontDoor,2023,87,0,FrontDoor-B0-BO-S-seed2023,0,3.8072023391723633
100,61b4757aedf08761a1b409a464abc581e58d3447b51f0ac6921a8f0b97a8fc51,B0,48.06622823187348,0.4787091616534287,BO-S,False,0950c0986e67c4bfc3540651bbb6c810d8aed172a304bd3b68da8371df6b196c,fine,96,FrontDoor,2024,87,0,FrontDoor-B0-BO-S-seed2024,0,4.015272617340088
100,61b4757aedf08761a1b409a464abc581e58d3447b51f0ac6921a8f0b97a8fc51,B0,27.610971518102204,0.3426148398129152,BO-S,False,1b656ea535b3caefa82ac719cbe81d08829db6c576a23a91c5a6ec985370e58b,fine,94,FrontDoor,2025,85,0,FrontDoor-B0-BO-S-seed2025,0,3.8396894931793213
100,61b4757aedf08761a1b409a464abc581e58d3447b51f0ac6921a8f0b97a8fc51,B0,82.64593489206794,0.07447976486133379,BO-S,False,495d33f10729e56750414853508d1cd0a86d5946e5fdb8a416c350c49b04eb37,fine,53,FrontDoor,2026,44,0,FrontDoor-B0-BO-S-seed2026,0,3.1981003284454346
100,61b4757aedf08761a1b409a464abc581e58d3447b51f0ac6921a8f0b97a8fc51,B0,176.91215358864616,2.0,BO-S,False,f39d0d29526bddd5bb0bdaa0b6f52da7849dd4d958424e5db13e233e47e0be3f,fine,97,FrontDoor,2027,88,0,FrontDoor-B0-BO-S-seed2027,0,4.905800819396973
100,61b4757aedf08761a1b409a464abc581e58d3447b51f0ac6921a8f0b97a8fc51,B0,178.0,2.0,BO-S,False,5ef95d0c9170e04552b30e49b7ff603bf1a75f71ddb4a77f35e59f45c575b7bc,fine,96,FrontDoor,2028,87,0,FrontDoor-B0-BO-S-seed2028,0,4.751135349273682
100,61b4757aedf08761a1b409a464abc581e58d3447b51f0ac6921a8f0b97a8fc51,B0,2.1750732682431866,0.007426551396904291,BO-S,False,e90aac885bb28d6d0cad58189be12da7f55ab27ccec1b3944f741d58112563ac,fine,78,FrontDoor,2029,69,0,FrontDoor-B0-BO-S-seed2029,0,3.340182065963745
100,61b4757aedf08761a1b409a464abc581e58d3447b51f0ac6921a8f0b97a8fc51,B0,55.86688380645936,0.020876367376854832,BO,False,e6d66e6d2c009c7b64cc5213e29d1a8be603a4e9721c71f6c57c52fa174c13d6,fine,50,FrontDoor,2000,47,0,FrontDoor-B0-BO-seed2000,0,2.337522029876709
100,61b4757aedf08761a1b409a464abc581e58d3447b51f0ac6921a8f0b97a8fc51,B0,172.92333914205713,1.9999999989661448,BO,False,3abefe719d954ce907f9ddae7d5004d32e0a0e8a689e098cadb827927c24e7c4,fine,50,FrontDoor,2001,47,0,FrontDoor-B0-BO-seed2001,0,2.226404905319214
100,61b4757aedf08761a1b409a464abc581e58d3447b51f0ac6921a8f0b97a8fc51,B0,24.398706958645846,0.2741427748162457,BO,False,ebe9e99ead7b45a3ec4b78d250b3e87229e8c4ebc43fd335cf5214cf5af56eb9,fine,50,FrontDoor,2002,47,0,FrontDoor-B0-BO-seed2002,0,2.215986490249634
100,61b4757aedf08761a1b409a464abc581e58d3447b51f0ac6921a8f0b97a8fc51,B0,177.99899043566109,1.9999857807839607,BO,False,74f03f64fd6049c91bc3261781a2e821cf24e869e6523eea84c16c114a55ab3e,fine,50,FrontDoor,2003,47,0,FrontDoor-B0-BO-seed2003,0,2.2627651691436768
100,61b4757aedf08761a1b409a464abc581e58d3447b51f0ac6921a8f0b97a8fc51,B0,57.99124154817956,0.6515869836874122,BO,False,7215efd69d06db2948deaea0bcc5479fc9e11efcac87c3ccacf872d355382a95,fine,50,FrontDoor,2004,47,0,FrontDoor-B0-BO-seed2004,0,2.3326451778411865
100,61b4757aedf08761a1b409a464abc581e58d3447b51f0ac6921a8f0b97a8fc51,B0,177.99999848774166,2.0,BO,False,16b38f900d39e391133b1d0616a32b161c7acfd7c23d17c8f2f8dabfcf04b8b8,fine,50,FrontDoor,2005,47,0,FrontDoor-B0-BO-seed2005,0,2.3870699405670166
100,61b4757aedf08761a1b409a464abc581e58d3447b51f0ac6921a8f0b97a8fc51,B0,177.99999975297337,1.9999999966732651,BO,False,e43fce48a817f5d2403aeab75855a70aff21af30bbe6ee44b827d377353d6f57,fine,50,FrontDoor,2006,47,0,FrontDoor-B0-BO-seed2006,0,2.3134865760803223
100,61b4757aedf08761a1b409a464abc581e58d3447b51f0ac6921a8f0b97a8fc51,B0,26.083911944260812,0.2930776622950655,BO,False,20209c8dce70fff3e152f3821c8d802f5bdc5596c124624f9aaa760235558eca,fine,50,FrontDoor,2007,47,0,FrontDoor-B0-BO-seed2007,0,2.4185402393341064
100,61b4757aedf08761a1b409a464abc581e58d3447b51f0ac6921a8f0b97a8fc51,B0,178.0,2.0,BO,False,313d9403b94d40634fc17c484fa72d20b34235a031d1ba1b12de316b76c96e9b,fine,50,FrontDoor,2008,47,0,FrontDoor-B0-BO-seed2008,0,2.4607954025268555
100,61b4757aedf08761a1b409a464abc581e58d3447b51f0ac6921a8f0b97a8fc51,B0,178.0,2.0,BO,False,d98914f93ad6c2b6e7f5da65478d42d3ba5c4a3503cdaa9393ebc1029d594d54,fine,50,FrontDoor,2009,47,0,FrontDoor-B0-BO-seed2009,0,2.3746590614318848
100,61b4757aedf08761a1b409a464abc581e58d3447b51f0ac6921a8f0b97a8fc51,B0,177.98300044732824,1.9998089937902062,BO,False,44d96031ce886680fd1278152f0d78434ff0741a95d73a735fb9dcb0deed918b,fine,50,FrontDoor,2010,47,0,FrontDoor-B0-BO-seed2010,0,2.370184898376465
100,61b4757aedf08761a1b409a464abc581e58d3447b51f0ac6921a8f0b97a8fc51,B0,175.03600335525655,1.9999999977164762,BO,False,1879daf0e0de056532f8759630b530c4415d4c78a930af7807365a07f49c4640,fine,50,FrontDoor,2011,47,0,FrontDoor-B0-BO-seed2011,0,2.305867910385132
100,61b4757aedf08761a1b409a464abc581e58d3447b51f0ac6921a8f0b97a8fc51,B0,84.24735700311557,0.9465995168889398,BO,False,c0c3f85c5233c4d18747475a63d3c448e828cd3f8db75187cd1b640cfb4bd8fa,fine,50,FrontDoor,2012,47,0,FrontDoor-B0-BO-seed2012,0,2.325640916824341
100,61b4757aedf08761a1b409a464abc581e58d3447b51f0ac6921a8f0b97a8fc51,B0,46.28519200071847,0.0034244684457847008,BO,False,99498953eecd9e8438fc1536bc1b6fef874ce0dcb5605342b430d8538d0af3c6,fine,50,FrontDoor,2013,47,0,FrontDoor-B0-BO-seed2013,0,2.4567644596099854
100,61b4757aedf08761a1b409a464abc581e58d3447b51f0ac6921a8f0b97a8fc51,B0,39.424955834677625,0.06646327449870393,BO,False,560a8f22f527ea7f6ae3c006ddef6c30dfdba22d81d2bd62520c3ca966fbad71,fine,50,FrontDoor,2014,47,0,FrontDoor-B0-BO-seed2014,0,2.4208662509918213
100,61b4757aedf08761a1b409a464abc581e58d3447b51f0ac6921a8f0b97a8fc51,B0,170.74768966492354,1.9999999820779903,BO,False,df9824370dab86ab2d1b34b71edf5ede4d70c0044d5daf603dd8f703f0aafc20,fine,50,FrontDoor,2015,47,0,FrontDoor-B0-BO-seed2015,0,2.2900571823120117
100,61b4757aedf08761a1b409a464abc581e58d3447b51f0ac6921a8f0b97a8fc51,B0,177.99999989472315,1.9999999987614512,BO,False,90071129c12f7fbc7536d9e7eac8f83096f2e35ad335c82d20b664879c36181f,fine,50,FrontDoor,2016,47,0,FrontDoor-B0-BO-seed2016,0,2.247953414916992
100,61b4757aedf08761a1b409a464abc581e58d3447b51f0ac6921a8f0b97a8fc51,B0,178.0,2.0,BO,False,7d003d003debd8d632e243aca5a2660d2e0be0e7e80cde4cd90c2b19fcc7262f,fine,50,FrontDoor,2017,47,0,FrontDoor-B0-BO-seed2017,0,2.3450493812561035
100,61b4757aedf08761a1b409a464abc581e58d3447b51f0ac6921a8f0b97a8fc51,B0,12.831589749886302,0.14417516572905975,BO,False,41ac910d260b066831186379323837be25639f8c5352a44e7ea4c54fb9bb02dc,fine,50,FrontDoor,2018,47,0,FrontDoor-B0-BO-seed2018,0,2.3426778316497803
100,61b4757aedf08761a1b409a464abc581e58d3447b51f0ac6921a8f0b97a8fc51,B0,177.99999909555424,1.9999999993709416,BO,False,df9108b469ce1dc26e77e8e653f93d9e642c2ec056e6d35e6ed0181c05f3c5a0,fine,50,FrontDoor,2019,47,0,FrontDoor-B0-BO-seed2019,0,2.323925256729126
100,61b4757aedf08761a1b409a464abc581e58d3447b51f0ac6921a8f0b97a8fc51,B0,17.919194294982805,0.027645016016558666,BO,False,cd9186b1ca952eda98b3b4fea9c74e4e968b5e4900726cb3914910dae35e0924,fine,50,FrontDoor,2020,47,0,FrontDoor-B0-BO-seed2020,0,2.3566105365753174
100,61b4757aedf08761a1b409a464abc581e58d3447b51f0ac6921a8f0b97a8fc51,B0,177.99999999999957,2.0,BO,False,7e06344b0490e1f5806ab3e30318475828002e7882fb5ce4d50bf09135699b68,fine,50,FrontDoor,2021,47,0,FrontDoor-B0-BO-seed2021,0,2.2842729091644287
100,61b4757aedf08761a1b409a464abc581e58d3447b51f0ac6921a8f0b97a8fc51,B0,42.154773685800905,0.47364914253708834,BO,False,dd5270f80b2a08d329dd0006daf314d1b2ad68ac7095e26a196f9ecdd47c6e56,fine,50,FrontDoor,2022,47,0,FrontDoor-B0-BO-seed2022,0,2.358764886856079
100,61b4757aedf08761a1b409a464abc581e58d3447b51f0ac6921a8f0b97a8fc51,B0,177.99975696908805,1.9999999809373532,BO,False,73b775d2a76e92d4cc7fdcdfebe33689e12e81351a0b13f1b26719b7f19b455e,fine,50,FrontDoor,2023,47,0,FrontDoor-B0-BO-seed2023,0,2.439236640930176
100,61b4757aedf08761a1b409a464abc581e58d3447b51f0ac6921a8f0b97a8fc51,B0,156.1554936761881,1.7545561087212147,BO,False,0950c0986e67c4bfc3540651bbb6c810d8aed172a304bd3b68da8371df6b196c,fine,50,FrontDoor,2024,47,0,FrontDoor-B0-BO-seed2024,0,2.3635761737823486
100,61b4757aedf08761a1b409a464abc581e58d3447b51f0ac6921a8f0b97a8fc51,B0,160.86416647972965,2.0,BO,False,1b656ea535b3caefa82ac719cbe81d08829db6c576a23a91c5a6ec985370e58b,fine,50,FrontDoor,2025,47,0,FrontDoor-B0-BO-seed2025,0,2.3460938930511475
100,61b4757aedf08761a1b409a464abc581e58d3447b51f0ac6921a8f0b97a8fc51,B0,145.44189079364827,1.6341785482432394,BO,False,495d33f10729e56750414853508d1cd0a86d5946e5fdb8a416c350c49b04eb37,fine,50,FrontDoor,2026,47,0,FrontDoor-B0-BO-seed2026,0,2.3267641067504883
100,61b4757aedf08761a1b409a464abc581e58d3447b51f0ac6921a8f0b97a8fc51,B0,32.62538773910947,0.00582746417305291,BO,False,f39d0d29526bddd5bb0bdaa0b6f52da7849dd4d958424e5db13e233e47e0be3f,fine,50,FrontDoor,2027,47,0,FrontDoor-B0-BO-seed2027,0,2.4075698852539062
100,61b4757aedf08761a1b409a464abc581e58d3447b51f0ac6921a8f0b97a8fc51,B0,41.849181568501805,0.026799732993373127,BO,False,5ef95d0c9170e04552b30e49b7ff603bf1a75f71ddb4a77f35e59f45c575b7bc,fine,50,FrontDoor,2028,47,0,FrontDoor-B0-BO-seed2028,0,2.449920415878296
100,61b4757aedf08761a1b409a464abc581e58d3447b51f0ac6921a8f0b97a8fc51,B0,2.467681408532688,0.027726757399243684,BO,False,e90aac885bb28d6d0cad58189be12da7f55ab27ccec1b3944f741d58112563ac,fine,50,FrontDoor,2029,47,0,FrontDoor-B0-BO-seed2029,0,2.3830878734588623
100,61b4757aedf08761a1b409a464abc581e58d3447b51f0ac6921a8f0b97a8fc51,B0,177.91045057781702,2.0,CBO-FALLBACK,False,e6d66e6d2c009c7b64cc5213e29d1a8be603a4e9721c71f6c57c52fa174c13d6,fine,100,FrontDoor,2000,94,0,FrontDoor-B0-CBO-FALLBACK-seed2000,0,4.940044641494751
100,61b4757aedf08761a1b409a464abc581e58d3447b51f0ac6921a8f0b97a8fc51,B0,66.34049136871892,0.4738184353756967,CBO-FALLBACK,False,3abefe719d954ce907f9ddae7d5004d32e0a0e8a689e098cadb827927c24e7c4,fine,100,FrontDoor,2001,94,0,FrontDoor-B0-CBO-FALLBACK-seed2001,0,4.657910585403442
100,61b4757aedf08761a1b409a464abc581e58d3447b51f0ac6921a8f0b97a8fc51,B0,46.31906651838073,0.3567669363945227,CBO-FALLBACK,False,ebe9e99ead7b45a3ec4b78d250b3e87229e8c4ebc43fd335cf5214cf5af56eb9,fine,100,FrontDoor,2002,94,0,FrontDoor-B0-CBO-FALLBACK-seed2002,0,4.936720132827759
100,61b4757aedf08761a1b409a464abc581e58d3447b51f0ac6921a8f0b97a8fc51,B0,93.75089843449588,1.0279200707052907,CBO-FALLBACK,False,74f03f64fd6049c91bc3261781a2e821cf24e869e6523eea84c16c114a55ab3e,fine,100,FrontDoor,2003,94,0,FrontDoor-B0-CBO-FALLBACK-seed2003,0,5.469204425811768
100,61b4757aedf08761a1b409a464abc581e58d3447b51f0ac6921a8f0b97a8fc51,B0,43.91289494597244,0.4974788393920042,CBO-FALLBACK,False,7215efd69d06db2948deaea0bcc5479fc9e11efcac87c3ccacf872d355382a95,fine,100,FrontDoor,2004,94,0,FrontDoor-B0-CBO-FALLBACK-seed2004,0,4.9086809158325195
100,61b4757aedf08761a1b409a464abc581e58d3447b51f0ac6921a8f0b97a8fc51,B0,10.155212932518667,0.11214520490661917,CBO-FALLBACK,False,16b38f900d39e391133b1d0616a32b161c7acfd7c23d17c8f2f8dabfcf04b8b8,fine,100,FrontDoor,2005,94,0,FrontDoor-B0-CBO-FALLBACK-seed2005,0,4.9720683097839355
100,61b4757aedf08761a1b409a464abc581e58d3447b51f0ac6921a8f0b97a8fc51,B0,0.06793748774296793,0.000763342558909752,CBO-FALLBACK,False,e43fce48a817f5d2403aeab75855a70aff21af30bbe6ee44b827d377353d6f57,fine,100,FrontDoor,2006,94,0,FrontDoor-B0-CBO-FALLBACK-seed2006,0,4.561749219894409
100,61b4757aedf08761a1b409a464abc581e58d3447b51f0ac6921a8f0b97a8fc51,B0,30.22532346928371,0.33942418933973073,CBO-FALLBACK,False,20209c8dce70fff3e152f3821c8d802f5bdc5596c124624f9aaa760235558eca,fine,100,FrontDoor,2007,94,0,FrontDoor-B0-CBO-FALLBACK-seed2007,0,5.0700623989105225
100,61b4757aedf08761a1b409a464abc581e58d3447b51f0ac6921a8f0b97a8fc51,B0,31.624321764683565,0.3846169182035335,CBO-FALLBACK,False,313d9403b94d40634fc17c484fa72d20b34235a031d1ba1b12de316b76c96e9b,fine,100,FrontDoor,2008,94,0,FrontDoor-B0-CBO-FALLBACK-seed2008,0,4.8446550369262695
100,61b4757aedf08761a1b409a464abc581e58d3447b51f0ac6921a8f0b97a8fc51,B0,178.0,2.0,CBO-FALLBACK,False,d98914f93ad6c2b6e7f5da65478d42d3ba5c4a3503cdaa9393ebc1029d594d54,fine,100,FrontDoor,2009,94,0,FrontDoor-B0-CBO-FALLBACK-seed2009,0,5.096646070480347
100,61b4757aedf08761a1b409a464abc581e58d3447b51f0ac6921a8f0b97a8fc51,B0,19.046303832528583,0.0021217054611497588,CBO-FALLBACK,False,44d96031ce886680fd1278152f0d78434ff0741a95d73a735fb9dcb0deed918b,fine,100,FrontDoor,2010,94,0,FrontDoor-B0-CBO-FALLBACK-seed2010,0,4.603684425354004
100,61b4757aedf08761a1b409a464abc581e58d3447b51f0ac6921a8f0b97a8fc51,B0,11.902287047961966,0.13619478239672933,CBO-FALLBACK,False,1879daf0e0de056532f8759630b530c4415d4c78a930af7807365a07f49c4640,fine,100,FrontDoor,2011,94,0,FrontDoor-B0-CBO-FALLBACK-seed2011,0,4.3338117599487305
100,61b4757aedf08761a1b409a464abc581e58d3447b51f0ac6921a8f0b97a8fc51,B0,1.8283745910819351,0.030060583315857592,CBO-FALLBACK,False,c0c3f85c5233c4d18747475a63d3c448e828cd3f8db75187cd1b640cfb4bd8fa,fine,100,FrontDoor,2012,94,0,FrontDoor-B0-CBO-FALLBACK-seed2012,0,4.558351516723633
100,61b4757aedf08761a1b409a464abc581e58d3447b51f0ac6921a8f0b97a8fc51,B0,178.0,2.0,CBO-FALLBACK,False,99498953eecd9e8438fc1536bc1b6fef874ce0dcb5605342b430d8538d0af3c6,fine,100,FrontDoor,2013,94,0,FrontDoor-B0-CBO-FALLBACK-seed2013,0,4.7651047706604
100,61b4757aedf08761a1b409a464abc581e58d3447b51f0ac6921a8f0b97a8fc51,B0,178.0,2.0,CBO-FALLBACK,False,560a8f22f527ea7f6ae3c006ddef6c30dfdba22d81d2bd62520c3ca966fbad71,fine,100,FrontDoor,2014,94,0,FrontDoor-B0-CBO-FALLBACK-seed2014,0,4.807227611541748
100,61b4757aedf08761a1b409a464abc581e58d3447b51f0ac6921a8f0b97a8fc51,B0,36.02019244996444,0.37615615768244726,CBO-FALLBACK,False,df9824370dab86ab2d1b34b71edf5ede4d70c0044d5daf603dd8f703f0aafc20,fine,100,FrontDoor,2015,94,0,FrontDoor-B0-CBO-FALLBACK-seed2015,0,4.492693662643433
100,61b4757aedf08761a1b409a464abc581e58d3447b51f0ac6921a8f0b97a8fc51,B0,34.02577238241097,0.3396333547572232,CBO-FALLBACK,False,90071129c12f7fbc7536d9e7eac8f83096f2e35ad335c82d20b664879c36181f,fine,100,FrontDoor,2016,94,0,FrontDoor-B0-CBO-FALLBACK-seed2016,0,4.652994632720947
100,61b4757aedf08761a1b409a464abc581e58d3447b51f0ac6921a8f0b97a8fc51,B0,0.4568599206688362,0.0067918489230573975,CBO-FALLBACK,False,7d003d003debd8d632e243aca5a2660d2e0be0e7e80cde4cd90c2b19fcc7262f,fine,100,FrontDoor,2017,94,0,FrontDoor-B0-CBO-FALLBACK-seed2017,0,4.623145341873169
100,61b4757aedf08761a1b409a464abc581e58d3447b51f0ac6921a8f0b97a8fc51,B0,4.64359428225414,0.051775718314272634,CBO-FALLBACK,False,41ac910d260b066831186379323837be25639f8c5352a44e7ea4c54fb9bb02dc,fine,100,FrontDoor,2018,94,0,FrontDoor-B0-CBO-FALLBACK-seed2018,0,4.710834741592407
100,61b4757aedf08761a1b409a464abc581e58d3447b51f0ac6921a8f0b97a8fc51,B0,40.37077981070244,0.4058403896910925,CBO-FALLBACK,False,df9108b469ce1dc26e77e8e653f93d9e642c2ec056e6d35e6ed0181c05f3c5a0,fine,100,FrontDoor,2019,94,0,FrontDoor-B0-CBO-FALLBACK-seed2019,0,4.650880575180054
100,61b4757aedf08761a1b409a464abc581e58d3447b51f0ac6921a8f0b97a8fc51,B0,177.99999999890105,2.0,CBO-FALLBACK,False,cd9186b1ca952eda98b3b4fea9c74e4e968b5e4900726cb3914910dae35e0924,fine,100,FrontDoor,2020,94,0,FrontDoor-B0-CBO-FALLBACK-seed2020,0,5.505373239517212
100,61b4757aedf08761a1b409a464abc581e58d3447b51f0ac6921a8f0b97a8fc51,B0,176.98244468121365,2.0,CBO-FALLBACK,False,7e06344b0490e1f5806ab3e30318475828002e7882fb5ce4d50bf09135699b68,fine,100,FrontDoor,2021,94,0,FrontDoor-B0-CBO-FALLBACK-seed2021,0,4.912114381790161
100,61b4757aedf08761a1b409a464abc581e58d3447b51f0ac6921a8f0b97a8fc51,B0,1.4642202026602396,0.0009375540787590619,CBO-FALLBACK,False,dd5270f80b2a08d329dd0006daf314d1b2ad68ac7095e26a196f9ecdd47c6e56,fine,100,FrontDoor,2022,94,0,FrontDoor-B0-CBO-FALLBACK-seed2022,0,4.484788417816162
100,61b4757aedf08761a1b409a464abc581e58d3447b51f0ac6921a8f0b97a8fc51,B0,30.323828821537727,0.33767862407264526,CBO-FALLBACK,False,73b775d2a76e92d4cc7fdcdfebe33689e12e81351a0b13f1b26719b7f19b455e,fine,100,FrontDoor,2023,94,0,FrontDoor-B0-CBO-FALLBACK-seed2023,0,4.7598302364349365
100,61b4757aedf08761a1b409a464abc581e58d3447b51f0ac6921a8f0b97a8fc51,B0,177.99999999999997,1.9999999999999998,CBO-FALLBACK,False,0950c0986e67c4bfc3540651bbb6c810d8aed172a304bd3b68da8371df6b196c,fine,100,FrontDoor,2024,94,0,FrontDoor-B0-CBO-FALLBACK-seed2024,0,4.712261438369751
100,61b4757aedf08761a1b409a464abc581e58d3447b51f0ac6921a8f0b97a8fc51,B0,1.2579842176262128,0.008991019917692133,CBO-FALLBACK,False,1b656ea535b3caefa82ac719cbe81d08829db6c576a23a91c5a6ec985370e58b,fine,100,FrontDoor,2025,94,0,FrontDoor-B0-CBO-FALLBACK-seed2025,0,4.677109241485596
100,61b4757aedf08761a1b409a464abc581e58d3447b51f0ac6921a8f0b97a8fc51,B0,177.99999101815666,2.0,CBO-FALLBACK,False,495d33f10729e56750414853508d1cd0a86d5946e5fdb8a416c350c49b04eb37,fine,100,FrontDoor,2026,94,0,FrontDoor-B0-CBO-FALLBACK-seed2026,0,4.960620403289795
100,61b4757aedf08761a1b409a464abc581e58d3447b51f0ac6921a8f0b97a8fc51,B0,177.99999996024104,1.9999999995532738,CBO-FALLBACK,False,f39d0d29526bddd5bb0bdaa0b6f52da7849dd4d958424e5db13e233e47e0be3f,fine,100,FrontDoor,2027,94,0,FrontDoor-B0-CBO-FALLBACK-seed2027,0,4.996358394622803
100,61b4757aedf08761a1b409a464abc581e58d3447b51f0ac6921a8f0b97a8fc51,B0,178.0,2.0,CBO-FALLBACK,False,5ef95d0c9170e04552b30e49b7ff603bf1a75f71ddb4a77f35e59f45c575b7bc,fine,100,FrontDoor,2028,94,0,FrontDoor-B0-CBO-FALLBACK-seed2028,0,5.142508268356323
100,61b4757aedf08761a1b409a464abc581e58d3447b51f0ac6921a8f0b97a8fc51,B0,18.247279387495386,0.0045588603082000745,CBO-FALLBACK,False,e90aac885bb28d6d0cad58189be12da7f55ab27ccec1b3944f741d58112563ac,fine,100,FrontDoor,2029,94,0,FrontDoor-B0-CBO-FALLBACK-seed2029,0,4.577983617782593
100,61b4757aedf08761a1b409a464abc581e58d3447b51f0ac6921a8f0b97a8fc51,B0,22.201196025009843,0.1641887755602427,CBO-NP,False,e6d66e6d2c009c7b64cc5213e29d1a8be603a4e9721c71f6c57c52fa174c13d6,fine,100,FrontDoor,2000,94,0,FrontDoor-B0-CBO-NP-seed2000,0,3.776914596557617
100,61b4757aedf08761a1b409a464abc581e58d3447b51f0ac6921a8f0b97a8fc51,B0,163.62991243691164,1.8398067869426293,CBO-NP,False,3abefe719d954ce907f9ddae7d5004d32e0a0e8a689e098cadb827927c24e7c4,fine,100,FrontDoor,2001,94,0,FrontDoor-B0-CBO-NP-seed2001,0,4.370518684387207
100,61b4757aedf08761a1b409a464abc581e58d3447b51f0ac6921a8f0b97a8fc51,B0,78.52078959517259,0.6376005866436583,CBO-NP,False,ebe9e99ead7b45a3ec4b78d250b3e87229e8c4ebc43fd335cf5214cf5af56eb9,fine,100,FrontDoor,2002,94,0,FrontDoor-B0-CBO-NP-seed2002,0,3.8378148078918457
100,61b4757aedf08761a1b409a464abc581e58d3447b51f0ac6921a8f0b97a8fc51,B0,57.412561939758824,0.6049792534755698,CBO-NP,False,74f03f64fd6049c91bc3261781a2e821cf24e869e6523eea84c16c114a55ab3e,fine,100,FrontDoor,2003,94,0,FrontDoor-B0-CBO-NP-seed2003,0,3.9565389156341553
100,61b4757aedf08761a1b409a464abc581e58d3447b51f0ac6921a8f0b97a8fc51,B0,49.53866156864926,0.5809194534118223,CBO-NP,False,7215efd69d06db2948deaea0bcc5479fc9e11efcac87c3ccacf872d355382a95,fine,100,FrontDoor,2004,94,0,FrontDoor-B0-CBO-NP-seed2004,0,3.8829565048217773
100,61b4757aedf08761a1b409a464abc581e58d3447b51f0ac6921a8f0b97a8fc51,B0,7.272992592842307,0.024731904820959105,CBO-NP,False,16b38f900d39e391133b1d0616a32b161c7acfd7c23d17c8f2f8dabfcf04b8b8,fine,100,FrontDoor,2005,94,0,FrontDoor-B0-CBO-NP-seed2005,0,3.777399778366089
100,61b4757aedf08761a1b409a464abc581e58d3447b51f0ac6921a8f0b97a8fc51,B0,8.604004267450941,0.026141176748579742,CBO-NP,False,e43fce48a817f5d2403aeab75855a70aff21af30bbe6ee44b827d377353d6f57,fine,100,FrontDoor,2006,94,0,FrontDoor-B0-CBO-NP-seed2006,0,3.918433666229248
100,61b4757aedf08761a1b409a464abc581e58d3447b51f0ac6921a8f0b97a8fc51,B0,35.08567546984622,0.37552157426366484,CBO-NP,False,20209c8dce70fff3e152f3821c8d802f5bdc5596c124624f9aaa760235558eca,fine,100,FrontDoor,2007,94,0,FrontDoor-B0-CBO-NP-seed2007,0,3.9812541007995605
100,61b4757aedf08761a1b409a464abc581e58d3447b51f0ac6921a8f0b97a8fc51,B0,172.12248387616475,2.0,CBO-NP,False,313d9403b94d40634fc17c484fa72d20b34235a031d1ba1b12de316b76c96e9b,fine,100,FrontDoor,2008,94,0,FrontDoor-B0-CBO-NP-seed2008,0,4.9953625202178955
100,61b4757aedf08761a1b409a464abc581e58d3447b51f0ac6921a8f0b97a8fc51,B0,51.531578603981096,0.6113382995375385,CBO-NP,False,d98914f93ad6c2b6e7f5da65478d42d3ba5c4a3503cdaa9393ebc1029d594d54,fine,100,FrontDoor,2009,94,0,FrontDoor-B0-CBO-NP-seed2009,0,4.252136707305908
100,61b4757aedf08761a1b409a464abc581e58d3447b51f0ac6921a8f0b97a8fc51,B0,177.97922848265196,1.9997666121646307,CBO-NP,False,44d96031ce886680fd1278152f0d78434ff0741a95d73a735fb9dcb0deed918b,fine,100,FrontDoor,2010,94,0,FrontDoor-B0-CBO-NP-seed2010,0,5.561192989349365
100,61b4757aedf08761a1b409a464abc581e58d3447b51f0ac6921a8f0b97a8fc51,B0,178.0,2.0,CBO-NP,False,1879daf0e0de056532f8759630b530c4415d4c78a930af7807365a07f49c4640,fine,100,FrontDoor,2011,94,0,FrontDoor-B0-CBO-NP-seed2011,0,4.3953118324279785
100,61b4757aedf08761a1b409a464abc581e58d3447b51f0ac6921a8f0b97a8fc51,B0,1.7164091714534857,0.020143448754227578,CBO-NP,False,c0c3f85c5233c4d18747475a63d3c448e828cd3f8db75187cd1b640cfb4bd8fa,fine,100,FrontDoor,2012,94,0,FrontDoor-B0-CBO-NP-seed2012,0,3.8405752182006836
100,61b4757aedf08761a1b409a464abc581e58d3447b51f0ac6921a8f0b97a8fc51,B0,178.0,2.0,CBO-NP,False,99498953eecd9e8438fc1536bc1b6fef874ce0dcb5605342b430d8538d0af3c6,fine,100,FrontDoor,2013,94,0,FrontDoor-B0-CBO-NP-seed2013,0,5.0732903480529785
100,61b4757aedf08761a1b409a464abc581e58d3447b51f0ac6921a8f0b97a8fc51,B0,178.0,2.0,CBO-NP,False,560a8f22f527ea7f6ae3c006ddef6c30dfdba22d81d2bd62520c3ca966fbad71,fine,100,FrontDoor,2014,94,0,FrontDoor-B0-CBO-NP-seed2014,0,4.034176826477051
100,61b4757aedf08761a1b409a464abc581e58d3447b51f0ac6921a8f0b97a8fc51,B0,19.202408086650355,0.1350818289774578,CBO-NP,False,df9824370dab86ab2d1b34b71edf5ede4d70c0044d5daf603dd8f703f0aafc20,fine,100,FrontDoor,2015,94,0,FrontDoor-B0-CBO-NP-seed2015,0,3.7915709018707275
100,61b4757aedf08761a1b409a464abc581e58d3447b51f0ac6921a8f0b97a8fc51,B0,89.49462557655674,0.4317456943085143,CBO-NP,False,90071129c12f7fbc7536d9e7eac8f83096f2e35ad335c82d20b664879c36181f,fine,100,FrontDoor,2016,94,0,FrontDoor-B0-CBO-NP-seed2016,0,4.304609060287476
100,61b4757aedf08761a1b409a464abc581e58d3447b51f0ac6921a8f0b97a8fc51,B0,69.53476185391924,0.049910414483751886,CBO-NP,False,7d003d003debd8d632e243aca5a2660d2e0be0e7e80cde4cd90c2b19fcc7262f,fine,100,FrontDoor,2017,94,0,FrontDoor-B0-CBO-NP-seed2017,0,3.999305486679077
100,61b4757aedf08761a1b409a464abc581e58d3447b51f0ac6921a8f0b97a8fc51,B0,20.062347043811744,0.20097385737930584,CBO-NP,False,41ac910d260b066831186379323837be25639f8c5352a44e7ea4c54fb9bb02dc,fine,100,FrontDoor,2018,94,0,FrontDoor-B0-CBO-NP-seed2018,0,3.81187105178833
100,61b4757aedf08761a1b409a464abc581e58d3447b51f0ac6921a8f0b97a8fc51,B0,10.88905298211457,0.002579584720671324,CBO-NP,False,df9108b469ce1dc26e77e8e653f93d9e642c2ec056e6d35e6ed0181c05f3c5a0,fine,100,FrontDoor,2019,94,0,FrontDoor-B0-CBO-NP-seed2019,0,3.932626724243164
100,61b4757aedf08761a1b409a464abc581e58d3447b51f0ac6921a8f0b97a8fc51,B0,177.99999998439938,2.0,CBO-NP,False,cd9186b1ca952eda98b3b4fea9c74e4e968b5e4900726cb3914910dae35e0924,fine,100,FrontDoor,2020,94,0,FrontDoor-B0-CBO-NP-seed2020,0,5.243655204772949
100,61b4757aedf08761a1b409a464abc581e58d3447b51f0ac6921a8f0b97a8fc51,B0,176.98244468121365,2.0,CBO-NP,False,7e06344b0490e1f5806ab3e30318475828002e7882fb5ce4d50bf09135699b68,fine,100,FrontDoor,2021,94,0,FrontDoor-B0-CBO-NP-seed2021,0,5.5994627475738525
100,61b4757aedf08761a1b409a464abc581e58d3447b51f0ac6921a8f0b97a8fc51,B0,3.414999371783378,0.015426970102587534,CBO-NP,False,dd5270f80b2a08d329dd0006daf314d1b2ad68ac7095e26a196f9ecdd47c6e56,fine,100,FrontDoor,2022,94,0,FrontDoor-B0-CBO-NP-seed2022,0,3.953702211380005
100,61b4757aedf08761a1b409a464abc581e58d3447b51f0ac6921a8f0b97a8fc51,B0,15.564209574256765,0.11942262251065205,CBO-NP,False,73b775d2a76e92d4cc7fdcdfebe33689e12e81351a0b13f1b26719b7f19b455e,fine,100,FrontDoor,2023,94,0,FrontDoor-B0-CBO-NP-seed2023,0,3.8806681632995605
100,61b4757aedf08761a1b409a464abc581e58d3447b51f0ac6921a8f0b97a8fc51,B0,55.61980104638444,0.8894841674958192,CBO-NP,False,0950c0986e67c4bfc3540651bbb6c810d8aed172a304bd3b68da8371df6b196c,fine,100,FrontDoor,2024,94,0,FrontDoor-B0-CBO-NP-seed2024,0,4.073580980300903
100,61b4757aedf08761a1b409a464abc581e58d3447b51f0ac6921a8f0b97a8fc51,B0,8.991053898750913,0.10102307751405504,CBO-NP,False,1b656ea535b3caefa82ac719cbe81d08829db6c576a23a91c5a6ec985370e58b,fine,100,FrontDoor,2025,94,0,FrontDoor-B0-CBO-NP-seed2025,0,5.0473792552948
100,61b4757aedf08761a1b409a464abc581e58d3447b51f0ac6921a8f0b97a8fc51,B0,177.999990970422,1.9999999995532738,CBO-NP,False,495d33f10729e56750414853508d1cd0a86d5946e5fdb8a416c350c49b04eb37,fine,100,FrontDoor,2026,94,0,FrontDoor-B0-CBO-NP-seed2026,0,5.0659425258636475
100,61b4757aedf08761a1b409a464abc581e58d3447b51f0ac6921a8f0b97a8fc51,B0,178.0,2.0,CBO-NP,False,f39d0d29526bddd5bb0bdaa0b6f52da7849dd4d958424e5db13e233e47e0be3f,fine,100,FrontDoor,2027,94,0,FrontDoor-B0-CBO-NP-seed2027,0,4.831976890563965
100,61b4757aedf08761a1b409a464abc581e58d3447b51f0ac6921a8f0b97a8fc51,B0,177.75267908119883,1.9972211132718956,CBO-NP,False,5ef95d0c9170e04552b30e49b7ff603bf1a75f71ddb4a77f35e59f45c575b7bc,fine,100,FrontDoor,2028,94,0,FrontDoor-B0-CBO-NP-seed2028,0,5.0486931800842285
100,61b4757aedf08761a1b409a464abc581e58d3447b51f0ac6921a8f0b97a8fc51,B0,9.425846962461502,0.10586454125665257,CBO-NP,False,e90aac885bb28d6d0cad58189be12da7f55ab27ccec1b3944f741d58112563ac,fine,100,FrontDoor,2029,94,0,FrontDoor-B0-CBO-NP-seed2029,0,3.8012869358062744
100,61b4757aedf08761a1b409a464abc581e58d3447b51f0ac6921a8f0b97a8fc51,B0,0.042023362601446124,0.0004995623310199981,CBO,False,e6d66e6d2c009c7b64cc5213e29d1a8be603a4e9721c71f6c57c52fa174c13d6,fine,100,FrontDoor,2000,94,0,FrontDoor-B0-CBO-seed2000,0,37.857486724853516
100,61b4757aedf08761a1b409a464abc581e58d3447b51f0ac6921a8f0b97a8fc51,B0,0.6217974194933467,0.006928316106264543,CBO,False,3abefe719d954ce907f9ddae7d5004d32e0a0e8a689e098cadb827927c24e7c4,fine,100,FrontDoor,2001,94,0,FrontDoor-B0-CBO-seed2001,0,42.30219888687134
100,61b4757aedf08761a1b409a464abc581e58d3447b51f0ac6921a8f0b97a8fc51,B0,29.898630949044946,0.3359251574510218,CBO,False,ebe9e99ead7b45a3ec4b78d250b3e87229e8c4ebc43fd335cf5214cf5af56eb9,fine,100,FrontDoor,2002,94,0,FrontDoor-B0-CBO-seed2002,0,38.637351512908936
100,61b4757aedf08761a1b409a464abc581e58d3447b51f0ac6921a8f0b97a8fc51,B0,0.039851600263941966,0.00027841988154375663,CBO,False,74f03f64fd6049c91bc3261781a2e821cf24e869e6523eea84c16c114a55ab3e,fine,100,FrontDoor,2003,94,0,FrontDoor-B0-CBO-seed2003,0,43.03160786628723
100,61b4757aedf08761a1b409a464abc581e58d3447b51f0ac6921a8f0b97a8fc51,B0,0.02387741394199172,0.0002483849392953541,CBO,False,7215efd69d06db2948deaea0bcc5479fc9e11efcac87c3ccacf872d355382a95,fine,100,FrontDoor,2004,94,0,FrontDoor-B0-CBO-seed2004,0,42.21257305145264
100,61b4757aedf08761a1b409a464abc581e58d3447b51f0ac6921a8f0b97a8fc51,B0,30.137070793106076,0.3386426508347373,CBO,False,16b38f900d39e391133b1d0616a32b161c7acfd7c23d17c8f2f8dabfcf04b8b8,fine,100,FrontDoor,2005,94,0,FrontDoor-B0-CBO-seed2005,0,38.16142964363098
100,61b4757aedf08761a1b409a464abc581e58d3447b51f0ac6921a8f0b97a8fc51,B0,0.19094049430799753,0.002294825199667727,CBO,False,e43fce48a817f5d2403aeab75855a70aff21af30bbe6ee44b827d377353d6f57,fine,100,FrontDoor,2006,94,0,FrontDoor-B0-CBO-seed2006,0,36.001174211502075
100,61b4757aedf08761a1b409a464abc581e58d3447b51f0ac6921a8f0b97a8fc51,B0,0.13531646412062148,0.0005946952259672234,CBO,False,20209c8dce70fff3e152f3821c8d802f5bdc5596c124624f9aaa760235558eca,fine,100,FrontDoor,2007,94,0,FrontDoor-B0-CBO-seed2007,0,36.03402352333069
100,61b4757aedf08761a1b409a464abc581e58d3447b51f0ac6921a8f0b97a8fc51,B0,0.239357614740614,2.9886498497999625e-05,CBO,False,313d9403b94d40634fc17c484fa72d20b34235a031d1ba1b12de316b76c96e9b,fine,100,FrontDoor,2008,94,0,FrontDoor-B0-CBO-seed2008,0,38.08326745033264
100,61b4757aedf08761a1b409a464abc581e58d3447b51f0ac6921a8f0b97a8fc51,B0,6.902336202354732,0.11546240291823362,CBO,False,d98914f93ad6c2b6e7f5da65478d42d3ba5c4a3503cdaa9393ebc1029d594d54,fine,100,FrontDoor,2009,94,0,FrontDoor-B0-CBO-seed2009,0,40.87269353866577
100,61b4757aedf08761a1b409a464abc581e58d3447b51f0ac6921a8f0b97a8fc51,B0,1.2241512440553626,0.015784041655914294,CBO,False,44d96031ce886680fd1278152f0d78434ff0741a95d73a735fb9dcb0deed918b,fine,100,FrontDoor,2010,94,0,FrontDoor-B0-CBO-seed2010,0,41.126502990722656
100,61b4757aedf08761a1b409a464abc581e58d3447b51f0ac6921a8f0b97a8fc51,B0,1.4575806617442635,0.016604467693781322,CBO,False,1879daf0e0de056532f8759630b530c4415d4c78a930af7807365a07f49c4640,fine,100,FrontDoor,2011,94,0,FrontDoor-B0-CBO-seed2011,0,40.66437220573425
100,61b4757aedf08761a1b409a464abc581e58d3447b51f0ac6921a8f0b97a8fc51,B0,0.04937115733422326,0.00020234608935032483,CBO,False,c0c3f85c5233c4d18747475a63d3c448e828cd3f8db75187cd1b640cfb4bd8fa,fine,100,FrontDoor,2012,94,0,FrontDoor-B0-CBO-seed2012,0,39.45556330680847
100,61b4757aedf08761a1b409a464abc581e58d3447b51f0ac6921a8f0b97a8fc51,B0,9.59213892174449,0.11026469946653839,CBO,False,99498953eecd9e8438fc1536bc1b6fef874ce0dcb5605342b430d8538d0af3c6,fine,100,FrontDoor,2013,94,0,FrontDoor-B0-CBO-seed2013,0,40.95018768310547
100,61b4757aedf08761a1b409a464abc581e58d3447b51f0ac6921a8f0b97a8fc51,B0,30.862701274653475,0.3467086550242444,CBO,False,560a8f22f527ea7f6ae3c006ddef6c30dfdba22d81d2bd62520c3ca966fbad71,fine,100,FrontDoor,2014,94,0,FrontDoor-B0-CBO-seed2014,0,38.70971608161926
100,61b4757aedf08761a1b409a464abc581e58d3447b51f0ac6921a8f0b97a8fc51,B0,31.644429424446198,0.3628834917836208,CBO,False,df9824370dab86ab2d1b34b71edf5ede4d70c0044d5daf603dd8f703f0aafc20,fine,100,FrontDoor,2015,94,0,FrontDoor-B0-CBO-seed2015,0,38.839611291885376
100,61b4757aedf08761a1b409a464abc581e58d3447b51f0ac6921a8f0b97a8fc51,B0,5.914889958458916,0.028369986666595626,CBO,False,90071129c12f7fbc7536d9e7eac8f83096f2e35ad335c82d20b664879c36181f,fine,100,FrontDoor,2016,94,0,FrontDoor-B0-CBO-seed2016,0,40.30250787734985
100,61b4757aedf08761a1b409a464abc581e58d3447b51f0ac6921a8f0b97a8fc51,B0,4.087505158464816,0.012271583208822712,CBO,False,7d003d003debd8d632e243aca5a2660d2e0be0e7e80cde4cd90c2b19fcc7262f,fine,100,FrontDoor,2017,94,0,FrontDoor-B0-CBO-seed2017,0,35.314260959625244
100,61b4757aedf08761a1b409a464abc581e58d3447b51f0ac6921a8f0b97a8fc51,B0,2.535027176358729,0.027138603442988796,CBO,False,41ac910d260b066831186379323837be25639f8c5352a44e7ea4c54fb9bb02dc,fine,100,FrontDoor,2018,94,0,FrontDoor-B0-CBO-seed2018,0,40.42716193199158
100,61b4757aedf08761a1b409a464abc581e58d3447b51f0ac6921a8f0b97a8fc51,B0,0.01752045265220925,0.00020054797747004471,CBO,False,df9108b469ce1dc26e77e8e653f93d9e642c2ec056e6d35e6ed0181c05f3c5a0,fine,100,FrontDoor,2019,94,0,FrontDoor-B0-CBO-seed2019,0,38.27539896965027
100,61b4757aedf08761a1b409a464abc581e58d3447b51f0ac6921a8f0b97a8fc51,B0,0.0014073780843957273,1.984905485996613e-05,CBO,False,cd9186b1ca952eda98b3b4fea9c74e4e968b5e4900726cb3914910dae35e0924,fine,100,FrontDoor,2020,94,0,FrontDoor-B0-CBO-seed2020,0,40.093337535858154
100,61b4757aedf08761a1b409a464abc581e58d3447b51f0ac6921a8f0b97a8fc51,B0,1.7672110305200721,0.01755169012257629,CBO,False,7e06344b0490e1f5806ab3e30318475828002e7882fb5ce4d50bf09135699b68,fine,100,FrontDoor,2021,94,0,FrontDoor-B0-CBO-seed2021,0,37.47286343574524
100,61b4757aedf08761a1b409a464abc581e58d3447b51f0ac6921a8f0b97a8fc51,B0,0.9142507230776702,0.01103748063135468,CBO,False,dd5270f80b2a08d329dd0006daf314d1b2ad68ac7095e26a196f9ecdd47c6e56,fine,100,FrontDoor,2022,94,0,FrontDoor-B0-CBO-seed2022,0,35.95371651649475
100,61b4757aedf08761a1b409a464abc581e58d3447b51f0ac6921a8f0b97a8fc51,B0,23.80222882871186,0.3447776318808575,CBO,False,73b775d2a76e92d4cc7fdcdfebe33689e12e81351a0b13f1b26719b7f19b455e,fine,100,FrontDoor,2023,94,0,FrontDoor-B0-CBO-seed2023,0,41.41662907600403
100,61b4757aedf08761a1b409a464abc581e58d3447b51f0ac6921a8f0b97a8fc51,B0,0.019276337315749625,0.00028216545167270013,CBO,False,0950c0986e67c4bfc3540651bbb6c810d8aed172a304bd3b68da8371df6b196c,fine,100,FrontDoor,2024,94,0,FrontDoor-B0-CBO-seed2024,0,39.6958065032959
100,61b4757aedf08761a1b409a464abc581e58d3447b51f0ac6921a8f0b97a8fc51,B0,30.408184423713617,0.3417539929825373,CBO,False,1b656ea535b3caefa82ac719cbe81d08829db6c576a23a91c5a6ec985370e58b,fine,100,FrontDoor,2025,94,0,FrontDoor-B0-CBO-seed2025,0,42.23168587684631
100,61b4757aedf08761a1b409a464abc581e58d3447b51f0ac6921a8f0b97a8fc51,B0,0.07760574082151495,0.0005084482787356404,CBO,False,495d33f10729e56750414853508d1cd0a86d5946e5fdb8a416c350c49b04eb37,fine,100,FrontDoor,2026,94,0,FrontDoor-B0-CBO-seed2026,0,39.02720260620117
100,61b4757aedf08761a1b409a464abc581e58d3447b51f0ac6921a8f0b97a8fc51,B0,0.010335432532624589,0.00011612845542274819,CBO,False,f39d0d29526bddd5bb0bdaa0b6f52da7849dd4d958424e5db13e233e47e0be3f,fine,100,FrontDoor,2027,94,0,FrontDoor-B0-CBO-seed2027,0,39.84635019302368
100,61b4757aedf08761a1b409a464abc581e58d3447b51f0ac6921a8f0b97a8fc51,B0,0.02634527662414743,0.00029601434409154415,CBO,False,5ef95d0c9170e04552b30e49b7ff603bf1a75f71ddb4a77f35e59f45c575b7bc,fine,100,FrontDoor,2028,94,0,FrontDoor-B0-CBO-seed2028,0,30.501708030700684
100,61b4757aedf08761a1b409a464abc581e58d3447b51f0ac6921a8f0b97a8fc51,B0,0.8848569764467573,0.010622305212765193,CBO,False,e90aac885bb28d6d0cad58189be12da7f55ab27ccec1b3944f741d58112563ac,fine,100,FrontDoor,2029,94,0,FrontDoor-B0-CBO-seed2029,0,27.63882875442505
100,61b4757aedf08761a1b409a464abc581e58d3447b51f0ac6921a8f0b97a8fc51,B0,34.934187919229196,0.003236905504669707,QCBO,False,e6d66e6d2c009c7b64cc5213e29d1a8be603a4e9721c71f6c57c52fa174c13d6,coarse,50,FrontDoor,2000,47,0,FrontDoor-B0-QCBO-seed2000,0,3.5989158153533936
100,61b4757aedf08761a1b409a464abc581e58d3447b51f0ac6921a8f0b97a8fc51,B0,36.65321480404501,0.012849039165015341,QCBO,False,3abefe719d954ce907f9ddae7d5004d32e0a0e8a689e098cadb827927c24e7c4,coarse,50,FrontDoor,2001,47,0,FrontDoor-B0-QCBO-seed2001,0,3.5145444869995117
100,61b4757aedf08761a1b409a464abc581e58d3447b51f0ac6921a8f0b97a8fc51,B0,2.734523589118139,7.285912351262525e-05,QCBO,False,ebe9e99ead7b45a3ec4b78d250b3e87229e8c4ebc43fd335cf5214cf5af56eb9,coarse,50,FrontDoor,2002,47,0,FrontDoor-B0-QCBO-seed2002,0,3.4365720748901367
100,61b4757aedf08761a1b409a464abc581e58d3447b51f0ac6921a8f0b97a8fc51,B0,59.49415332311223,0.1899213254073706,QCBO,False,74f03f64fd6049c91bc3261781a2e821cf24e869e6523eea84c16c114a55ab3e,coarse,50,FrontDoor,2003,47,0,FrontDoor-B0-QCBO-seed2003,0,3.5916807651519775
100,61b4757aedf08761a1b409a464abc581e58d3447b51f0ac6921a8f0b97a8fc51,B0,3.9980284451855095,0.002893898005050355,QCBO,False,7215efd69d06db2948deaea0bcc5479fc9e11efcac87c3ccacf872d355382a95,coarse,50,FrontDoor,2004,47,0,FrontDoor-B0-QCBO-seed2004,0,3.4987738132476807
100,61b4757aedf08761a1b409a464abc581e58d3447b51f0ac6921a8f0b97a8fc51,B0,177.83537572336274,2.0,QCBO,False,16b38f900d39e391133b1d0616a32b161c7acfd7c23d17c8f2f8dabfcf04b8b8,coarse,50,FrontDoor,2005,47,0,FrontDoor-B0-QCBO-seed2005,0,3.2559874057769775
100,61b4757aedf08761a1b409a464abc581e58d3447b51f0ac6921a8f0b97a8fc51,B0,19.822172418192743,0.05266503620066443,QCBO,False,e43fce48a817f5d2403aeab75855a70aff21af30bbe6ee44b827d377353d6f57,coarse,50,FrontDoor,2006,47,0,FrontDoor-B0-QCBO-seed2006,0,3.4567456245422363
100,61b4757aedf08761a1b409a464abc581e58d3447b51f0ac6921a8f0b97a8fc51,B0,3.5229868835464657,0.03340193187515905,QCBO,False,20209c8dce70fff3e152f3821c8d802f5bdc5596c124624f9aaa760235558eca,coarse,50,FrontDoor,2007,47,0,FrontDoor-B0-QCBO-seed2007,0,3.468825578689575
100,61b4757aedf08761a1b409a464abc581e58d3447b51f0ac6921a8f0b97a8fc51,B0,66.81892897755529,0.01876656252874942,QCBO,False,313d9403b94d40634fc17c484fa72d20b34235a031d1ba1b12de316b76c96e9b,coarse,50,FrontDoor,2008,47,0,FrontDoor-B0-QCBO-seed2008,0,3.2533199787139893
100,61b4757aedf08761a1b409a464abc581e58d3447b51f0ac6921a8f0b97a8fc51,B0,44.7728441682991,0.0013134667363914332,QCBO,False,d98914f93ad6c2b6e7f5da65478d42d3ba5c4a3503cdaa9393ebc1029d594d54,coarse,50,FrontDoor,2009,47,0,FrontDoor-B0-QCBO-seed2009,0,3.329463243484497
100,61b4757aedf08761a1b409a464abc581e58d3447b51f0ac6921a8f0b97a8fc51,B0,67.03295115544464,0.0031664039953591683,QCBO,False,44d96031ce886680fd1278152f0d78434ff0741a95d73a735fb9dcb0deed918b,coarse,50,FrontDoor,2010,47,0,FrontDoor-B0-QCBO-seed2010,0,3.2890095710754395
100,61b4757aedf08761a1b409a464abc581e58d3447b51f0ac6921a8f0b97a8fc51,B0,15.38466752784368,0.07771194331370923,QCBO,False,1879daf0e0de056532f8759630b530c4415d4c78a930af7807365a07f49c4640,coarse,50,FrontDoor,2011,47,0,FrontDoor-B0-QCBO-seed2011,0,3.2424333095550537
100,61b4757aedf08761a1b409a464abc581e58d3447b51f0ac6921a8f0b97a8fc51,B0,4.1418383466768915,0.030470130144790275,QCBO,False,c0c3f85c5233c4d18747475a63d3c448e828cd3f8db75187cd1b640cfb4bd8fa,coarse,50,FrontDoor,2012,47,0,FrontDoor-B0-QCBO-seed2012,0,3.286071538925171
100,61b4757aedf08761a1b409a464abc581e58d3447b51f0ac6921a8f0b97a8fc51,B0,120.46335854311337,0.2350729823212454,QCBO,False,99498953eecd9e8438fc1536bc1b6fef874ce0dcb5605342b430d8538d0af3c6,coarse,50,FrontDoor,2013,47,0,FrontDoor-B0-QCBO-seed2013,0,3.364037275314331
100,61b4757aedf08761a1b409a464abc581e58d3447b51f0ac6921a8f0b97a8fc51,B0,12.486032532640813,3.04672624795721e-05,QCBO,False,560a8f22f527ea7f6ae3c006ddef6c30dfdba22d81d2bd62520c3ca966fbad71,coarse,50,FrontDoor,2014,47,0,FrontDoor-B0-QCBO-seed2014,0,3.100687265396118
100,61b4757aedf08761a1b409a464abc581e58d3447b51f0ac6921a8f0b97a8fc51,B0,170.71661955749906,1.9999999995532738,QCBO,False,df9824370dab86ab2d1b34b71edf5ede4d70c0044d5daf603dd8f703f0aafc20,coarse,50,FrontDoor,2015,47,0,FrontDoor-B0-QCBO-seed2015,0,3.460700750350952
100,61b4757aedf08761a1b409a464abc581e58d3447b51f0ac6921a8f0b97a8fc51,B0,178.0,2.0,QCBO,False,90071129c12f7fbc7536d9e7eac8f83096f2e35ad335c82d20b664879c36181f,coarse,50,FrontDoor,2016,47,0,FrontDoor-B0-QCBO-seed2016,0,3.381561517715454
100,61b4757aedf08761a1b409a464abc581e58d3447b51f0ac6921a8f0b97a8fc51,B0,59.11915689977451,0.030317843098783603,QCBO,False,7d003d003debd8d632e243aca5a2660d2e0be0e7e80cde4cd90c2b19fcc7262f,coarse,50,FrontDoor,2017,47,0,FrontDoor-B0-QCBO-seed2017,0,3.245983839035034
100,61b4757aedf08761a1b409a464abc581e58d3447b51f0ac6921a8f0b97a8fc51,B0,8.157696386219124,0.007971317721227944,QCBO,False,41ac910d260b066831186379323837be25639f8c5352a44e7ea4c54fb9bb02dc,coarse,50,FrontDoor,2018,47,0,FrontDoor-B0-QCBO-seed2018,0,3.2603065967559814
100,61b4757aedf08761a1b409a464abc581e58d3447b51f0ac6921a8f0b97a8fc51,B0,177.99999999999494,2.0,QCBO,False,df9108b469ce1dc26e77e8e653f93d9e642c2ec056e6d35e6ed0181c05f3c5a0,coarse,50,FrontDoor,2019,47,0,FrontDoor-B0-QCBO-seed2019,0,3.549240827560425
100,61b4757aedf08761a1b409a464abc581e58d3447b51f0ac6921a8f0b97a8fc51,B0,13.084909043969649,0.013304591622087303,QCBO,False,cd9186b1ca952eda98b3b4fea9c74e4e968b5e4900726cb3914910dae35e0924,coarse,50,FrontDoor,2020,47,0,FrontDoor-B0-QCBO-seed2020,0,3.1572048664093018
100,61b4757aedf08761a1b409a464abc581e58d3447b51f0ac6921a8f0b97a8fc51,B0,68.72365193935485,0.20918857383686285,QCBO,False,7e06344b0490e1f5806ab3e30318475828002e7882fb5ce4d50bf09135699b68,coarse,50,FrontDoor,2021,47,0,FrontDoor-B0-QCBO-seed2021,0,3.205329656600952
100,61b4757aedf08761a1b409a464abc581e58d3447b51f0ac6921a8f0b97a8fc51,B0,6.040164352315672,0.018300491673748143,QCBO,False,dd5270f80b2a08d329dd0006daf314d1b2ad68ac7095e26a196f9ecdd47c6e56,coarse,50,FrontDoor,2022,47,0,FrontDoor-B0-QCBO-seed2022,0,3.1474478244781494
100,61b4757aedf08761a1b409a464abc581e58d3447b51f0ac6921a8f0b97a8fc51,B0,177.9997577887818,2.0,QCBO,False,73b775d2a76e92d4cc7fdcdfebe33689e12e81351a0b13f1b26719b7f19b455e,coarse,50,FrontDoor,2023,47,0,FrontDoor-B0-QCBO-seed2023,0,3.234811544418335
100,61b4757aedf08761a1b409a464abc581e58d3447b51f0ac6921a8f0b97a8fc51,B0,19.736295040860206,5.7741623071816406e-05,QCBO,False,0950c0986e67c4bfc3540651bbb6c810d8aed172a304bd3b68da8371df6b196c,coarse,50,FrontDoor,2024,47,0,FrontDoor-B0-QCBO-seed2024,0,3.307912588119507
100,61b4757aedf08761a1b409a464abc581e58d3447b51f0ac6921a8f0b97a8fc51,B0,10.671945059729843,0.031932801254389576,QCBO,False,1b656ea535b3caefa82ac719cbe81d08829db6c576a23a91c5a6ec985370e58b,coarse,50,FrontDoor,2025,47,0,FrontDoor-B0-QCBO-seed2025,0,3.1211462020874023
100,61b4757aedf08761a1b409a464abc581e58d3447b51f0ac6921a8f0b97a8fc51,B0,16.843621615881435,0.008686552419194138,QCBO,False,495d33f10729e56750414853508d1cd0a86d5946e5fdb8a416c350c49b04eb37,coarse,50,FrontDoor,2026,47,0,FrontDoor-B0-QCBO-seed2026,0,3.1716651916503906
100,61b4757aedf08761a1b409a464abc581e58d3447b51f0ac6921a8f0b97a8fc51,B0,178.0,2.0,QCBO,False,f39d0d29526bddd5bb0bdaa0b6f52da7849dd4d958424e5db13e233e47e0be3f,coarse,50,FrontDoor,2027,47,0,FrontDoor-B0-QCBO-seed2027,0,3.291977882385254
100,61b4757aedf08761a1b409a464abc581e58d3447b51f0ac6921a8f0b97a8fc51,B0,177.99569321103186,1.999950496678526,QCBO,False,5ef95d0c9170e04552b30e49b7ff603bf1a75f71ddb4a77f35e59f45c575b7bc,coarse,50,FrontDoor,2028,47,0,FrontDoor-B0-QCBO-seed2028,0,3.370866298675537
100,61b4757aedf08761a1b409a464abc581e58d3447b51f0ac6921a8f0b97a8fc51,B0,0.55877424171204,6.143614097342542e-05,QCBO,False,e90aac885bb28d6d0cad58189be12da7f55ab27ccec1b3944f741d58112563ac,coarse,50,FrontDoor,2029,47,0,FrontDoor-B0-QCBO-seed2029,0,3.1668949127197266
100,61b4757aedf08761a1b409a464abc581e58d3447b51f0ac6921a8f0b97a8fc51,B1,177.91045057781702,2.0,CBO,False,e6d66e6d2c009c7b64cc5213e29d1a8be603a4e9721c71f6c57c52fa174c13d6,fine,100,FrontDoor,2000,94,0,FrontDoor-B1-CBO-seed2000,0,4.989837408065796
100,61b4757aedf08761a1b409a464abc581e58d3447b51f0ac6921a8f0b97a8fc51,B1,66.34049136871892,0.4738184353756967,CBO,False,3abefe719d954ce907f9ddae7d5004d32e0a0e8a689e098cadb827927c24e7c4,fine,100,FrontDoor,2001,94,0,FrontDoor-B1-CBO-seed2001,0,4.8325700759887695
100,61b4757aedf08761a1b409a464abc581e58d3447b51f0ac6921a8f0b97a8fc51,B1,46.31906651838073,0.3567669363945227,CBO,False,ebe9e99ead7b45a3ec4b78d250b3e87229e8c4ebc43fd335cf5214cf5af56eb9,fine,100,FrontDoor,2002,94,0,FrontDoor-B1-CBO-seed2002,0,4.990046501159668
100,61b4757aedf08761a1b409a464abc581e58d3447b51f0ac6921a8f0b97a8fc51,B1,93.75089843449588,1.0279200707052907,CBO,False,74f03f64fd6049c91bc3261781a2e821cf24e869e6523eea84c16c114a55ab3e,fine,100,FrontDoor,2003,94,0,FrontDoor-B1-CBO-seed2003,0,5.342379331588745
100,61b4757aedf08761a1b409a464abc581e58d3447b51f0ac6921a8f0b97a8fc51,B1,43.91289494597244,0.4974788393920042,CBO,False,7215efd69d06db2948deaea0bcc5479fc9e11efcac87c3ccacf872d355382a95,fine,100,FrontDoor,2004,94,0,FrontDoor-B1-CBO-seed2004,0,4.874237537384033
100,61b4757aedf08761a1b409a464abc581e58d3447b51f0ac6921a8f0b97a8fc51,B1,10.155212932518667,0.11214520490661917,CBO,False,16b38f900d39e391133b1d0616a32b161c7acfd7c23d17c8f2f8dabfcf04b8b8,fine,100,FrontDoor,2005,94,0,FrontDoor-B1-CBO-seed2005,0,4.927010536193848
100,61b4757aedf08761a1b409a464abc581e58d3447b51f0ac6921a8f0b97a8fc51,B1,0.06793748774296793,0.000763342558909752,CBO,False,e43fce48a817f5d2403aeab75855a70aff21af30bbe6ee44b827d377353d6f57,fine,100,FrontDoor,2006,94,0,FrontDoor-B1-CBO-seed2006,0,4.6065332889556885
100,61b4757aedf08761a1b409a464abc581e58d3447b51f0ac6921a8f0b97a8fc51,B1,30.22532346928371,0.33942418933973073,CBO,False,20209c8dce70fff3e152f3821c8d802f5bdc5596c124624f9aaa760235558eca,fine,100,FrontDoor,2007,94,0,FrontDoor-B1-CBO-seed2007,0,5.17664098739624
100,61b4757aedf08761a1b409a464abc581e58d3447b51f0ac6921a8f0b97a8fc51,B1,31.624321764683565,0.3846169182035335,CBO,False,313d9403b94d40634fc17c484fa72d20b34235a031d1ba1b12de316b76c96e9b,fine,100,FrontDoor,2008,94,0,FrontDoor-B1-CBO-seed2008,0,4.705343246459961
100,61b4757aedf08761a1b409a464abc581e58d3447b51f0ac6921a8f0b97a8fc51,B1,178.0,2.0,CBO,False,d98914f93ad6c2b6e7f5da65478d42d3ba5c4a3503cdaa9393ebc1029d594d54,fine,100,FrontDoor,2009,94,0,FrontDoor-B1-CBO-seed2009,0,5.132634401321411
100,61b4757aedf08761a1b409a464abc581e58d3447b51f0ac6921a8f0b97a8fc51,B1,19.046303832528583,0.0021217054611497588,CBO,False,44d96031ce886680fd1278152f0d78434ff0741a95d73a735fb9dcb0deed918b,fine,100,FrontDoor,2010,94,0,FrontDoor-B1-CBO-seed2010,0,4.518892049789429
100,61b4757aedf08761a1b409a464abc581e58d3447b51f0ac6921a8f0b97a8fc51,B1,11.902287047961966,0.13619478239672933,CBO,False,1879daf0e0de056532f8759630b530c4415d4c78a930af7807365a07f49c4640,fine,100,FrontDoor,2011,94,0,FrontDoor-B1-CBO-seed2011,0,4.380647420883179
100,61b4757aedf08761a1b409a464abc581e58d3447b51f0ac6921a8f0b97a8fc51,B1,1.8283745910819351,0.030060583315857592,CBO,False,c0c3f85c5233c4d18747475a63d3c448e828cd3f8db75187cd1b640cfb4bd8fa,fine,100,FrontDoor,2012,94,0,FrontDoor-B1-CBO-seed2012,0,4.583000898361206
100,61b4757aedf08761a1b409a464abc581e58d3447b51f0ac6921a8f0b97a8fc51,B1,178.0,2.0,CBO,False,99498953eecd9e8438fc1536bc1b6fef874ce0dcb5605342b430d8538d0af3c6,fine,100,FrontDoor,2013,94,0,FrontDoor-B1-CBO-seed2013,0,4.8449156284332275
100,61b4757aedf08761a1b409a464abc581e58d3447b51f0ac6921a8f0b97a8fc51,B1,178.0,2.0,CBO,False,560a8f22f527ea7f6ae3c006ddef6c30dfdba22d81d2bd62520c3ca966fbad71,fine,100,FrontDoor,2014,94,0,FrontDoor-B1-CBO-seed2014,0,4.8626549243927
100,61b4757aedf08761a1b409a464abc581e58d3447b51f0ac6921a8f0b97a8fc51,B1,36.02019244996444,0.37615615768244726,CBO,False,df9824370dab86ab2d1b34b71edf5ede4d70c0044d5daf603dd8f703f0aafc20,fine,100,FrontDoor,2015,94,0,FrontDoor-B1-CBO-seed2015,0,4.682087659835815
100,61b4757aedf08761a1b409a464abc581e58d3447b51f0ac6921a8f0b97a8fc51,B1,34.02577238241097,0.3396333547572232,CBO,False,90071129c12f7fbc7536d9e7eac8f83096f2e35ad335c82d20b664879c36181f,fine,100,FrontDoor,2016,94,0,FrontDoor-B1-CBO-seed2016,0,4.728027105331421
100,61b4757aedf08761a1b409a464abc581e58d3447b51f0ac6921a8f0b97a8fc51,B1,0.4568599206688362,0.0067918489230573975,CBO,False,7d003d003debd8d632e243aca5a2660d2e0be0e7e80cde4cd90c2b19fcc7262f,fine,100,FrontDoor,2017,94,0,FrontDoor-B1-CBO-seed2017,0,4.587435483932495
100,61b4757aedf08761a1b409a464abc581e58d3447b51f0ac6921a8f0b97a8fc51,B1,4.64359428225414,0.051775718314272634,CBO,False,41ac910d260b066831186379323837be25639f8c5352a44e7ea4c54fb9bb02dc,fine,100,FrontDoor,2018,94,0,FrontDoor-B1-CBO-seed2018,0,4.679198741912842
100,61b4757aedf08761a1b409a464abc581e58d3447b51f0ac6921a8f0b97a8fc51,B1,40.37077981070244,0.4058403896910925,CBO,False,df9108b469ce1dc26e77e8e653f93d9e642c2ec056e6d35e6ed0181c05f3c5a0,fine,100,FrontDoor,2019,94,0,FrontDoor-B1-CBO-seed2019,0,4.700982093811035
100,61b4757aedf08761a1b409a464abc581e58d3447b51f0ac6921a8f0b97a8fc51,B1,177.99999999890105,2.0,CBO,False,cd9186b1ca952eda98b3b4fea9c74e4e968b5e4900726cb3914910dae35e0924,fine,100,FrontDoor,2020,94,0,FrontDoor-B1-CBO-seed2020,0,5.35463547706604
100,61b4757aedf08761a1b409a464abc581e58d3447b51f0ac6921a8f0b97a8fc51,B1,176.98244468121365,2.0,CBO,False,7e06344b0490e1f5806ab3e30318475828002e7882fb5ce4d50bf09135699b68,fine,100,FrontDoor,2021,94,0,FrontDoor-B1-CBO-seed2021,0,4.83202052116394
100,61b4757aedf08761a1b409a464abc581e58d3447b51f0ac6921a8f0b97a8fc51,B1,1.4642202026602396,0.0009375540787590619,CBO,False,dd5270f80b2a08d329dd0006daf314d1b2ad68ac7095e26a196f9ecdd47c6e56,fine,100,FrontDoor,2022,94,0,FrontDoor-B1-CBO-seed2022,0,4.5277416706085205
100,61b4757aedf08761a1b409a464abc581e58d3447b51f0ac6921a8f0b97a8fc51,B1,30.323828821537727,0.33767862407264526,CBO,False,73b775d2a76e92d4cc7fdcdfebe33689e12e81351a0b13f1b26719b7f19b455e,fine,100,FrontDoor,2023,94,0,FrontDoor-B1-CBO-seed2023,0,4.6850364208221436
100,61b4757aedf08761a1b409a464abc581e58d3447b51f0ac6921a8f0b97a8fc51,B1,177.99999999999997,1.9999999999999998,CBO,False,0950c0986e67c4bfc3540651bbb6c810d8aed172a304bd3b68da8371df6b196c,fine,100,FrontDoor,2024,94,0,FrontDoor-B1-CBO-seed2024,0,4.7768871784210205
100,61b4757aedf08761a1b409a464abc581e58d3447b51f0ac6921a8f0b97a8fc51,B1,1.2579842176262128,0.008991019917692133,CBO,False,1b656ea535b3caefa82ac719cbe81d08829db6c576a23a91c5a6ec985370e58b,fine,100,FrontDoor,2025,94,0,FrontDoor-B1-CBO-seed2025,0,4.864241600036621
100,61b4757aedf08761a1b409a464abc581e58d3447b51f0ac6921a8f0b97a8fc51,B1,177.99999101815666,2.0,CBO,False,495d33f10729e56750414853508d1cd0a86d5946e5fdb8a416c350c49b04eb37,fine,100,FrontDoor,2026,94,0,FrontDoor-B1-CBO-seed2026,0,5.038308382034302
100,61b4757aedf08761a1b409a464abc581e58d3447b51f0ac6921a8f0b97a8fc51,B1,177.99999996024104,1.9999999995532738,CBO,False,f39d0d29526bddd5bb0bdaa0b6f52da7849dd4d958424e5db13e233e47e0be3f,fine,100,FrontDoor,2027,94,0,FrontDoor-B1-CBO-seed2027,0,5.182539701461792
100,61b4757aedf08761a1b409a464abc581e58d3447b51f0ac6921a8f0b97a8fc51,B1,178.0,2.0,CBO,False,5ef95d0c9170e04552b30e49b7ff603bf1a75f71ddb4a77f35e59f45c575b7bc,fine,100,FrontDoor,2028,94,0,FrontDoor-B1-CBO-seed2028,0,5.360912084579468
100,61b4757aedf08761a1b409a464abc581e58d3447b51f0ac6921a8f0b97a8fc51,B1,18.247279387495386,0.0045588603082000745,CBO,False,e90aac885bb28d6d0cad58189be12da7f55ab27ccec1b3944f741d58112563ac,fine,100,FrontDoor,2029,94,0,FrontDoor-B1-CBO-seed2029,0,4.68347430229187
100,61b4757aedf08761a1b409a464abc581e58d3447b51f0ac6921a8f0b97a8fc51,B1,34.934187919229196,0.003236905504669707,QCBO,False,e6d66e6d2c009c7b64cc5213e29d1a8be603a4e9721c71f6c57c52fa174c13d6,coarse,50,FrontDoor,2000,47,0,FrontDoor-B1-QCBO-seed2000,0,3.315901041030884
100,61b4757aedf08761a1b409a464abc581e58d3447b51f0ac6921a8f0b97a8fc51,B1,36.65321480404501,0.012849039165015341,QCBO,False,3abefe719d954ce907f9ddae7d5004d32e0a0e8a689e098cadb827927c24e7c4,coarse,50,FrontDoor,2001,47,0,FrontDoor-B1-QCBO-seed2001,0,3.269625663757324
100,61b4757aedf08761a1b409a464abc581e58d3447b51f0ac6921a8f0b97a8fc51,B1,2.734523589118139,7.285912351262525e-05,QCBO,False,ebe9e99ead7b45a3ec4b78d250b3e87229e8c4ebc43fd335cf5214cf5af56eb9,coarse,50,FrontDoor,2002,47,0,FrontDoor-B1-QCBO-seed2002,0,3.227060317993164
100,61b4757aedf08761a1b409a464abc581e58d3447b51f0ac6921a8f0b97a8fc51,B1,59.49415332311223,0.1899213254073706,QCBO,False,74f03f64fd6049c91bc3261781a2e821cf24e869e6523eea84c16c114a55ab3e,coarse,50,FrontDoor,2003,47,0,FrontDoor-B1-QCBO-seed2003,0,3.158012866973877
100,61b4757aedf08761a1b409a464abc581e58d3447b51f0ac6921a8f0b97a8fc51,B1,3.9980284451855095,0.002893898005050355,QCBO,False,7215efd69d06db2948deaea0bcc5479fc9e11efcac87c3ccacf872d355382a95,coarse,50,FrontDoor,2004,47,0,FrontDoor-B1-QCBO-seed2004,0,3.1972174644470215
100,61b4757aedf08761a1b409a464abc581e58d3447b51f0ac6921a8f0b97a8fc51,B1,177.83537572336274,2.0,QCBO,False,16b38f900d39e391133b1d0616a32b161c7acfd7c23d17c8f2f8dabfcf04b8b8,coarse,50,FrontDoor,2005,47,0,FrontDoor-B1-QCBO-seed2005,0,3.039097547531128
100,61b4757aedf08761a1b409a464abc581e58d3447b51f0ac6921a8f0b97a8fc51,B1,19.822172418192743,0.05266503620066443,QCBO,False,e43fce48a817f5d2403aeab75855a70aff21af30bbe6ee44b827d377353d6f57,coarse,50,FrontDoor,2006,47,0,FrontDoor-B1-QCBO-seed2006,0,3.195207118988037
100,61b4757aedf08761a1b409a464abc581e58d3447b51f0ac6921a8f0b97a8fc51,B1,3.5229868835464657,0.03340193187515905,QCBO,False,20209c8dce70fff3e152f3821c8d802f5bdc5596c124624f9aaa760235558eca,coarse,50,FrontDoor,2007,47,0,FrontDoor-B1-QCBO-seed2007,0,3.1631693840026855
100,61b4757aedf08761a1b409a464abc581e58d3447b51f0ac6921a8f0b97a8fc51,B1,66.81892897755529,0.01876656252874942,QCBO,False,313d9403b94d40634fc17c484fa72d20b34235a031d1ba1b12de316b76c96e9b,coarse,50,FrontDoor,2008,47,0,FrontDoor-B1-QCBO-seed2008,0,3.245471477508545
100,61b4757aedf08761a1b409a464abc581e58d3447b51f0ac6921a8f0b97a8fc51,B1,44.7728441682991,0.0013134667363914332,QCBO,False,d98914f93ad6c2b6e7f5da65478d42d3ba5c4a3503cdaa9393ebc1029d594d54,coarse,50,FrontDoor,2009,47,0,FrontDoor-B1-QCBO-seed2009,0,3.332937240600586
100,61b4757aedf08761a1b409a464abc581e58d3447b51f0ac6921a8f0b97a8fc51,B1,67.03295115544464,0.0031664039953591683,QCBO,False,44d96031ce886680fd1278152f0d78434ff0741a95d73a735fb9dcb0deed918b,coarse,50,FrontDoor,2010,47,0,FrontDoor-B1-QCBO-seed2010,0,3.2778267860412598
100,61b4757aedf08761a1b409a464abc581e58d3447b51f0ac6921a8f0b97a8fc51,B1,15.38466752784368,0.07771194331370923,QCBO,False,1879daf0e0de056532f8759630b530c4415d4c78a930af7807365a07f49c4640,coarse,50,FrontDoor,2011,47,0,FrontDoor-B1-QCBO-seed2011,0,3.175593614578247
100,61b4757aedf08761a1b409a464abc581e58d3447b51f0ac6921a8f0b97a8fc51,B1,4.1418383466768915,0.030470130144790275,QCBO,False,c0c3f85c5233c4d18747475a63d3c448e828cd3f8db75187cd1b640cfb4bd8fa,coarse,50,FrontDoor,2012,47,0,FrontDoor-B1-QCBO-seed2012,0,3.3713788986206055
100,61b4757aedf08761a1b409a464abc581e58d3447b51f0ac6921a8f0b97a8fc51,B1,120.46335854311337,0.2350729823212454,QCBO,False,99498953eecd9e8438fc1536bc1b6fef874ce0dcb5605342b430d8538d0af3c6,coarse,50,FrontDoor,2013,47,0,FrontDoor-B1-QCBO-seed2013,0,3.363616704940796
100,61b4757aedf08761a1b409a464abc581e58d3447b51f0ac6921a8f0b97a8fc51,B1,12.486032532640813,3.04672624795721e-05,QCBO,False,560a8f22f527ea7f6ae3c006ddef6c30dfdba22d81d2bd62520c3ca966fbad71,coarse,50,FrontDoor,2014,47,0,FrontDoor-B1-QCBO-seed2014,0,3.124455213546753
100,61b4757aedf08761a1b409a464abc581e58d3447b51f0ac6921a8f0b97a8fc51,B1,170.71661955749906,1.9999999995532738,QCBO,False,df9824370dab86ab2d1b34b71edf5ede4d70c0044d5daf603dd8f703f0aafc20,coarse,50,FrontDoor,2015,47,0,FrontDoor-B1-QCBO-seed2015,0,3.438786268234253
100,61b4757aedf08761a1b409a464abc581e58d3447b51f0ac6921a8f0b97a8fc51,B1,178.0,2.0,QCBO,False,90071129c12f7fbc7536d9e7eac8f83096f2e35ad335c82d20b664879c36181f,coarse,50,FrontDoor,2016,47,0,FrontDoor-B1-QCBO-seed2016,0,3.312028169631958
100,61b4757aedf08761a1b409a464abc581e58d3447b51f0ac6921a8f0b97a8fc51,B1,59.11915689977451,0.030317843098783603,QCBO,False,7d003d003debd8d632e243aca5a2660d2e0be0e7e80cde4cd90c2b19fcc7262f,coarse,50,FrontDoor,2017,47,0,FrontDoor-B1-QCBO-seed2017,0,3.153513193130493
100,61b4757aedf08761a1b409a464abc581e58d3447b51f0ac6921a8f0b97a8fc51,B1,8.157696386219124,0.007971317721227944,QCBO,False,41ac910d260b066831186379323837be25639f8c5352a44e7ea4c54fb9bb02dc,coarse,50,FrontDoor,2018,47,0,FrontDoor-B1-QCBO-seed2018,0,3.328174114227295
100,61b4757aedf08761a1b409a464abc581e58d3447b51f0ac6921a8f0b97a8fc51,B1,177.99999999999494,2.0,QCBO,False,df9108b469ce1dc26e77e8e653f93d9e642c2ec056e6d35e6ed0181c05f3c5a0,coarse,50,FrontDoor,2019,47,0,FrontDoor-B1-QCBO-seed2019,0,3.4530837535858154
100,61b4757aedf08761a1b409a464abc581e58d3447b51f0ac6921a8f0b97a8fc51,B1,13.084909043969649,0.013304591622087303,QCBO,False,cd9186b1ca952eda98b3b4fea9c74e4e968b5e4900726cb3914910dae35e0924,coarse,50,FrontDoor,2020,47,0,FrontDoor-B1-QCBO-seed2020,0,3.0868120193481445
100,61b4757aedf08761a1b409a464abc581e58d3447b51f0ac6921a8f0b97a8fc51,B1,68.72365193935485,0.20918857383686285,QCBO,False,7e06344b0490e1f5806ab3e30318475828002e7882fb5ce4d50bf09135699b68,coarse,50,FrontDoor,2021,47,0,FrontDoor-B1-QCBO-seed2021,0,3.1128766536712646
100,61b4757aedf08761a1b409a464abc581e58d3447b51f0ac6921a8f0b97a8fc51,B1,6.040164352315672,0.018300491673748143,QCBO,False,dd5270f80b2a08d329dd0006daf314d1b2ad68ac7095e26a196f9ecdd47c6e56,coarse,50,FrontDoor,2022,47,0,FrontDoor-B1-QCBO-seed2022,0,3.0315260887145996
100,61b4757aedf08761a1b409a464abc581e58d3447b51f0ac6921a8f0b97a8fc51,B1,177.9997577887818,2.0,QCBO,False,73b775d2a76e92d4cc7fdcdfebe33689e12e81351a0b13f1b26719b7f19b455e,coarse,50,FrontDoor,2023,47,0,FrontDoor-B1-QCBO-seed2023,0,3.2847635746002197
100,61b4757aedf08761a1b409a464abc581e58d3447b51f0ac6921a8f0b97a8fc51,B1,19.736295040860206,5.7741623071816406e-05,QCBO,False,0950c0986e67c4bfc3540651bbb6c810d8aed172a304bd3b68da8371df6b196c,coarse,50,FrontDoor,2024,47,0,FrontDoor-B1-QCBO-seed2024,0,3.263704538345337
100,61b4757aedf08761a1b409a464abc581e58d3447b51f0ac6921a8f0b97a8fc51,B1,10.671945059729843,0.031932801254389576,QCBO,False,1b656ea535b3caefa82ac719cbe81d08829db6c576a23a91c5a6ec985370e58b,coarse,50,FrontDoor,2025,47,0,FrontDoor-B1-QCBO-seed2025,0,3.152902603149414
100,61b4757aedf08761a1b409a464abc581e58d3447b51f0ac6921a8f0b97a8fc51,B1,16.843621615881435,0.008686552419194138,QCBO,False,495d33f10729e56750414853508d1cd0a86d5946e5fdb8a416c350c49b04eb37,coarse,50,FrontDoor,2026,47,0,FrontDoor-B1-QCBO-seed2026,0,3.160127878189087
100,61b4757aedf08761a1b409a464abc581e58d3447b51f0ac6921a8f0b97a8fc51,B1,178.0,2.0,QCBO,False,f39d0d29526bddd5bb0bdaa0b6f52da7849dd4d958424e5db13e233e47e0be3f,coarse,50,FrontDoor,2027,47,0,FrontDoor-B1-QCBO-seed2027,0,3.2137629985809326
100,61b4757aedf08761a1b409a464abc581e58d3447b51f0ac6921a8f0b97a8fc51,B1,177.99569321103186,1.999950496678526,QCBO,False,5ef95d0c9170e04552b30e49b7ff603bf1a75f71ddb4a77f35e59f45c575b7bc,coarse,50,FrontDoor,2028,47,0,FrontDoor-B1-QCBO-seed2028,0,3.3100621700286865
100,61b4757aedf08761a1b409a464abc581e58d3447b51f0ac6921a8f0b97a8fc51,B1,0.55877424171204,6.143614097342542e-05,QCBO,False,e90aac885bb28d6d0cad58189be12da7f55ab27ccec1b3944f741d58112563ac,coarse,50,FrontDoor,2029,47,0,FrontDoor-B1-QCBO-seed2029,0,3.1756393909454346
120,61b4757aedf08761a1b409a464abc581e58d3447b51f0ac6921a8f0b97a8fc51,C0,19.248988085796835,0.03514260455598168,BO-S,False,7bda23e27cd1e2eb01660fecf44bc6b848c3db27da9213da60a3473b22749b02,fine,98,MediatedChain,2000,89,0,MediatedChain-C0-BO-S-seed2000,0,5.59972882270813
120,61b4757aedf08761a1b409a464abc581e58d3447b51f0ac6921a8f0b97a8fc51,C0,187.58633686947863,0.00229012907242393,BO-S,False,b247f8ae170ee20addc209c9418b30a4fdb33a33a215282a8d8e4bff4642d35d,fine,96,MediatedChain,2001,87,0,MediatedChain-C0-BO-S-seed2001,0,5.712523698806763
120,61b4757aedf08761a1b409a464abc581e58d3447b51f0ac6921a8f0b97a8fc51,C0,21.876439504893096,5.383172591882923e-05,BO-S,False,5e3180975c3bded8e1706a24db8c2a44dfc026abcd484201a8dfb801e00fa7b6,fine,94,MediatedChain,2002,85,0,MediatedChain-C0-BO-S-seed2002,0,5.307429790496826
120,61b4757aedf08761a1b409a464abc581e58d3447b51f0ac6921a8f0b97a8fc51,C0,35.49171514324921,0.01675582452958683,BO-S,False,d039f18fd6a4e9b47d840900507e778bbaea23b3324b11955f3773c725fd9e0c,fine,94,MediatedChain,2003,85,0,MediatedChain-C0-BO-S-seed2003,0,5.470621585845947
120,61b4757aedf08761a1b409a464abc581e58d3447b51f0ac6921a8f0b97a8fc51,C0,17.55155253302777,0.008618731870045915,BO-S,False,4d3b78a60f5109b0fc54bfd1ecb125f892ea6ae4ff03ac9c6f2374fa1266868d,fine,96,MediatedChain,2004,87,0,MediatedChain-C0-BO-S-seed2004,0,5.321774244308472
120,61b4757aedf08761a1b409a464abc581e58d3447b51f0ac6921a8f0b97a8fc51,C0,23.869793647809573,0.00038257358164351524,BO-S,False,a39603e206b659946c56260eeb53bd1402b8f8f63b9c6d4224f71ebf09cdafac,fine,109,MediatedChain,2005,100,0,MediatedChain-C0-BO-S-seed2005,0,5.865068197250366
120,61b4757aedf08761a1b409a464abc581e58d3447b51f0ac6921a8f0b97a8fc51,C0,43.52672404066162,0.02272410933505021,BO-S,False,4266e2290959461a2dc0d6cc8162fb8f63214a09946689fffcfbbaa2788fe911,fine,85,MediatedChain,2006,76,0,MediatedChain-C0-BO-S-seed2006,0,4.74372673034668
120,61b4757aedf08761a1b409a464abc581e58d3447b51f0ac6921a8f0b97a8fc51,C0,11.592718263328315,0.007181371353587047,BO-S,False,e00fcd2c5395a6e9cb7da1cb5ee211a99838ff8d49100c8c3beef52f2612d200,fine,107,MediatedChain,2007,98,0,MediatedChain-C0-BO-S-seed2007,0,5.551156282424927
120,61b4757aedf08761a1b409a464abc581e58d3447b51f0ac6921a8f0b97a8fc51,C0,35.07325943027015,0.013682334538502067,BO-S,False,3cd888c03e865c068cd4e04ba4d37b698a39b899bc5d6471dcf5ab28f8c2bc33,fine,79,MediatedChain,2008,70,0,MediatedChain-C0-BO-S-seed2008,0,4.522176265716553
120,61b4757aedf08761a1b409a464abc581e58d3447b51f0ac6921a8f0b97a8fc51,C0,20.549354341866042,0.01291310507952647,BO-S,False,8190588dd404aa4e031c4fe9b29a24cf236c09af46e94ca70314d35cea350469,fine,94,MediatedChain,2009,85,0,MediatedChain-C0-BO-S-seed2009,0,5.044292211532593
120,61b4757aedf08761a1b409a464abc581e58d3447b51f0ac6921a8f0b97a8fc51,C0,71.65915435695992,0.0027093875944232126,BO-S,False,d58868d230865a460cb9fce396e53277437bbb94b8b73c13a5a48fd2822da188,fine,94,MediatedChain,2010,85,0,MediatedChain-C0-BO-S-seed2010,0,5.344135284423828
120,61b4757aedf08761a1b409a464abc581e58d3447b51f0ac6921a8f0b97a8fc51,C0,261.31365502820375,0.0022865499790017396,BO-S,False,081dc8e2d2c6ebdf0fbfa13374f63340d686a35ea5fc23430268f764a89ea0f4,fine,94,MediatedChain,2011,85,0,MediatedChain-C0-BO-S-seed2011,0,5.286422967910767
120,61b4757aedf08761a1b409a464abc581e58d3447b51f0ac6921a8f0b97a8fc51,C0,64.16667331844121,0.06546903564450801,BO-S,False,7fc9b6598f53b20cc42334cfb7c2402daff5198b2cc778931c766c4d4f7cce22,fine,102,MediatedChain,2012,93,0,MediatedChain-C0-BO-S-seed2012,0,5.662560701370239
120,61b4757aedf08761a1b409a464abc581e58d3447b51f0ac6921a8f0b97a8fc51,C0,57.10778082027092,0.04445054303747808,BO-S,False,13cd8eacec80b0b88c67c42a67baac2a0a4b776a8b0e69ab979efdeb1ad06c2a,fine,99,MediatedChain,2013,90,0,MediatedChain-C0-BO-S-seed2013,0,5.4885499477386475
120,61b4757aedf08761a1b409a464abc581e58d3447b51f0ac6921a8f0b97a8fc51,C0,440.7432069035483,4.0,BO-S,False,49d33df540d8dd7fad8418770ad59c0c26e35289380e809a41d4a826a59dff11,fine,77,MediatedChain,2014,68,0,MediatedChain-C0-BO-S-seed2014,0,4.393631935119629
120,61b4757aedf08761a1b409a464abc581e58d3447b51f0ac6921a8f0b97a8fc51,C0,11.314281083745797,0.0011350022291220785,BO-S,False,8a42beeabeb4c59122f2055087f22cd26cd55e7029abb0cd07a0fed16af4022a,fine,105,MediatedChain,2015,96,0,MediatedChain-C0-BO-S-seed2015,0,5.322732210159302
120,61b4757aedf08761a1b409a464abc581e58d3447b51f0ac6921a8f0b97a8fc51,C0,7.7929259379182625,0.016937664401250115,BO-S,False,196081d965e80db5f7788eb9b9112f96b9d32d06cbe41c0863f18394b428ba86,fine,94,MediatedChain,2016,85,0,MediatedChain-C0-BO-S-seed2016,0,5.53314733505249
120,61b4757aedf08761a1b409a464abc581e58d3447b51f0ac6921a8f0b97a8fc51,C0,268.7636661881206,2.1080392740685023,BO-S,False,53d5d13915c24314c038d8dcc791edd0d2dfee7343347fee3956a8c5f03ead5a,fine,96,MediatedChain,2017,87,0,MediatedChain-C0-BO-S-seed2017,0,5.163386821746826
120,61b4757aedf08761a1b409a464abc581e58d3447b51f0ac6921a8f0b97a8fc51,C0,184.6872463140769,0.006100430144971816,BO-S,False,1aeeea63cf52404f41b3993e74404fd666996a2ce366d03a3589c35a853b59c4,fine,99,MediatedChain,2018,90,0,MediatedChain-C0-BO-S-seed2018,0,5.826916456222534
120,61b4757aedf08761a1b409a464abc581e58d3447b51f0ac6921a8f0b97a8fc51,C0,16.98910001601226,3.2416040894461817e-06,BO-S,False,e7642dc77d6c49e5c960e114770e5c2be83f50a7cf6924a64518ebe44d203f91,fine,98,MediatedChain,2019,89,0,MediatedChain-C0-BO-S-seed2019,0,6.024476766586304
120,61b4757aedf08761a1b409a464abc581e58d3447b51f0ac6921a8f0b97a8fc51,C0,8.840357034640306,0.009529866494478977,BO-S,False,2aafb6a501ffb06f3642dadd4077238c1bdb51f5c722091c55077b805a42526f,fine,108,MediatedChain,2020,99,0,MediatedChain-C0-BO-S-seed2020,0,5.582416296005249
120,61b4757aedf08761a1b409a464abc581e58d3447b51f0ac6921a8f0b97a8fc51,C0,21.63332547458275,0.003646934644970748,BO-S,False,d0b0860b95304c8481030bab673f506457d0235e70559ff0a09f892f696967dc,fine,106,MediatedChain,2021,97,0,MediatedChain-C0-BO-S-seed2021,0,5.49175500869751
120,61b4757aedf08761a1b409a464abc581e58d3447b51f0ac6921a8f0b97a8fc51,C0,51.758108958776056,0.010650888179969654,BO-S,False,3a17308f95e9cdd0c72756b695ed5f0a8a1ef9bec3e082e11867053f35948b42,fine,95,MediatedChain,2022,86,0,MediatedChain-C0-BO-S-seed2022,0,5.0768468379974365
120,61b4757aedf08761a1b409a464abc581e58d3447b51f0ac6921a8f0b97a8fc51,C0,196.38018740594046,0.008683449078988124,BO-S,False,5dab76ca469c530b3965847d1c53b699ff43f9c5d6e1b4f4d8d616205b8bbfa5,fine,102,MediatedChain,2023,93,0,MediatedChain-C0-BO-S-seed2023,0,5.772411584854126
120,61b4757aedf08761a1b409a464abc581e58d3447b51f0ac6921a8f0b97a8fc51,C0,4.24980784191922,0.013523899927143222,BO-S,False,384f9d90fe2e317cd41f8442b5ea313818c94cabde8222cde3efdb58ea1c269e,fine,101,MediatedChain,2024,92,0,MediatedChain-C0-BO-S-seed2024,0,5.353079319000244
120,61b4757aedf08761a1b409a464abc581e58d3447b51f0ac6921a8f0b97a8fc51,C0,61.89594921500805,0.048542725938843394,BO-S,False,d9e546f7b65784f476ca35af3a71cc2c7f04e9ba7e93bf84179a70b8fd19061b,fine,98,MediatedChain,2025,89,0,MediatedChain-C0-BO-S-seed2025,0,5.439559459686279
120,61b4757aedf08761a1b409a464abc581e58d3447b51f0ac6921a8f0b97a8fc51,C0,9.860889225723009,0.09193035636118613,BO-S,False,abecd0ab6d12c702ccafa1b0f62d783881bc41bf9698f5fdbbda883139e68085,fine,80,MediatedChain,2026,71,0,MediatedChain-C0-BO-S-seed2026,0,4.453115701675415
120,61b4757aedf08761a1b409a464abc581e58d3447b51f0ac6921a8f0b97a8fc51,C0,9.71202757779771,0.02721423079677971,BO-S,False,530092ed8ec0078bcddad7ad8cc0a2a77decfefeb0951864a49e5ac0364255e6,fine,100,MediatedChain,2027,91,0,MediatedChain-C0-BO-S-seed2027,0,5.2137134075164795
120,61b4757aedf08761a1b409a464abc581e58d3447b51f0ac6921a8f0b97a8fc51,C0,98.00937919135188,0.0065894831310235255,BO-S,False,4ca946f1c156e4fc0a0b212c1d3114202f02b98fe586a8eac0a578115caeebb6,fine,105,MediatedChain,2028,96,0,MediatedChain-C0-BO-S-seed2028,0,5.806254863739014
120,61b4757aedf08761a1b409a464abc581e58d3447b51f0ac6921a8f0b97a8fc51,C0,9.890822780037539,0.01141992978894911,BO-S,False,792572c18ed4a5a96014194e8217e445b39a9bf3e941d605446e51e037257b99,fine,95,MediatedChain,2029,86,0,MediatedChain-C0-BO-S-seed2029,0,5.101350545883179
120,61b4757aedf08761a1b409a464abc581e58d3447b51f0ac6921a8f0b97a8fc51,C0,431.63999999999925,3.96,BO,False,7bda23e27cd1e2eb01660fecf44bc6b848c3db27da9213da60a3473b22749b02,fine,60,MediatedChain,2000,57,0,MediatedChain-C0-BO-seed2000,0,2.673705816268921
120,61b4757aedf08761a1b409a464abc581e58d3447b51f0ac6921a8f0b97a8fc51,C0,431.63999999999925,3.96,BO,False,b247f8ae170ee20addc209c9418b30a4fdb33a33a215282a8d8e4bff4642d35d,fine,60,MediatedChain,2001,57,0,MediatedChain-C0-BO-seed2001,0,2.574652671813965
120,61b4757aedf08761a1b409a464abc581e58d3447b51f0ac6921a8f0b97a8fc51,C0,431.63999999999925,3.96,BO,False,5e3180975c3bded8e1706a24db8c2a44dfc026abcd484201a8dfb801e00fa7b6,fine,60,MediatedChain,2002,57,0,MediatedChain-C0-BO-seed2002,0,2.3378496170043945
120,61b4757aedf08761a1b409a464abc581e58d3447b51f0ac6921a8f0b97a8fc51,C0,431.63999999999925,3.96,BO,False,d039f18fd6a4e9b47d840900507e778bbaea23b3324b11955f3773c725fd9e0c,fine,60,MediatedChain,2003,57,0,MediatedChain-C0-BO-seed2003,0,2.719630479812622
120,61b4757aedf08761a1b409a464abc581e58d3447b51f0ac6921a8f0b97a8fc51,C0,431.63999999999925,3.96,BO,False,4d3b78a60f5109b0fc54bfd1ecb125f892ea6ae4ff03ac9c6f2374fa1266868d,fine,60,MediatedChain,2004,57,0,MediatedChain-C0-BO-seed2004,0,2.692491054534912
120,61b4757aedf08761a1b409a464abc581e58d3447b51f0ac6921a8f0b97a8fc51,C0,431.63999999999925,3.96,BO,False,a39603e206b659946c56260eeb53bd1402b8f8f63b9c6d4224f71ebf09cdafac,fine,60,MediatedChain,2005,57,0,MediatedChain-C0-BO-seed2005,0,2.625077962875366
120,61b4757aedf08761a1b409a464abc581e58d3447b51f0ac6921a8f0b97a8fc51,C0,431.63999999999925,3.96,BO,False,4266e2290959461a2dc0d6cc8162fb8f63214a09946689fffcfbbaa2788fe911,fine,60,MediatedChain,2006,57,0,MediatedChain-C0-BO-seed2006,0,2.6482982635498047
120,61b4757aedf08761a1b409a464abc581e58d3447b51f0ac6921a8f0b97a8fc51,C0,431.63999999999925,3.96,BO,False,e00fcd2c5395a6e9cb7da1cb5ee211a99838ff8d49100c8c3beef52f2612d200,fine,60,MediatedChain,2007,57,0,MediatedChain-C0-BO-seed2007,0,2.6323421001434326
120,61b4757aedf08761a1b409a464abc581e58d3447b51f0ac6921a8f0b97a8fc51,C0,431.63999999999925,3.96,BO,False,3cd888c03e865c068cd4e04ba4d37b698a39b899bc5d6471dcf5ab28f8c2bc33,fine,60,MediatedChain,2008,57,0,MediatedChain-C0-BO-seed2008,0,2.5768868923187256
120,61b4757aedf08761a1b409a464abc581e58d3447b51f0ac6921a8f0b97a8fc51,C0,431.63999999999925,3.96,BO,False,8190588dd404aa4e031c4fe9b29a24cf236c09af46e94ca70314d35cea350469,fine,60,MediatedChain,2009,57,0,MediatedChain-C0-BO-seed2009,0,2.669921398162842
120,61b4757aedf08761a1b409a464abc581e58d3447b51f0ac6921a8f0b97a8fc51,C0,431.63999999999925,3.96,BO,False,d58868d230865a460cb9fce396e53277437bbb94b8b73c13a5a48fd2822da188,fine,60,MediatedChain,2010,57,0,MediatedChain-C0-BO-seed2010,0,2.6327641010284424
120,61b4757aedf08761a1b409a464abc581e58d3447b51f0ac6921a8f0b97a8fc51,C0,431.63999999999925,3.96,BO,False,081dc8e2d2c6ebdf0fbfa13374f63340d686a35ea5fc23430268f764a89ea0f4,fine,60,MediatedChain,2011,57,0,MediatedChain-C0-BO-seed2011,0,2.427805185317993
120,61b4757aedf08761a1b409a464abc581e58d3447b51f0ac6921a8f0b97a8fc51,C0,439.5685770807139,3.971724980261202,BO,False,7fc9b6598f53b20cc42334cfb7c2402daff5198b2cc778931c766c4d4f7cce22,fine,60,MediatedChain,2012,57,0,MediatedChain-C0-BO-seed2012,0,2.377849817276001
120,61b4757aedf08761a1b409a464abc581e58d3447b51f0ac6921a8f0b97a8fc51,C0,431.63999999999925,3.96,BO,False,13cd8eacec80b0b88c67c42a67baac2a0a4b776a8b0e69ab979efdeb1ad06c2a,fine,60,MediatedChain,2013,57,0,MediatedChain-C0-BO-seed2013,0,2.65628719329834
120,61b4757aedf08761a1b409a464abc581e58d3447b51f0ac6921a8f0b97a8fc51,C0,443.4580697483913,4.099663074128081,BO,False,49d33df540d8dd7fad8418770ad59c0c26e35289380e809a41d4a826a59dff11,fine,60,MediatedChain,2014,57,0,MediatedChain-C0-BO-seed2014,0,2.508805990219116
120,61b4757aedf08761a1b409a464abc581e58d3447b51f0ac6921a8f0b97a8fc51,C0,431.63999999999925,3.96,BO,False,8a42beeabeb4c59122f2055087f22cd26cd55e7029abb0cd07a0fed16af4022a,fine,60,MediatedChain,2015,57,0,MediatedChain-C0-BO-seed2015,0,2.75862717628479
120,61b4757aedf08761a1b409a464abc581e58d3447b51f0ac6921a8f0b97a8fc51,C0,440.97276271196586,3.96,BO,False,196081d965e80db5f7788eb9b9112f96b9d32d06cbe41c0863f18394b428ba86,fine,60,MediatedChain,2016,57,0,MediatedChain-C0-BO-seed2016,0,2.5269081592559814
120,61b4757aedf08761a1b409a464abc581e58d3447b51f0ac6921a8f0b97a8fc51,C0,431.63999999999925,3.96,BO,False,53d5d13915c24314c038d8dcc791edd0d2dfee7343347fee3956a8c5f03ead5a,fine,60,MediatedChain,2017,57,0,MediatedChain-C0-BO-seed2017,0,2.7253315448760986
120,61b4757aedf08761a1b409a464abc581e58d3447b51f0ac6921a8f0b97a8fc51,C0,431.63999999999925,3.96,BO,False,1aeeea63cf52404f41b3993e74404fd666996a2ce366d03a3589c35a853b59c4,fine,60,MediatedChain,2018,57,0,MediatedChain-C0-BO-seed2018,0,2.732875347137451
120,61b4757aedf08761a1b409a464abc581e58d3447b51f0ac6921a8f0b97a8fc51,C0,431.63999999999925,3.96,BO,False,e7642dc77d6c49e5c960e114770e5c2be83f50a7cf6924a64518ebe44d203f91,fine,60,MediatedChain,2019,57,0,MediatedChain-C0-BO-seed2019,0,2.751253843307495
120,61b4757aedf08761a1b409a464abc581e58d3447b51f0ac6921a8f0b97a8fc51,C0,431.63999999999925,3.96,BO,False,2aafb6a501ffb06f3642dadd4077238c1bdb51f5c722091c55077b805a42526f,fine,60,MediatedChain,2020,57,0,MediatedChain-C0-BO-seed2020,0,2.706296682357788
120,61b4757aedf08761a1b409a464abc581e58d3447b51f0ac6921a8f0b97a8fc51,C0,431.63999999999925,3.96,BO,False,d0b0860b95304c8481030bab673f506457d0235e70559ff0a09f892f696967dc,fine,60,MediatedChain,2021,57,0,MediatedChain-C0-BO-seed2021,0,2.6533358097076416
120,61b4757aedf08761a1b409a464abc581e58d3447b51f0ac6921a8f0b97a8fc51,C0,431.63999999999925,3.96,BO,False,3a17308f95e9cdd0c72756b695ed5f0a8a1ef9bec3e082e11867053f35948b42,fine,60,MediatedChain,2022,57,0,MediatedChain-C0-BO-seed2022,0,2.577773332595825
120,61b4757aedf08761a1b409a464abc581e58d3447b51f0ac6921a8f0b97a8fc51,C0,437.94709444243193,3.96,BO,False,5dab76ca469c530b3965847d1c53b699ff43f9c5d6e1b4f4d8d616205b8bbfa5,fine,60,MediatedChain,2023,57,0,MediatedChain-C0-BO-seed2023,0,2.6035099029541016
120,61b4757aedf08761a1b409a464abc581e58d3447b51f0ac6921a8f0b97a8fc51,C0,431.63999999999925,3.96,BO,False,384f9d90fe2e317cd41f8442b5ea313818c94cabde8222cde3efdb58ea1c269e,fine,60,MediatedChain,2024,57,0,MediatedChain-C0-BO-seed2024,0,2.7208049297332764
120,61b4757aedf08761a1b409a464abc581e58d3447b51f0ac6921a8f0b97a8fc51,C0,431.63999999999925,3.96,BO,False,d9e546f7b65784f476ca35af3a71cc2c7f04e9ba7e93bf84179a70b8fd19061b,fine,60,MediatedChain,2025,57,0,MediatedChain-C0-BO-seed2025,0,2.649324655532837
120,61b4757aedf08761a1b409a464abc581e58d3447b51f0ac6921a8f0b97a8fc51,C0,431.63999999999925,3.96,BO,False,abecd0ab6d12c702ccafa1b0f62d783881bc41bf9698f5fdbbda883139e68085,fine,60,MediatedChain,2026,57,0,MediatedChain-C0-BO-seed2026,0,2.615165948867798
120,61b4757aedf08761a1b409a464abc581e58d3447b51f0ac6921a8f0b97a8fc51,C0,431.63999999999925,3.96,BO,False,530092ed8ec0078bcddad7ad8cc0a2a77decfefeb0951864a49e5ac0364255e6,fine,60,MediatedChain,2027,57,0,MediatedChain-C0-BO-seed2027,0,2.486833095550537
120,61b4757aedf08761a1b409a464abc581e58d3447b51f0ac6921a8f0b97a8fc51,C0,431.63999999999925,3.96,BO,False,4ca946f1c156e4fc0a0b212c1d3114202f02b98fe586a8eac0a578115caeebb6,fine,60,MediatedChain,2028,57,0,MediatedChain-C0-BO-seed2028,0,2.5156946182250977
120,61b4757aedf08761a1b409a464abc581e58d3447b51f0ac6921a8f0b97a8fc51,C0,431.63999999999925,3.96,BO,False,792572c18ed4a5a96014194e8217e445b39a9bf3e941d605446e51e037257b99,fine,60,MediatedChain,2029,57,0,MediatedChain-C0-BO-seed2029,0,2.43753719329834
120,61b4757aedf08761a1b409a464abc581e58d3447b51f0ac6921a8f0b97a8fc51,C0,0.45818484205796034,0.00010929499529573061,CBO,False,7bda23e27cd1e2eb01660fecf44bc6b848c3db27da9213da60a3473b22749b02,fine,120,MediatedChain,2000,114,0,MediatedChain-C0-CBO-seed2000,0,10.333063125610352
120,61b4757aedf08761a1b409a464abc581e58d3447b51f0ac6921a8f0b97a8fc51,C0,22.985982187064838,0.1894389318572127,CBO,False,b247f8ae170ee20addc209c9418b30a4fdb33a33a215282a8d8e4bff4642d35d,fine,120,MediatedChain,2001,114,0,MediatedChain-C0-CBO-seed2001,0,10.280298948287964
120,61b4757aedf08761a1b409a464abc581e58d3447b51f0ac6921a8f0b97a8fc51,C0,1.055946472909768,0.00785727503722531,CBO,False,5e3180975c3bded8e1706a24db8c2a44dfc026abcd484201a8dfb801e00fa7b6,fine,120,MediatedChain,2002,114,0,MediatedChain-C0-CBO-seed2002,0,10.274805068969727
120,61b4757aedf08761a1b409a464abc581e58d3447b51f0ac6921a8f0b97a8fc51,C0,17.186015983266813,0.1601368874362752,CBO,False,d039f18fd6a4e9b47d840900507e778bbaea23b3324b11955f3773c725fd9e0c,fine,120,MediatedChain,2003,114,0,MediatedChain-C0-CBO-seed2003,0,10.426334857940674
120,61b4757aedf08761a1b409a464abc581e58d3447b51f0ac6921a8f0b97a8fc51,C0,1.8818531055106513,0.005317142350835566,CBO,False,4d3b78a60f5109b0fc54bfd1ecb125f892ea6ae4ff03ac9c6f2374fa1266868d,fine,120,MediatedChain,2004,114,0,MediatedChain-C0-CBO-seed2004,0,10.099977254867554
120,61b4757aedf08761a1b409a464abc581e58d3447b51f0ac6921a8f0b97a8fc51,C0,0.3263835330986512,0.0032924530902902205,CBO,False,a39603e206b659946c56260eeb53bd1402b8f8f63b9c6d4224f71ebf09cdafac,fine,120,MediatedChain,2005,114,0,MediatedChain-C0-CBO-seed2005,0,10.47058367729187
120,61b4757aedf08761a1b409a464abc581e58d3447b51f0ac6921a8f0b97a8fc51,C0,0.010412600230185816,8.030843001837623e-05,CBO,False,4266e2290959461a2dc0d6cc8162fb8f63214a09946689fffcfbbaa2788fe911,fine,120,MediatedChain,2006,114,0,MediatedChain-C0-CBO-seed2006,0,10.419861078262329
120,61b4757aedf08761a1b409a464abc581e58d3447b51f0ac6921a8f0b97a8fc51,C0,1.6113415137080596,0.013523234082687983,CBO,False,e00fcd2c5395a6e9cb7da1cb5ee211a99838ff8d49100c8c3beef52f2612d200,fine,120,MediatedChain,2007,114,0,MediatedChain-C0-CBO-seed2007,0,9.883874416351318
120,61b4757aedf08761a1b409a464abc581e58d3447b51f0ac6921a8f0b97a8fc51,C0,3.6480389710321024,0.030182325183973464,CBO,False,3cd888c03e865c068cd4e04ba4d37b698a39b899bc5d6471dcf5ab28f8c2bc33,fine,120,MediatedChain,2008,114,0,MediatedChain-C0-CBO-seed2008,0,10.181828260421753
120,61b4757aedf08761a1b409a464abc581e58d3447b51f0ac6921a8f0b97a8fc51,C0,0.40455917310564704,0.003711552046840788,CBO,False,8190588dd404aa4e031c4fe9b29a24cf236c09af46e94ca70314d35cea350469,fine,120,MediatedChain,2009,114,0,MediatedChain-C0-CBO-seed2009,0,10.291941404342651
120,61b4757aedf08761a1b409a464abc581e58d3447b51f0ac6921a8f0b97a8fc51,C0,431.63999999999925,3.96,CBO,False,d58868d230865a460cb9fce396e53277437bbb94b8b73c13a5a48fd2822da188,fine,120,MediatedChain,2010,114,0,MediatedChain-C0-CBO-seed2010,0,10.173863649368286
120,61b4757aedf08761a1b409a464abc581e58d3447b51f0ac6921a8f0b97a8fc51,C0,116.72325259622302,0.020367971527640395,CBO,False,081dc8e2d2c6ebdf0fbfa13374f63340d686a35ea5fc23430268f764a89ea0f4,fine,120,MediatedChain,2011,114,0,MediatedChain-C0-CBO-seed2011,0,9.950562477111816
120,61b4757aedf08761a1b409a464abc581e58d3447b51f0ac6921a8f0b97a8fc51,C0,0.6082049202559262,0.0005605524059200603,CBO,False,7fc9b6598f53b20cc42334cfb7c2402daff5198b2cc778931c766c4d4f7cce22,fine,120,MediatedChain,2012,114,0,MediatedChain-C0-CBO-seed2012,0,9.707221508026123
120,61b4757aedf08761a1b409a464abc581e58d3447b51f0ac6921a8f0b97a8fc51,C0,5.958490496207127,0.010454842946477604,CBO,False,13cd8eacec80b0b88c67c42a67baac2a0a4b776a8b0e69ab979efdeb1ad06c2a,fine,120,MediatedChain,2013,114,0,MediatedChain-C0-CBO-seed2013,0,10.923803806304932
120,61b4757aedf08761a1b409a464abc581e58d3447b51f0ac6921a8f0b97a8fc51,C0,5.1195242444874856,0.05325397638922678,CBO,False,49d33df540d8dd7fad8418770ad59c0c26e35289380e809a41d4a826a59dff11,fine,120,MediatedChain,2014,114,0,MediatedChain-C0-CBO-seed2014,0,10.571114301681519
120,61b4757aedf08761a1b409a464abc581e58d3447b51f0ac6921a8f0b97a8fc51,C0,0.7959140053350242,0.007296415421642319,CBO,False,8a42beeabeb4c59122f2055087f22cd26cd55e7029abb0cd07a0fed16af4022a,fine,120,MediatedChain,2015,114,0,MediatedChain-C0-CBO-seed2015,0,10.362263679504395
120,61b4757aedf08761a1b409a464abc581e58d3447b51f0ac6921a8f0b97a8fc51,C0,2.462621584491396,0.022827520920776882,CBO,False,196081d965e80db5f7788eb9b9112f96b9d32d06cbe41c0863f18394b428ba86,fine,120,MediatedChain,2016,114,0,MediatedChain-C0-CBO-seed2016,0,10.403988599777222
120,61b4757aedf08761a1b409a464abc581e58d3447b51f0ac6921a8f0b97a8fc51,C0,0.3710738709523707,0.0020160703125649687,CBO,False,53d5d13915c24314c038d8dcc791edd0d2dfee7343347fee3956a8c5f03ead5a,fine,120,MediatedChain,2017,114,0,MediatedChain-C0-CBO-seed2017,0,11.251542329788208
120,61b4757aedf08761a1b409a464abc581e58d3447b51f0ac6921a8f0b97a8fc51,C0,2.830475996544117,0.0253758824277864,CBO,False,1aeeea63cf52404f41b3993e74404fd666996a2ce366d03a3589c35a853b59c4,fine,120,MediatedChain,2018,114,0,MediatedChain-C0-CBO-seed2018,0,10.474481582641602
120,61b4757aedf08761a1b409a464abc581e58d3447b51f0ac6921a8f0b97a8fc51,C0,4.652005949090332,0.041449168504361124,CBO,False,e7642dc77d6c49e5c960e114770e5c2be83f50a7cf6924a64518ebe44d203f91,fine,120,MediatedChain,2019,114,0,MediatedChain-C0-CBO-seed2019,0,10.296700954437256
120,61b4757aedf08761a1b409a464abc581e58d3447b51f0ac6921a8f0b97a8fc51,C0,7.878668143351547,0.07730428950954882,CBO,False,2aafb6a501ffb06f3642dadd4077238c1bdb51f5c722091c55077b805a42526f,fine,120,MediatedChain,2020,114,0,MediatedChain-C0-CBO-seed2020,0,10.346140623092651
120,61b4757aedf08761a1b409a464abc581e58d3447b51f0ac6921a8f0b97a8fc51,C0,0.6778218174593024,0.008433260874710795,CBO,False,d0b0860b95304c8481030bab673f506457d0235e70559ff0a09f892f696967dc,fine,120,MediatedChain,2021,114,0,MediatedChain-C0-CBO-seed2021,0,10.911559104919434
120,61b4757aedf08761a1b409a464abc581e58d3447b51f0ac6921a8f0b97a8fc51,C0,0.6972281976633394,0.005099738589819498,CBO,False,3a17308f95e9cdd0c72756b695ed5f0a8a1ef9bec3e082e11867053f35948b42,fine,120,MediatedChain,2022,114,0,MediatedChain-C0-CBO-seed2022,0,10.36832594871521
120,61b4757aedf08761a1b409a464abc581e58d3447b51f0ac6921a8f0b97a8fc51,C0,1.42950526331983,0.0073813219305209135,CBO,False,5dab76ca469c530b3965847d1c53b699ff43f9c5d6e1b4f4d8d616205b8bbfa5,fine,120,MediatedChain,2023,114,0,MediatedChain-C0-CBO-seed2023,0,11.41665005683899
120,61b4757aedf08761a1b409a464abc581e58d3447b51f0ac6921a8f0b97a8fc51,C0,0.12950989915115518,0.0009400857052802997,CBO,False,384f9d90fe2e317cd41f8442b5ea313818c94cabde8222cde3efdb58ea1c269e,fine,120,MediatedChain,2024,114,0,MediatedChain-C0-CBO-seed2024,0,10.058663129806519
120,61b4757aedf08761a1b409a464abc581e58d3447b51f0ac6921a8f0b97a8fc51,C0,32.23212319286018,0.29195313425101577,CBO,False,d9e546f7b65784f476ca35af3a71cc2c7f04e9ba7e93bf84179a70b8fd19061b,fine,120,MediatedChain,2025,114,0,MediatedChain-C0-CBO-seed2025,0,9.910429000854492
120,61b4757aedf08761a1b409a464abc581e58d3447b51f0ac6921a8f0b97a8fc51,C0,6.577707277880305,0.051395894881358616,CBO,False,abecd0ab6d12c702ccafa1b0f62d783881bc41bf9698f5fdbbda883139e68085,fine,120,MediatedChain,2026,114,0,MediatedChain-C0-CBO-seed2026,0,10.156810283660889
120,61b4757aedf08761a1b409a464abc581e58d3447b51f0ac6921a8f0b97a8fc51,C0,16.488958772983885,0.14547446426830218,CBO,False,530092ed8ec0078bcddad7ad8cc0a2a77decfefeb0951864a49e5ac0364255e6,fine,120,MediatedChain,2027,114,0,MediatedChain-C0-CBO-seed2027,0,10.905992984771729
120,61b4757aedf08761a1b409a464abc581e58d3447b51f0ac6921a8f0b97a8fc51,C0,3.566398439422546,0.030556196896652378,CBO,False,4ca946f1c156e4fc0a0b212c1d3114202f02b98fe586a8eac0a578115caeebb6,fine,120,MediatedChain,2028,114,0,MediatedChain-C0-CBO-seed2028,0,11.372814655303955
120,61b4757aedf08761a1b409a464abc581e58d3447b51f0ac6921a8f0b97a8fc51,C0,0.5327523589160993,0.005256202322202488,CBO,False,792572c18ed4a5a96014194e8217e445b39a9bf3e941d605446e51e037257b99,fine,120,MediatedChain,2029,114,0,MediatedChain-C0-CBO-seed2029,0,10.158684253692627
120,61b4757aedf08761a1b409a464abc581e58d3447b51f0ac6921a8f0b97a8fc51,C0,301.4449699367024,2.6019243686064084,HQCBO,False,7bda23e27cd1e2eb01660fecf44bc6b848c3db27da9213da60a3473b22749b02,coarse,76,MediatedChain,2000,67,6,MediatedChain-C0-HQCBO-seed2000,0,5.446673154830933
120,61b4757aedf08761a1b409a464abc581e58d3447b51f0ac6921a8f0b97a8fc51,C0,80.36895800209187,0.00012853834574858697,HQCBO,False,b247f8ae170ee20addc209c9418b30a4fdb33a33a215282a8d8e4bff4642d35d,coarse,109,MediatedChain,2001,100,6,MediatedChain-C0-HQCBO-seed2001,0,7.791970252990723
120,61b4757aedf08761a1b409a464abc581e58d3447b51f0ac6921a8f0b97a8fc51,C0,45.11749211302671,0.03650055606467279,HQCBO,False,5e3180975c3bded8e1706a24db8c2a44dfc026abcd484201a8dfb801e00fa7b6,coarse,84,MediatedChain,2002,75,6,MediatedChain-C0-HQCBO-seed2002,0,5.862251043319702
120,61b4757aedf08761a1b409a464abc581e58d3447b51f0ac6921a8f0b97a8fc51,C0,321.9968266702962,2.7140548485260956,HQCBO,False,d039f18fd6a4e9b47d840900507e778bbaea23b3324b11955f3773c725fd9e0c,coarse,76,MediatedChain,2003,67,6,MediatedChain-C0-HQCBO-seed2003,0,5.57368278503418
120,61b4757aedf08761a1b409a464abc581e58d3447b51f0ac6921a8f0b97a8fc51,C0,128.23454511726013,0.011583112577605588,HQCBO,False,4d3b78a60f5109b0fc54bfd1ecb125f892ea6ae4ff03ac9c6f2374fa1266868d,coarse,82,MediatedChain,2004,73,6,MediatedChain-C0-HQCBO-seed2004,0,5.934696912765503
120,61b4757aedf08761a1b409a464abc581e58d3447b51f0ac6921a8f0b97a8fc51,C0,68.85010395167224,0.04601419176849592,HQCBO,False,a39603e206b659946c56260eeb53bd1402b8f8f63b9c6d4224f71ebf09cdafac,coarse,81,MediatedChain,2005,72,6,MediatedChain-C0-HQCBO-seed2005,0,5.64798378944397
120,61b4757aedf08761a1b409a464abc581e58d3447b51f0ac6921a8f0b97a8fc51,C0,83.37016241852831,0.0012098363318411368,HQCBO,False,4266e2290959461a2dc0d6cc8162fb8f63214a09946689fffcfbbaa2788fe911,coarse,77,MediatedChain,2006,68,6,MediatedChain-C0-HQCBO-seed2006,0,5.487532615661621
120,61b4757aedf08761a1b409a464abc581e58d3447b51f0ac6921a8f0b97a8fc51,C0,123.69628760063704,0.19667987865733863,HQCBO,False,e00fcd2c5395a6e9cb7da1cb5ee211a99838ff8d49100c8c3beef52f2612d200,coarse,76,MediatedChain,2007,67,6,MediatedChain-C0-HQCBO-seed2007,0,5.342694520950317
120,61b4757aedf08761a1b409a464abc581e58d3447b51f0ac6921a8f0b97a8fc51,C0,39.66243720191864,0.007837120098374985,HQCBO,False,3cd888c03e865c068cd4e04ba4d37b698a39b899bc5d6471dcf5ab28f8c2bc33,coarse,108,MediatedChain,2008,99,6,MediatedChain-C0-HQCBO-seed2008,0,6.843843936920166
120,61b4757aedf08761a1b409a464abc581e58d3447b51f0ac6921a8f0b97a8fc51,C0,124.3772139388993,0.03639231014175207,HQCBO,False,8190588dd404aa4e031c4fe9b29a24cf236c09af46e94ca70314d35cea350469,coarse,80,MediatedChain,2009,71,6,MediatedChain-C0-HQCBO-seed2009,0,5.556288480758667
120,61b4757aedf08761a1b409a464abc581e58d3447b51f0ac6921a8f0b97a8fc51,C0,32.24910513430898,0.006671413405454019,HQCBO,False,d58868d230865a460cb9fce396e53277437bbb94b8b73c13a5a48fd2822da188,coarse,92,MediatedChain,2010,83,6,MediatedChain-C0-HQCBO-seed2010,0,6.400189399719238
120,61b4757aedf08761a1b409a464abc581e58d3447b51f0ac6921a8f0b97a8fc51,C0,40.92125932853519,0.0010292907193455714,HQCBO,False,081dc8e2d2c6ebdf0fbfa13374f63340d686a35ea5fc23430268f764a89ea0f4,coarse,89,MediatedChain,2011,80,6,MediatedChain-C0-HQCBO-seed2011,0,6.16891074180603
120,61b4757aedf08761a1b409a464abc581e58d3447b51f0ac6921a8f0b97a8fc51,C0,430.9922387043973,4.0,HQCBO,False,7fc9b6598f53b20cc42334cfb7c2402daff5198b2cc778931c766c4d4f7cce22,coarse,76,MediatedChain,2012,67,6,MediatedChain-C0-HQCBO-seed2012,0,5.386955499649048
120,61b4757aedf08761a1b409a464abc581e58d3447b51f0ac6921a8f0b97a8fc51,C0,40.05831382841979,0.004629432610297982,HQCBO,False,13cd8eacec80b0b88c67c42a67baac2a0a4b776a8b0e69ab979efdeb1ad06c2a,coarse,79,MediatedChain,2013,70,6,MediatedChain-C0-HQCBO-seed2013,0,5.602766752243042
120,61b4757aedf08761a1b409a464abc581e58d3447b51f0ac6921a8f0b97a8fc51,C0,90.53052023085105,0.2522882633788119,HQCBO,False,49d33df540d8dd7fad8418770ad59c0c26e35289380e809a41d4a826a59dff11,coarse,88,MediatedChain,2014,79,6,MediatedChain-C0-HQCBO-seed2014,0,6.153269052505493
120,61b4757aedf08761a1b409a464abc581e58d3447b51f0ac6921a8f0b97a8fc51,C0,129.0915202583586,0.008374025484475446,HQCBO,False,8a42beeabeb4c59122f2055087f22cd26cd55e7029abb0cd07a0fed16af4022a,coarse,88,MediatedChain,2015,79,6,MediatedChain-C0-HQCBO-seed2015,0,6.049014568328857
120,61b4757aedf08761a1b409a464abc581e58d3447b51f0ac6921a8f0b97a8fc51,C0,91.35280207029885,0.07504034428622705,HQCBO,False,196081d965e80db5f7788eb9b9112f96b9d32d06cbe41c0863f18394b428ba86,coarse,77,MediatedChain,2016,68,6,MediatedChain-C0-HQCBO-seed2016,0,5.66243314743042
120,61b4757aedf08761a1b409a464abc581e58d3447b51f0ac6921a8f0b97a8fc51,C0,79.73855848324537,0.0017518392876560013,HQCBO,False,53d5d13915c24314c038d8dcc791edd0d2dfee7343347fee3956a8c5f03ead5a,coarse,80,MediatedChain,2017,71,6,MediatedChain-C0-HQCBO-seed2017,0,5.419419288635254
120,61b4757aedf08761a1b409a464abc581e58d3447b51f0ac6921a8f0b97a8fc51,C0,435.08,4.0,HQCBO,False,1aeeea63cf52404f41b3993e74404fd666996a2ce366d03a3589c35a853b59c4,coarse,102,MediatedChain,2018,93,6,MediatedChain-C0-HQCBO-seed2018,0,7.3006696701049805
120,61b4757aedf08761a1b409a464abc581e58d3447b51f0ac6921a8f0b97a8fc51,C0,118.81077438744285,0.14354602911515302,HQCBO,False,e7642dc77d6c49e5c960e114770e5c2be83f50a7cf6924a64518ebe44d203f91,coarse,79,MediatedChain,2019,70,6,MediatedChain-C0-HQCBO-seed2019,0,5.4390709400177
120,61b4757aedf08761a1b409a464abc581e58d3447b51f0ac6921a8f0b97a8fc51,C0,153.31697935188004,0.8675219927986649,HQCBO,False,2aafb6a501ffb06f3642dadd4077238c1bdb51f5c722091c55077b805a42526f,coarse,77,MediatedChain,2020,68,6,MediatedChain-C0-HQCBO-seed2020,0,5.44632887840271
120,61b4757aedf08761a1b409a464abc581e58d3447b51f0ac6921a8f0b97a8fc51,C0,38.054530473819995,0.0008820801988989532,HQCBO,False,d0b0860b95304c8481030bab673f506457d0235e70559ff0a09f892f696967dc,coarse,93,MediatedChain,2021,84,6,MediatedChain-C0-HQCBO-seed2021,0,6.044926643371582
120,61b4757aedf08761a1b409a464abc581e58d3447b51f0ac6921a8f0b97a8fc51,C0,99.2991178501909,0.020425971257011545,HQCBO,False,3a17308f95e9cdd0c72756b695ed5f0a8a1ef9bec3e082e11867053f35948b42,coarse,89,MediatedChain,2022,80,6,MediatedChain-C0-HQCBO-seed2022,0,6.120486259460449
120,61b4757aedf08761a1b409a464abc581e58d3447b51f0ac6921a8f0b97a8fc51,C0,66.12612188787051,0.05232568580947023,HQCBO,False,5dab76ca469c530b3965847d1c53b699ff43f9c5d6e1b4f4d8d616205b8bbfa5,coarse,82,MediatedChain,2023,73,6,MediatedChain-C0-HQCBO-seed2023,0,5.578038692474365
120,61b4757aedf08761a1b409a464abc581e58d3447b51f0ac6921a8f0b97a8fc51,C0,175.60841104955912,1.1770479461908558,HQCBO,False,384f9d90fe2e317cd41f8442b5ea313818c94cabde8222cde3efdb58ea1c269e,coarse,73,MediatedChain,2024,64,6,MediatedChain-C0-HQCBO-seed2024,0,5.2066731452941895
120,61b4757aedf08761a1b409a464abc581e58d3447b51f0ac6921a8f0b97a8fc51,C0,88.59970019250792,0.015503416841516168,HQCBO,False,d9e546f7b65784f476ca35af3a71cc2c7f04e9ba7e93bf84179a70b8fd19061b,coarse,86,MediatedChain,2025,77,6,MediatedChain-C0-HQCBO-seed2025,0,6.145320892333984
120,61b4757aedf08761a1b409a464abc581e58d3447b51f0ac6921a8f0b97a8fc51,C0,44.01547438317969,0.08375474383179687,HQCBO,False,abecd0ab6d12c702ccafa1b0f62d783881bc41bf9698f5fdbbda883139e68085,coarse,84,MediatedChain,2026,75,6,MediatedChain-C0-HQCBO-seed2026,0,5.759826183319092
120,61b4757aedf08761a1b409a464abc581e58d3447b51f0ac6921a8f0b97a8fc51,C0,434.7199999999999,4.0,HQCBO,False,530092ed8ec0078bcddad7ad8cc0a2a77decfefeb0951864a49e5ac0364255e6,coarse,78,MediatedChain,2027,69,6,MediatedChain-C0-HQCBO-seed2027,0,5.500114917755127
120,61b4757aedf08761a1b409a464abc581e58d3447b51f0ac6921a8f0b97a8fc51,C0,94.52666662850292,1.8999613320830333e-06,HQCBO,False,4ca946f1c156e4fc0a0b212c1d3114202f02b98fe586a8eac0a578115caeebb6,coarse,78,MediatedChain,2028,69,6,MediatedChain-C0-HQCBO-seed2028,0,5.477165937423706
120,61b4757aedf08761a1b409a464abc581e58d3447b51f0ac6921a8f0b97a8fc51,C0,47.520081587394124,0.11776221977195259,HQCBO,False,792572c18ed4a5a96014194e8217e445b39a9bf3e941d605446e51e037257b99,coarse,87,MediatedChain,2029,78,6,MediatedChain-C0-HQCBO-seed2029,0,5.52555513381958
120,61b4757aedf08761a1b409a464abc581e58d3447b51f0ac6921a8f0b97a8fc51,C0,431.9676919099758,3.96,QCBO,False,7bda23e27cd1e2eb01660fecf44bc6b848c3db27da9213da60a3473b22749b02,coarse,60,MediatedChain,2000,57,0,MediatedChain-C0-QCBO-seed2000,0,5.24580979347229
120,61b4757aedf08761a1b409a464abc581e58d3447b51f0ac6921a8f0b97a8fc51,C0,431.63999999999925,3.96,QCBO,False,b247f8ae170ee20addc209c9418b30a4fdb33a33a215282a8d8e4bff4642d35d,coarse,60,MediatedChain,2001,57,0,MediatedChain-C0-QCBO-seed2001,0,5.545415878295898
120,61b4757aedf08761a1b409a464abc581e58d3447b51f0ac6921a8f0b97a8fc51,C0,431.63999999999925,3.96,QCBO,False,5e3180975c3bded8e1706a24db8c2a44dfc026abcd484201a8dfb801e00fa7b6,coarse,60,MediatedChain,2002,57,0,MediatedChain-C0-QCBO-seed2002,0,5.264852046966553
120,61b4757aedf08761a1b409a464abc581e58d3447b51f0ac6921a8f0b97a8fc51,C0,431.63999999999925,3.96,QCBO,False,d039f18fd6a4e9b47d840900507e778bbaea23b3324b11955f3773c725fd9e0c,coarse,60,MediatedChain,2003,57,0,MediatedChain-C0-QCBO-seed2003,0,5.249294996261597
120,61b4757aedf08761a1b409a464abc581e58d3447b51f0ac6921a8f0b97a8fc51,C0,431.63999999999925,3.96,QCBO,False,4d3b78a60f5109b0fc54bfd1ecb125f892ea6ae4ff03ac9c6f2374fa1266868d,coarse,60,MediatedChain,2004,57,0,MediatedChain-C0-QCBO-seed2004,0,5.355353116989136
120,61b4757aedf08761a1b409a464abc581e58d3447b51f0ac6921a8f0b97a8fc51,C0,431.63999999999925,3.96,QCBO,False,a39603e206b659946c56260eeb53bd1402b8f8f63b9c6d4224f71ebf09cdafac,coarse,60,MediatedChain,2005,57,0,MediatedChain-C0-QCBO-seed2005,0,5.255274295806885
120,61b4757aedf08761a1b409a464abc581e58d3447b51f0ac6921a8f0b97a8fc51,C0,431.63999999999925,3.96,QCBO,False,4266e2290959461a2dc0d6cc8162fb8f63214a09946689fffcfbbaa2788fe911,coarse,60,MediatedChain,2006,57,0,MediatedChain-C0-QCBO-seed2006,0,5.218238353729248
120,61b4757aedf08761a1b409a464abc581e58d3447b51f0ac6921a8f0b97a8fc51,C0,431.63999999999925,3.96,QCBO,False,e00fcd2c5395a6e9cb7da1cb5ee211a99838ff8d49100c8c3beef52f2612d200,coarse,60,MediatedChain,2007,57,0,MediatedChain-C0-QCBO-seed2007,0,5.34586763381958
120,61b4757aedf08761a1b409a464abc581e58d3447b51f0ac6921a8f0b97a8fc51,C0,431.63999999999925,3.96,QCBO,False,3cd888c03e865c068cd4e04ba4d37b698a39b899bc5d6471dcf5ab28f8c2bc33,coarse,60,MediatedChain,2008,57,0,MediatedChain-C0-QCBO-seed2008,0,5.430520296096802
120,61b4757aedf08761a1b409a464abc581e58d3447b51f0ac6921a8f0b97a8fc51,C0,431.63999999999925,3.96,QCBO,False,8190588dd404aa4e031c4fe9b29a24cf236c09af46e94ca70314d35cea350469,coarse,60,MediatedChain,2009,57,0,MediatedChain-C0-QCBO-seed2009,0,4.811866283416748
120,61b4757aedf08761a1b409a464abc581e58d3447b51f0ac6921a8f0b97a8fc51,C0,431.63999999999925,3.96,QCBO,False,d58868d230865a460cb9fce396e53277437bbb94b8b73c13a5a48fd2822da188,coarse,60,MediatedChain,2010,57,0,MediatedChain-C0-QCBO-seed2010,0,4.895788192749023
120,61b4757aedf08761a1b409a464abc581e58d3447b51f0ac6921a8f0b97a8fc51,C0,431.63999999999925,3.96,QCBO,False,081dc8e2d2c6ebdf0fbfa13374f63340d686a35ea5fc23430268f764a89ea0f4,coarse,60,MediatedChain,2011,57,0,MediatedChain-C0-QCBO-seed2011,0,5.040068864822388
120,61b4757aedf08761a1b409a464abc581e58d3447b51f0ac6921a8f0b97a8fc51,C0,431.63999999999925,3.96,QCBO,False,7fc9b6598f53b20cc42334cfb7c2402daff5198b2cc778931c766c4d4f7cce22,coarse,60,MediatedChain,2012,57,0,MediatedChain-C0-QCBO-seed2012,0,5.2984559535980225
120,61b4757aedf08761a1b409a464abc581e58d3447b51f0ac6921a8f0b97a8fc51,C0,431.63999999999925,3.96,QCBO,False,13cd8eacec80b0b88c67c42a67baac2a0a4b776a8b0e69ab979efdeb1ad06c2a,coarse,60,MediatedChain,2013,57,0,MediatedChain-C0-QCBO-seed2013,0,5.2748448848724365
120,61b4757aedf08761a1b409a464abc581e58d3447b51f0ac6921a8f0b97a8fc51,C0,431.63999999999925,3.96,QCBO,False,49d33df540d8dd7fad8418770ad59c0c26e35289380e809a41d4a826a59dff11,coarse,60,MediatedChain,2014,57,0,MediatedChain-C0-QCBO-seed2014,0,5.373007297515869
120,61b4757aedf08761a1b409a464abc581e58d3447b51f0ac6921a8f0b97a8fc51,C0,431.63999999999925,3.96,QCBO,False,8a42beeabeb4c59122f2055087f22cd26cd55e7029abb0cd07a0fed16af4022a,coarse,60,MediatedChain,2015,57,0,MediatedChain-C0-QCBO-seed2015,0,4.966665506362915
120,61b4757aedf08761a1b409a464abc581e58d3447b51f0ac6921a8f0b97a8fc51,C0,431.63999999999925,3.96,QCBO,False,196081d965e80db5f7788eb9b9112f96b9d32d06cbe41c0863f18394b428ba86,coarse,60,MediatedChain,2016,57,0,MediatedChain-C0-QCBO-seed2016,0,5.166998386383057
120,61b4757aedf08761a1b409a464abc581e58d3447b51f0ac6921a8f0b97a8fc51,C0,431.63999999999925,3.96,QCBO,False,53d5d13915c24314c038d8dcc791edd0d2dfee7343347fee3956a8c5f03ead5a,coarse,60,MediatedChain,2017,57,0,MediatedChain-C0-QCBO-seed2017,0,5.445231199264526
120,61b4757aedf08761a1b409a464abc581e58d3447b51f0ac6921a8f0b97a8fc51,C0,431.63999999999925,3.96,QCBO,False,1aeeea63cf52404f41b3993e74404fd666996a2ce366d03a3589c35a853b59c4,coarse,60,MediatedChain,2018,57,0,MediatedChain-C0-QCBO-seed2018,0,5.374990463256836
120,61b4757aedf08761a1b409a464abc581e58d3447b51f0ac6921a8f0b97a8fc51,C0,431.63999999999925,3.96,QCBO,False,e7642dc77d6c49e5c960e114770e5c2be83f50a7cf6924a64518ebe44d203f91,coarse,60,MediatedChain,2019,57,0,MediatedChain-C0-QCBO-seed2019,0,5.386293888092041
120,61b4757aedf08761a1b409a464abc581e58d3447b51f0ac6921a8f0b97a8fc51,C0,431.63999999999925,3.96,QCBO,False,2aafb6a501ffb06f3642dadd4077238c1bdb51f5c722091c55077b805a42526f,coarse,60,MediatedChain,2020,57,0,MediatedChain-C0-QCBO-seed2020,0,5.214090585708618
120,61b4757aedf08761a1b409a464abc581e58d3447b51f0ac6921a8f0b97a8fc51,C0,431.63999999999925,3.96,QCBO,False,d0b0860b95304c8481030bab673f506457d0235e70559ff0a09f892f696967dc,coarse,60,MediatedChain,2021,57,0,MediatedChain-C0-QCBO-seed2021,0,5.300383567810059
120,61b4757aedf08761a1b409a464abc581e58d3447b51f0ac6921a8f0b97a8fc51,C0,431.63999999999925,3.96,QCBO,False,3a17308f95e9cdd0c72756b695ed5f0a8a1ef9bec3e082e11867053f35948b42,coarse,60,MediatedChain,2022,57,0,MediatedChain-C0-QCBO-seed2022,0,5.229019641876221
120,61b4757aedf08761a1b409a464abc581e58d3447b51f0ac6921a8f0b97a8fc51,C0,431.63999999999925,3.96,QCBO,False,5dab76ca469c530b3965847d1c53b699ff43f9c5d6e1b4f4d8d616205b8bbfa5,coarse,60,MediatedChain,2023,57,0,MediatedChain-C0-QCBO-seed2023,0,5.115392208099365
120,61b4757aedf08761a1b409a464abc581e58d3447b51f0ac6921a8f0b97a8fc51,C0,431.63999999999925,3.96,QCBO,False,384f9d90fe2e317cd41f8442b5ea313818c94cabde8222cde3efdb58ea1c269e,coarse,60,MediatedChain,2024,57,0,MediatedChain-C0-QCBO-seed2024,0,5.106508493423462
120,61b4757aedf08761a1b409a464abc581e58d3447b51f0ac6921a8f0b97a8fc51,C0,431.63999999999925,3.96,QCBO,False,d9e546f7b65784f476ca35af3a71cc2c7f04e9ba7e93bf84179a70b8fd19061b,coarse,60,MediatedChain,2025,57,0,MediatedChain-C0-QCBO-seed2025,0,5.308073997497559
120,61b4757aedf08761a1b409a464abc581e58d3447b51f0ac6921a8f0b97a8fc51,C0,431.63999999999925,3.96,QCBO,False,abecd0ab6d12c702ccafa1b0f62d783881bc41bf9698f5fdbbda883139e68085,coarse,60,MediatedChain,2026,57,0,MediatedChain-C0-QCBO-seed2026,0,4.876389265060425
120,61b4757aedf08761a1b409a464abc581e58d3447b51f0ac6921a8f0b97a8fc51,C0,431.63999999999925,3.96,QCBO,False,530092ed8ec0078bcddad7ad8cc0a2a77decfefeb0951864a49e5ac0364255e6,coarse,60,MediatedChain,2027,57,0,MediatedChain-C0-QCBO-seed2027,0,5.3284220695495605
120,61b4757aedf08761a1b409a464abc581e58d3447b51f0ac6921a8f0b97a8fc51,C0,431.63999999999925,3.96,QCBO,False,4ca946f1c156e4fc0a0b212c1d3114202f02b98fe586a8eac0a578115caeebb6,coarse,60,MediatedChain,2028,57,0,MediatedChain-C0-QCBO-seed2028,0,4.920348405838013
120,61b4757aedf08761a1b409a464abc581e58d3447b51f0ac6921a8f0b97a8fc51,C0,431.63999999999925,3.96,QCBO,False,792572c18ed4a5a96014194e8217e445b39a9bf3e941d605446e51e037257b99,coarse,60,MediatedChain,2029,57,0,MediatedChain-C0-QCBO-seed2029,0,5.1109089851379395
100,61b4757aedf08761a1b409a464abc581e58d3447b51f0ac6921a8f0b97a8fc51,A0,399.0049620769098,4.28524047397488,BO-S,False,7a0defd5b597ee35e79c55af9c0a5e19ab4265cff9488dce3e5305372db22c4f,fine,97,ParallelParent,2000,88,0,ParallelParent-A0-BO-S-seed2000,0,5.030662298202515
100,61b4757aedf08761a1b409a464abc581e58d3447b51f0ac6921a8f0b97a8fc51,A0,379.4709243960295,4.2637182516407774,BO-S,False,f369c7b8f34382c7592fd9ed05ea7303cd7e853b4b6585f2701caff723bf9132,fine,85,ParallelParent,2001,76,0,ParallelParent-A0-BO-S-seed2001,0,4.273816347122192
100,61b4757aedf08761a1b409a464abc581e58d3447b51f0ac6921a8f0b97a8fc51,A0,47.32276509690807,0.4171623969545594,BO-S,False,42cf44977ee968a11483b20844ce69cdb1f1108b78db595086f3e7002e858560,fine,89,ParallelParent,2002,80,0,ParallelParent-A0-BO-S-seed2002,0,4.442721843719482
100,61b4757aedf08761a1b409a464abc581e58d3447b51f0ac6921a8f0b97a8fc51,A0,469.1261762311685,5.25,BO-S,False,c72d7bba47d82e779a6c95395bc6cac77d02d42afb53a9abe1a1d991ef58f87b,fine,97,ParallelParent,2003,88,0,ParallelParent-A0-BO-S-seed2003,0,4.452635765075684
100,61b4757aedf08761a1b409a464abc581e58d3447b51f0ac6921a8f0b97a8fc51,A0,12.83828353893884,0.14425037684200925,BO-S,False,2ba1984d56ad67852fb01c9816920caf0ca0121be4e6d56f1675fb0dc3afdf28,fine,85,ParallelParent,2004,76,0,ParallelParent-A0-BO-S-seed2004,0,4.347280740737915
100,61b4757aedf08761a1b409a464abc581e58d3447b51f0ac6921a8f0b97a8fc51,A0,15.435983077880254,0.0064825260024318,BO-S,False,e7256e6565f433937c6ea4ce4bf1b54ae4133dc1f64e1e4c6985a9f751c39eb3,fine,75,ParallelParent,2005,66,0,ParallelParent-A0-BO-S-seed2005,0,4.1710591316223145
100,61b4757aedf08761a1b409a464abc581e58d3447b51f0ac6921a8f0b97a8fc51,A0,11.741329990909527,0.0034045880369070747,BO-S,False,f3b9aeb848736251425b09c83f63cf5df280972060ab9f194e8bee6862fc80eb,fine,87,ParallelParent,2006,78,0,ParallelParent-A0-BO-S-seed2006,0,4.511713027954102
100,61b4757aedf08761a1b409a464abc581e58d3447b51f0ac6921a8f0b97a8fc51,A0,18.489262036552887,2.0417245834059348e-05,BO-S,False,7b52bd928ef213c3db8a44b545f46b5f3d9c7e169d2ddc57661b7905b9a6cc2f,fine,61,ParallelParent,2007,52,0,ParallelParent-A0-BO-S-seed2007,0,4.00106143951416
100,61b4757aedf08761a1b409a464abc581e58d3447b51f0ac6921a8f0b97a8fc51,A0,428.70595358356616,4.296599898838648,BO-S,False,5d32664590c287d5352720352c7a3f743f4b68f8b51de03be8ccd86adbaa943f,fine,97,ParallelParent,2008,88,0,ParallelParent-A0-BO-S-seed2008,0,4.523851156234741
100,61b4757aedf08761a1b409a464abc581e58d3447b51f0ac6921a8f0b97a8fc51,A0,222.4500289733175,4.268659817614321,BO-S,False,2470226be6afd75d23fddc1dba9f1f8af4bd48dc413e2a77b55bcfd0eecac774,fine,87,ParallelParent,2009,78,0,ParallelParent-A0-BO-S-seed2009,0,4.452229261398315
100,61b4757aedf08761a1b409a464abc581e58d3447b51f0ac6921a8f0b97a8fc51,A0,51.48267603241588,0.003178352030598574,BO-S,False,dbe09477d039e4ae1fc6a46791e06408f631195cb2cfc9bfe018723c92cd7939,fine,77,ParallelParent,2010,68,0,ParallelParent-A0-BO-S-seed2010,0,4.337339878082275
100,61b4757aedf08761a1b409a464abc581e58d3447b51f0ac6921a8f0b97a8fc51,A0,49.50438394567898,0.012584966162303656,BO-S,False,f4d983c534edd691d8177699e30c606f82e0719f23e3cf937d7eb8da9c6c0b08,fine,79,ParallelParent,2011,70,0,ParallelParent-A0-BO-S-seed2011,0,4.42204737663269
100,61b4757aedf08761a1b409a464abc581e58d3447b51f0ac6921a8f0b97a8fc51,A0,350.24281710859015,4.271110536706106,BO-S,False,3a81a6df0e9657a8631e9c82723a8f5e7bc438d6704769206f0c7de3a5412e12,fine,90,ParallelParent,2012,81,0,ParallelParent-A0-BO-S-seed2012,0,4.481581926345825
100,61b4757aedf08761a1b409a464abc581e58d3447b51f0ac6921a8f0b97a8fc51,A0,14.401130824341884,0.01622159972084633,BO-S,False,153630842031fdb26c0cedea5392b1df7149b197e5da9b884c242990265c52e5,fine,82,ParallelParent,2013,73,0,ParallelParent-A0-BO-S-seed2013,0,4.469472408294678
100,61b4757aedf08761a1b409a464abc581e58d3447b51f0ac6921a8f0b97a8fc51,A0,48.89920332590869,0.053602298938702546,BO-S,False,76fa4103d760f5b5dde1c338e3ae99ff7ae2775382f1a09e74bd9333cf18a234,fine,81,ParallelParent,2014,72,0,ParallelParent-A0-BO-S-seed2014,0,4.567377805709839
100,61b4757aedf08761a1b409a464abc581e58d3447b51f0ac6921a8f0b97a8fc51,A0,247.83165882792852,0.029362055426042775,BO-S,False,a75f56c42987308d7a7df50b44da64bd7345c1b4d34fb25864951b710e706ed0,fine,88,ParallelParent,2015,79,0,ParallelParent-A0-BO-S-seed2015,0,4.931646347045898
100,61b4757aedf08761a1b409a464abc581e58d3447b51f0ac6921a8f0b97a8fc51,A0,34.734866086767376,0.000730729951037603,BO-S,False,9add7bb4b9e3d963ad0e97f0058cdb8cb1fa8b3098252abe8fb26b4b7b253d5d,fine,68,ParallelParent,2016,59,0,ParallelParent-A0-BO-S-seed2016,0,4.244450807571411
100,61b4757aedf08761a1b409a464abc581e58d3447b51f0ac6921a8f0b97a8fc51,A0,6.055932686516537,0.000342518877674547,BO-S,False,a6e71d670db49b39583a8bfe5ef88a5bc6df2ab62acf05030426d12e71cc18c7,fine,82,ParallelParent,2017,73,0,ParallelParent-A0-BO-S-seed2017,0,4.679307699203491
100,61b4757aedf08761a1b409a464abc581e58d3447b51f0ac6921a8f0b97a8fc51,A0,292.56321400246946,0.0018865280917578237,BO-S,False,49ca3fa6d1166d561e782b7a1db619288576fa0552dbf447ff5cdd483ba95456,fine,78,ParallelParent,2018,69,0,ParallelParent-A0-BO-S-seed2018,0,4.0981667041778564
100,61b4757aedf08761a1b409a464abc581e58d3447b51f0ac6921a8f0b97a8fc51,A0,48.611162981753964,0.00037785421699198087,BO-S,False,5407ff4fe9a4551d7234482eca4686c28e931bc3a4fbbbc826820028c6fbfece,fine,81,ParallelParent,2019,72,0,ParallelParent-A0-BO-S-seed2019,0,4.40110445022583
100,61b4757aedf08761a1b409a464abc581e58d3447b51f0ac6921a8f0b97a8fc51,A0,32.21917176399059,0.002826188211185147,BO-S,False,38fa8ce80321995c838b36a965fdb5bd04e7eba963e617de1ca54181fb35aff0,fine,77,ParallelParent,2020,68,0,ParallelParent-A0-BO-S-seed2020,0,4.011476516723633
100,61b4757aedf08761a1b409a464abc581e58d3447b51f0ac6921a8f0b97a8fc51,A0,66.71208702127889,0.009495416444376164,BO-S,False,c480a2481946ae2f46196a146e3f50ee3b5c31a102357e21329b0be355df2c41,fine,82,ParallelParent,2021,73,0,ParallelParent-A0-BO-S-seed2021,0,4.5181989669799805
100,61b4757aedf08761a1b409a464abc581e58d3447b51f0ac6921a8f0b97a8fc51,A0,17.04540283679762,0.1915213801887372,BO-S,False,82bb0a8098efbb3f87070ea6afc27a3384b295657875acf5024c41011e749c85,fine,88,ParallelParent,2022,79,0,ParallelParent-A0-BO-S-seed2022,0,4.414346933364868
100,61b4757aedf08761a1b409a464abc581e58d3447b51f0ac6921a8f0b97a8fc51,A0,103.91243486765103,0.37779451872930414,BO-S,False,7a8f3db64d99c7eddfdf7773938b00d1ff9057b0dd0865fcaa0d5bfe49f006a1,fine,86,ParallelParent,2023,77,0,ParallelParent-A0-BO-S-seed2023,0,4.278858661651611
100,61b4757aedf08761a1b409a464abc581e58d3447b51f0ac6921a8f0b97a8fc51,A0,45.839373484369574,0.0026618590711046525,BO-S,False,9b08074dcbc0c61d5c9c91c298fb7a4fe7fe51f4a408b5bd8968790c60ae2e6f,fine,72,ParallelParent,2024,63,0,ParallelParent-A0-BO-S-seed2024,0,4.065861463546753
100,61b4757aedf08761a1b409a464abc581e58d3447b51f0ac6921a8f0b97a8fc51,A0,10.611095848773667,0.1192257960536365,BO-S,False,be7305af6d5dab873506a24d75bf874a046c07c146e3c220ed220999132e59f0,fine,89,ParallelParent,2025,80,0,ParallelParent-A0-BO-S-seed2025,0,4.649925470352173
100,61b4757aedf08761a1b409a464abc581e58d3447b51f0ac6921a8f0b97a8fc51,A0,45.3834892911113,0.012791638005824304,BO-S,False,f5fb81043346705655521f9d9f92e938d6d5d646b2e60554cc53484543110425,fine,85,ParallelParent,2026,76,0,ParallelParent-A0-BO-S-seed2026,0,4.575865268707275
100,61b4757aedf08761a1b409a464abc581e58d3447b51f0ac6921a8f0b97a8fc51,A0,29.526319652143155,0.046618698666253365,BO-S,False,f69b74d40e544d036bd3994bb9391c5f26407a4aec260b5e89a3930c78ea25ba,fine,87,ParallelParent,2027,78,0,ParallelParent-A0-BO-S-seed2027,0,4.614902019500732
100,61b4757aedf08761a1b409a464abc581e58d3447b51f0ac6921a8f0b97a8fc51,A0,15.304180910617598,0.004671648867469036,BO-S,False,5ccab5f74bba002e2f4032f2b2ac57db1fa99c53902615232e2a77396b8f5fc8,fine,86,ParallelParent,2028,77,0,ParallelParent-A0-BO-S-seed2028,0,4.616631984710693
100,61b4757aedf08761a1b409a464abc581e58d3447b51f0ac6921a8f0b97a8fc51,A0,394.69610747063126,4.456641012310183,BO-S,False,47567c338bbb13574627538971d9c278ab045d07832bb4ec015cfa33f42d8762,fine,95,ParallelParent,2029,86,0,ParallelParent-A0-BO-S-seed2029,0,4.792615652084351
100,61b4757aedf08761a1b409a464abc581e58d3447b51f0ac6921a8f0b97a8fc51,A0,109.72684269931491,1.0530920464949693,BO,False,7a0defd5b597ee35e79c55af9c0a5e19ab4265cff9488dce3e5305372db22c4f,fine,50,ParallelParent,2000,47,0,ParallelParent-A0-BO-seed2000,0,2.2977170944213867
100,61b4757aedf08761a1b409a464abc581e58d3447b51f0ac6921a8f0b97a8fc51,A0,109.91540918692749,1.1347003203807875,BO,False,f369c7b8f34382c7592fd9ed05ea7303cd7e853b4b6585f2701caff723bf9132,fine,50,ParallelParent,2001,47,0,ParallelParent-A0-BO-seed2001,0,2.259681463241577
100,61b4757aedf08761a1b409a464abc581e58d3447b51f0ac6921a8f0b97a8fc51,A0,107.69584036117334,1.1766763845527803,BO,False,42cf44977ee968a11483b20844ce69cdb1f1108b78db595086f3e7002e858560,fine,50,ParallelParent,2002,47,0,ParallelParent-A0-BO-seed2002,0,2.243396520614624
100,61b4757aedf08761a1b409a464abc581e58d3447b51f0ac6921a8f0b97a8fc51,A0,98.54870914113917,0.9267161062584923,BO,False,c72d7bba47d82e779a6c95395bc6cac77d02d42afb53a9abe1a1d991ef58f87b,fine,50,ParallelParent,2003,47,0,ParallelParent-A0-BO-seed2003,0,2.2675018310546875
100,61b4757aedf08761a1b409a464abc581e58d3447b51f0ac6921a8f0b97a8fc51,A0,12.83828353893884,0.14425037684200925,BO,False,2ba1984d56ad67852fb01c9816920caf0ca0121be4e6d56f1675fb0dc3afdf28,fine,50,ParallelParent,2004,47,0,ParallelParent-A0-BO-seed2004,0,2.5197112560272217
100,61b4757aedf08761a1b409a464abc581e58d3447b51f0ac6921a8f0b97a8fc51,A0,41.903644985031534,0.47082747174192796,BO,False,e7256e6565f433937c6ea4ce4bf1b54ae4133dc1f64e1e4c6985a9f751c39eb3,fine,50,ParallelParent,2005,47,0,ParallelParent-A0-BO-seed2005,0,2.306030750274658
100,61b4757aedf08761a1b409a464abc581e58d3447b51f0ac6921a8f0b97a8fc51,A0,35.406823071512505,0.3978294727136229,BO,False,f3b9aeb848736251425b09c83f63cf5df280972060ab9f194e8bee6862fc80eb,fine,50,ParallelParent,2006,47,0,ParallelParent-A0-BO-seed2006,0,2.237560987472534
100,61b4757aedf08761a1b409a464abc581e58d3447b51f0ac6921a8f0b97a8fc51,A0,58.3232776490348,0.6553177263936503,BO,False,7b52bd928ef213c3db8a44b545f46b5f3d9c7e169d2ddc57661b7905b9a6cc2f,fine,50,ParallelParent,2007,47,0,ParallelParent-A0-BO-seed2007,0,2.7166671752929688
100,61b4757aedf08761a1b409a464abc581e58d3447b51f0ac6921a8f0b97a8fc51,A0,100.35539321595473,1.0244425462927937,BO,False,5d32664590c287d5352720352c7a3f743f4b68f8b51de03be8ccd86adbaa943f,fine,50,ParallelParent,2008,47,0,ParallelParent-A0-BO-seed2008,0,2.409201145172119
100,61b4757aedf08761a1b409a464abc581e58d3447b51f0ac6921a8f0b97a8fc51,A0,61.410682024543235,0.6900076631971157,BO,False,2470226be6afd75d23fddc1dba9f1f8af4bd48dc413e2a77b55bcfd0eecac774,fine,50,ParallelParent,2009,47,0,ParallelParent-A0-BO-seed2009,0,2.4657142162323
100,61b4757aedf08761a1b409a464abc581e58d3447b51f0ac6921a8f0b97a8fc51,A0,178.0,2.0,BO,False,dbe09477d039e4ae1fc6a46791e06408f631195cb2cfc9bfe018723c92cd7939,fine,50,ParallelParent,2010,47,0,ParallelParent-A0-BO-seed2010,0,2.6781201362609863
100,61b4757aedf08761a1b409a464abc581e58d3447b51f0ac6921a8f0b97a8fc51,A0,99.67217131914956,1.1025834960581973,BO,False,f4d983c534edd691d8177699e30c606f82e0719f23e3cf937d7eb8da9c6c0b08,fine,50,ParallelParent,2011,47,0,ParallelParent-A0-BO-seed2011,0,2.3245818614959717
100,61b4757aedf08761a1b409a464abc581e58d3447b51f0ac6921a8f0b97a8fc51,A0,178.0,2.0,BO,False,3a81a6df0e9657a8631e9c82723a8f5e7bc438d6704769206f0c7de3a5412e12,fine,50,ParallelParent,2012,47,0,ParallelParent-A0-BO-seed2012,0,2.528362512588501
100,61b4757aedf08761a1b409a464abc581e58d3447b51f0ac6921a8f0b97a8fc51,A0,45.57621805568996,0.5120923377043827,BO,False,153630842031fdb26c0cedea5392b1df7149b197e5da9b884c242990265c52e5,fine,50,ParallelParent,2013,47,0,ParallelParent-A0-BO-seed2013,0,2.6490535736083984
100,61b4757aedf08761a1b409a464abc581e58d3447b51f0ac6921a8f0b97a8fc51,A0,82.78884675691123,0.9302117613136085,BO,False,76fa4103d760f5b5dde1c338e3ae99ff7ae2775382f1a09e74bd9333cf18a234,fine,50,ParallelParent,2014,47,0,ParallelParent-A0-BO-seed2014,0,2.3931026458740234
100,61b4757aedf08761a1b409a464abc581e58d3447b51f0ac6921a8f0b97a8fc51,A0,19.237086712674294,0.005000706896889047,BO,False,a75f56c42987308d7a7df50b44da64bd7345c1b4d34fb25864951b710e706ed0,fine,50,ParallelParent,2015,47,0,ParallelParent-A0-BO-seed2015,0,2.525226354598999
100,61b4757aedf08761a1b409a464abc581e58d3447b51f0ac6921a8f0b97a8fc51,A0,118.75659602572541,1.3892750831576246,BO,False,9add7bb4b9e3d963ad0e97f0058cdb8cb1fa8b3098252abe8fb26b4b7b253d5d,fine,50,ParallelParent,2016,47,0,ParallelParent-A0-BO-seed2016,0,2.3097667694091797
100,61b4757aedf08761a1b409a464abc581e58d3447b51f0ac6921a8f0b97a8fc51,A0,2.090820565576332,0.0003740511185054522,BO,False,a6e71d670db49b39583a8bfe5ef88a5bc6df2ab62acf05030426d12e71cc18c7,fine,50,ParallelParent,2017,47,0,ParallelParent-A0-BO-seed2017,0,2.5105109214782715
100,61b4757aedf08761a1b409a464abc581e58d3447b51f0ac6921a8f0b97a8fc51,A0,97.07515139224157,1.0907320381150722,BO,False,49ca3fa6d1166d561e782b7a1db619288576fa0552dbf447ff5cdd483ba95456,fine,50,ParallelParent,2018,47,0,ParallelParent-A0-BO-seed2018,0,2.344005584716797
100,61b4757aedf08761a1b409a464abc581e58d3447b51f0ac6921a8f0b97a8fc51,A0,97.7967628136121,1.0425379410994249,BO,False,5407ff4fe9a4551d7234482eca4686c28e931bc3a4fbbbc826820028c6fbfece,fine,50,ParallelParent,2019,47,0,ParallelParent-A0-BO-seed2019,0,2.384629964828491
100,61b4757aedf08761a1b409a464abc581e58d3447b51f0ac6921a8f0b97a8fc51,A0,99.34627290823006,1.1162502573958424,BO,False,38fa8ce80321995c838b36a965fdb5bd04e7eba963e617de1ca54181fb35aff0,fine,50,ParallelParent,2020,47,0,ParallelParent-A0-BO-seed2020,0,2.5942866802215576
100,61b4757aedf08761a1b409a464abc581e58d3447b51f0ac6921a8f0b97a8fc51,A0,178.0,2.0,BO,False,c480a2481946ae2f46196a146e3f50ee3b5c31a102357e21329b0be355df2c41,fine,50,ParallelParent,2021,47,0,ParallelParent-A0-BO-seed2021,0,2.67732834815979
100,61b4757aedf08761a1b409a464abc581e58d3447b51f0ac6921a8f0b97a8fc51,A0,6.7770348615466025,0.05085880518529867,BO,False,82bb0a8098efbb3f87070ea6afc27a3384b295657875acf5024c41011e749c85,fine,50,ParallelParent,2022,47,0,ParallelParent-A0-BO-seed2022,0,2.48305606842041
100,61b4757aedf08761a1b409a464abc581e58d3447b51f0ac6921a8f0b97a8fc51,A0,178.0,2.0,BO,False,7a8f3db64d99c7eddfdf7773938b00d1ff9057b0dd0865fcaa0d5bfe49f006a1,fine,50,ParallelParent,2023,47,0,ParallelParent-A0-BO-seed2023,0,2.6063060760498047
100,61b4757aedf08761a1b409a464abc581e58d3447b51f0ac6921a8f0b97a8fc51,A0,101.18850483766221,1.1308836518053877,BO,False,9b08074dcbc0c61d5c9c91c298fb7a4fe7fe51f4a408b5bd8968790c60ae2e6f,fine,50,ParallelParent,2024,47,0,ParallelParent-A0-BO-seed2024,0,2.4878318309783936
100,61b4757aedf08761a1b409a464abc581e58d3447b51f0ac6921a8f0b97a8fc51,A0,10.611095848773667,0.1192257960536365,BO,False,be7305af6d5dab873506a24d75bf874a046c07c146e3c220ed220999132e59f0,fine,50,ParallelParent,2025,47,0,ParallelParent-A0-BO-seed2025,0,2.601304054260254
100,61b4757aedf08761a1b409a464abc581e58d3447b51f0ac6921a8f0b97a8fc51,A0,182.2271381401836,2.0,BO,False,f5fb81043346705655521f9d9f92e938d6d5d646b2e60554cc53484543110425,fine,50,ParallelParent,2026,47,0,ParallelParent-A0-BO-seed2026,0,2.5334556102752686
100,61b4757aedf08761a1b409a464abc581e58d3447b51f0ac6921a8f0b97a8fc51,A0,103.99210615294226,1.2151215266229638,BO,False,f69b74d40e544d036bd3994bb9391c5f26407a4aec260b5e89a3930c78ea25ba,fine,50,ParallelParent,2027,47,0,ParallelParent-A0-BO-seed2027,0,2.344493865966797
100,61b4757aedf08761a1b409a464abc581e58d3447b51f0ac6921a8f0b97a8fc51,A0,83.23252489706393,0.9351969089557756,BO,False,5ccab5f74bba002e2f4032f2b2ac57db1fa99c53902615232e2a77396b8f5fc8,fine,50,ParallelParent,2028,47,0,ParallelParent-A0-BO-seed2028,0,2.357916831970215
100,61b4757aedf08761a1b409a464abc581e58d3447b51f0ac6921a8f0b97a8fc51,A0,204.0,2.0,BO,False,47567c338bbb13574627538971d9c278ab045d07832bb4ec015cfa33f42d8762,fine,50,ParallelParent,2029,47,0,ParallelParent-A0-BO-seed2029,0,2.633436679840088
100,61b4757aedf08761a1b409a464abc581e58d3447b51f0ac6921a8f0b97a8fc51,A0,399.0049620769098,4.28524047397488,CBO-NP,False,7a0defd5b597ee35e79c55af9c0a5e19ab4265cff9488dce3e5305372db22c4f,fine,97,ParallelParent,2000,88,0,ParallelParent-A0-CBO-NP-seed2000,0,4.928996801376343
100,61b4757aedf08761a1b409a464abc581e58d3447b51f0ac6921a8f0b97a8fc51,A0,379.4709243960295,4.2637182516407774,CBO-NP,False,f369c7b8f34382c7592fd9ed05ea7303cd7e853b4b6585f2701caff723bf9132,fine,85,ParallelParent,2001,76,0,ParallelParent-A0-CBO-NP-seed2001,0,4.344906568527222
100,61b4757aedf08761a1b409a464abc581e58d3447b51f0ac6921a8f0b97a8fc51,A0,47.32276509690807,0.4171623969545594,CBO-NP,False,42cf44977ee968a11483b20844ce69cdb1f1108b78db595086f3e7002e858560,fine,89,ParallelParent,2002,80,0,ParallelParent-A0-CBO-NP-seed2002,0,4.532610177993774
100,61b4757aedf08761a1b409a464abc581e58d3447b51f0ac6921a8f0b97a8fc51,A0,469.1261762311685,5.25,CBO-NP,False,c72d7bba47d82e779a6c95395bc6cac77d02d42afb53a9abe1a1d991ef58f87b,fine,97,ParallelParent,2003,88,0,ParallelParent-A0-CBO-NP-seed2003,0,4.4572014808654785
100,61b4757aedf08761a1b409a464abc581e58d3447b51f0ac6921a8f0b97a8fc51,A0,12.83828353893884,0.14425037684200925,CBO-NP,False,2ba1984d56ad67852fb01c9816920caf0ca0121be4e6d56f1675fb0dc3afdf28,fine,85,ParallelParent,2004,76,0,ParallelParent-A0-CBO-NP-seed2004,0,4.288985013961792
100,61b4757aedf08761a1b409a464abc581e58d3447b51f0ac6921a8f0b97a8fc51,A0,15.435983077880254,0.0064825260024318,CBO-NP,False,e7256e6565f433937c6ea4ce4bf1b54ae4133dc1f64e1e4c6985a9f751c39eb3,fine,75,ParallelParent,2005,66,0,ParallelParent-A0-CBO-NP-seed2005,0,4.366433620452881
100,61b4757aedf08761a1b409a464abc581e58d3447b51f0ac6921a8f0b97a8fc51,A0,11.741329990909527,0.0034045880369070747,CBO-NP,False,f3b9aeb848736251425b09c83f63cf5df280972060ab9f194e8bee6862fc80eb,fine,87,ParallelParent,2006,78,0,ParallelParent-A0-CBO-NP-seed2006,0,4.455589056015015
100,61b4757aedf08761a1b409a464abc581e58d3447b51f0ac6921a8f0b97a8fc51,A0,18.489262036552887,2.0417245834059348e-05,CBO-NP,False,7b52bd928ef213c3db8a44b545f46b5f3d9c7e169d2ddc57661b7905b9a6cc2f,fine,61,ParallelParent,2007,52,0,ParallelParent-A0-CBO-NP-seed2007,0,3.998833656311035
100,61b4757aedf08761a1b409a464abc581e58d3447b51f0ac6921a8f0b97a8fc51,A0,428.70595358356616,4.296599898838648,CBO-NP,False,5d32664590c287d5352720352c7a3f743f4b68f8b51de03be8ccd86adbaa943f,fine,97,ParallelParent,2008,88,0,ParallelParent-A0-CBO-NP-seed2008,0,4.616398811340332
100,61b4757aedf08761a1b409a464abc581e58d3447b51f0ac6921a8f0b97a8fc51,A0,222.4500289733175,4.268659817614321,CBO-NP,False,2470226be6afd75d23fddc1dba9f1f8af4bd48dc413e2a77b55bcfd0eecac774,fine,87,ParallelParent,2009,78,0,ParallelParent-A0-CBO-NP-seed2009,0,4.4601500034332275
100,61b4757aedf08761a1b409a464abc581e58d3447b51f0ac6921a8f0b97a8fc51,A0,51.48267603241588,0.003178352030598574,CBO-NP,False,dbe09477d039e4ae1fc6a46791e06408f631195cb2cfc9bfe018723c92cd7939,fine,77,ParallelParent,2010,68,0,ParallelParent-A0-CBO-NP-seed2010,0,4.216673135757446
100,61b4757aedf08761a1b409a464abc581e58d3447b51f0ac6921a8f0b97a8fc51,A0,49.50438394567898,0.012584966162303656,CBO-NP,False,f4d983c534edd691d8177699e30c606f82e0719f23e3cf937d7eb8da9c6c0b08,fine,79,ParallelParent,2011,70,0,ParallelParent-A0-CBO-NP-seed2011,0,4.608031749725342
100,61b4757aedf08761a1b409a464abc581e58d3447b51f0ac6921a8f0b97a8fc51,A0,350.24281710859015,4.271110536706106,CBO-NP,False,3a81a6df0e9657a8631e9c82723a8f5e7bc438d6704769206f0c7de3a5412e12,fine,90,ParallelParent,2012,81,0,ParallelParent-A0-CBO-NP-seed2012,0,4.459717512130737
100,61b4757aedf08761a1b409a464abc581e58d3447b51f0ac6921a8f0b97a8fc51,A0,14.401130824341884,0.01622159972084633,CBO-NP,False,153630842031fdb26c0cedea5392b1df7149b197e5da9b884c242990265c52e5,fine,82,ParallelParent,2013,73,0,ParallelParent-A0-CBO-NP-seed2013,0,4.502350091934204
100,61b4757aedf08761a1b409a464abc581e58d3447b51f0ac6921a8f0b97a8fc51,A0,48.89920332590869,0.053602298938702546,CBO-NP,False,76fa4103d760f5b5dde1c338e3ae99ff7ae2775382f1a09e74bd9333cf18a234,fine,81,ParallelParent,2014,72,0,ParallelParent-A0-CBO-NP-seed2014,0,4.471679449081421
100,61b4757aedf08761a1b409a464abc581e58d3447b51f0ac6921a8f0b97a8fc51,A0,247.83165882792852,0.029362055426042775,CBO-NP,False,a75f56c42987308d7a7df50b44da64bd7345c1b4d34fb25864951b710e706ed0,fine,88,ParallelParent,2015,79,0,ParallelParent-A0-CBO-NP-seed2015,0,4.714988708496094
100,61b4757aedf08761a1b409a464abc581e58d3447b51f0ac6921a8f0b97a8fc51,A0,34.734866086767376,0.000730729951037603,CBO-NP,False,9add7bb4b9e3d963ad0e97f0058cdb8cb1fa8b3098252abe8fb26b4b7b253d5d,fine,68,ParallelParent,2016,59,0,ParallelParent-A0-CBO-NP-seed2016,0,4.229162931442261
100,61b4757aedf08761a1b409a464abc581e58d3447b51f0ac6921a8f0b97a8fc51,A0,6.055932686516537,0.000342518877674547,CBO-NP,False,a6e71d670db49b39583a8bfe5ef88a5bc6df2ab62acf05030426d12e71cc18c7,fine,82,ParallelParent,2017,73,0,ParallelParent-A0-CBO-NP-seed2017,0,4.576881408691406
100,61b4757aedf08761a1b409a464abc581e58d3447b51f0ac6921a8f0b97a8fc51,A0,292.56321400246946,0.0018865280917578237,CBO-NP,False,49ca3fa6d1166d561e782b7a1db619288576fa0552dbf447ff5cdd483ba95456,fine,78,ParallelParent,2018,69,0,ParallelParent-A0-CBO-NP-seed2018,0,4.273452520370483
100,61b4757aedf08761a1b409a464abc581e58d3447b51f0ac6921a8f0b97a8fc51,A0,48.611162981753964,0.00037785421699198087,CBO-NP,False,5407ff4fe9a4551d7234482eca4686c28e931bc3a4fbbbc826820028c6fbfece,fine,81,ParallelParent,2019,72,0,ParallelParent-A0-CBO-NP-seed2019,0,4.284079313278198
100,61b4757aedf08761a1b409a464abc581e58d3447b51f0ac6921a8f0b97a8fc51,A0,32.21917176399059,0.002826188211185147,CBO-NP,False,38fa8ce80321995c838b36a965fdb5bd04e7eba963e617de1ca54181fb35aff0,fine,77,ParallelParent,2020,68,0,ParallelParent-A0-CBO-NP-seed2020,0,4.14421534538269
100,61b4757aedf08761a1b409a464abc581e58d3447b51f0ac6921a8f0b97a8fc51,A0,66.71208702127889,0.009495416444376164,CBO-NP,False,c480a2481946ae2f46196a146e3f50ee3b5c31a102357e21329b0be355df2c41,fine,82,ParallelParent,2021,73,0,ParallelParent-A0-CBO-NP-seed2021,0,4.431392431259155
100,61b4757aedf08761a1b409a464abc581e58d3447b51f0ac6921a8f0b97a8fc51,A0,17.04540283679762,0.1915213801887372,CBO-NP,False,82bb0a8098efbb3f87070ea6afc27a3384b295657875acf5024c41011e749c85,fine,88,ParallelParent,2022,79,0,ParallelParent-A0-CBO-NP-seed2022,0,4.416385173797607
100,61b4757aedf08761a1b409a464abc581e58d3447b51f0ac6921a8f0b97a8fc51,A0,103.91243486765103,0.37779451872930414,CBO-NP,False,7a8f3db64d99c7eddfdf7773938b00d1ff9057b0dd0865fcaa0d5bfe49f006a1,fine,86,ParallelParent,2023,77,0,ParallelParent-A0-CBO-NP-seed2023,0,4.322896957397461
100,61b4757aedf08761a1b409a464abc581e58d3447b51f0ac6921a8f0b97a8fc51,A0,45.839373484369574,0.0026618590711046525,CBO-NP,False,9b08074dcbc0c61d5c9c91c298fb7a4fe7fe51f4a408b5bd8968790c60ae2e6f,fine,72,ParallelParent,2024,63,0,ParallelParent-A0-CBO-NP-seed2024,0,4.161874055862427
100,61b4757aedf08761a1b409a464abc581e58d3447b51f0ac6921a8f0b97a8fc51,A0,10.611095848773667,0.1192257960536365,CBO-NP,False,be7305af6d5dab873506a24d75bf874a046c07c146e3c220ed220999132e59f0,fine,89,ParallelParent,2025,80,0,ParallelParent-A0-CBO-NP-seed2025,0,4.601667642593384
100,61b4757aedf08761a1b409a464abc581e58d3447b51f0ac6921a8f0b97a8fc51,A0,45.3834892911113,0.012791638005824304,CBO-NP,False,f5fb81043346705655521f9d9f92e938d6d5d646b2e60554cc53484543110425,fine,85,ParallelParent,2026,76,0,ParallelParent-A0-CBO-NP-seed2026,0,4.559305429458618
100,61b4757aedf08761a1b409a464abc581e58d3447b51f0ac6921a8f0b97a8fc51,A0,29.526319652143155,0.046618698666253365,CBO-NP,False,f69b74d40e544d036bd3994bb9391c5f26407a4aec260b5e89a3930c78ea25ba,fine,87,ParallelParent,2027,78,0,ParallelParent-A0-CBO-NP-seed2027,0,4.791738748550415
100,61b4757aedf08761a1b409a464abc581e58d3447b51f0ac6921a8f0b97a8fc51,A0,15.304180910617598,0.004671648867469036,CBO-NP,False,5ccab5f74bba002e2f4032f2b2ac57db1fa99c53902615232e2a77396b8f5fc8,fine,86,ParallelParent,2028,77,0,ParallelParent-A0-CBO-NP-seed2028,0,4.5452799797058105
100,61b4757aedf08761a1b409a464abc581e58d3447b51f0ac6921a8f0b97a8fc51,A0,394.69610747063126,4.456641012310183,CBO-NP,False,47567c338bbb13574627538971d9c278ab045d07832bb4ec015cfa33f42d8762,fine,95,ParallelParent,2029,86,0,ParallelParent-A0-CBO-NP-seed2029,0,4.8190741539001465
100,61b4757aedf08761a1b409a464abc581e58d3447b51f0ac6921a8f0b97a8fc51,A0,12.884956777795136,0.0070899125003991564,CBO,False,7a0defd5b597ee35e79c55af9c0a5e19ab4265cff9488dce3e5305372db22c4f,fine,64,ParallelParent,2000,55,0,ParallelParent-A0-CBO-seed2000,0,7.468339681625366
100,61b4757aedf08761a1b409a464abc581e58d3447b51f0ac6921a8f0b97a8fc51,A0,380.93263675538174,4.282701529034967,CBO,False,f369c7b8f34382c7592fd9ed05ea7303cd7e853b4b6585f2701caff723bf9132,fine,97,ParallelParent,2001,88,0,ParallelParent-A0-CBO-seed2001,0,10.298516273498535
100,61b4757aedf08761a1b409a464abc581e58d3447b51f0ac6921a8f0b97a8fc51,A0,18.86365925621131,0.12556762652522224,CBO,False,42cf44977ee968a11483b20844ce69cdb1f1108b78db595086f3e7002e858560,fine,57,ParallelParent,2002,48,0,ParallelParent-A0-CBO-seed2002,0,6.846438884735107
100,61b4757aedf08761a1b409a464abc581e58d3447b51f0ac6921a8f0b97a8fc51,A0,21.784502986784776,0.0009236972741334024,CBO,False,c72d7bba47d82e779a6c95395bc6cac77d02d42afb53a9abe1a1d991ef58f87b,fine,89,ParallelParent,2003,80,0,ParallelParent-A0-CBO-seed2003,0,10.222666025161743
100,61b4757aedf08761a1b409a464abc581e58d3447b51f0ac6921a8f0b97a8fc51,A0,1.2444268678262937,0.006264938498883356,CBO,False,2ba1984d56ad67852fb01c9816920caf0ca0121be4e6d56f1675fb0dc3afdf28,fine,54,ParallelParent,2004,45,0,ParallelParent-A0-CBO-seed2004,0,7.567082643508911
100,61b4757aedf08761a1b409a464abc581e58d3447b51f0ac6921a8f0b97a8fc51,A0,1.7325903874092219,0.007903323125144291,CBO,False,e7256e6565f433937c6ea4ce4bf1b54ae4133dc1f64e1e4c6985a9f751c39eb3,fine,95,ParallelParent,2005,86,0,ParallelParent-A0-CBO-seed2005,0,11.480810642242432
100,61b4757aedf08761a1b409a464abc581e58d3447b51f0ac6921a8f0b97a8fc51,A0,1.999642374586423,0.005448674700198165,CBO,False,f3b9aeb848736251425b09c83f63cf5df280972060ab9f194e8bee6862fc80eb,fine,90,ParallelParent,2006,81,0,ParallelParent-A0-CBO-seed2006,0,10.608758449554443
100,61b4757aedf08761a1b409a464abc581e58d3447b51f0ac6921a8f0b97a8fc51,A0,1.589688064716043,0.0016214023728565433,CBO,False,7b52bd928ef213c3db8a44b545f46b5f3d9c7e169d2ddc57661b7905b9a6cc2f,fine,93,ParallelParent,2007,84,0,ParallelParent-A0-CBO-seed2007,0,12.337040424346924
100,61b4757aedf08761a1b409a464abc581e58d3447b51f0ac6921a8f0b97a8fc51,A0,10.176121956985277,0.012901678290130312,CBO,False,5d32664590c287d5352720352c7a3f743f4b68f8b51de03be8ccd86adbaa943f,fine,58,ParallelParent,2008,49,0,ParallelParent-A0-CBO-seed2008,0,6.826948165893555
100,61b4757aedf08761a1b409a464abc581e58d3447b51f0ac6921a8f0b97a8fc51,A0,5.64500484859735,0.03935159953061316,CBO,False,2470226be6afd75d23fddc1dba9f1f8af4bd48dc413e2a77b55bcfd0eecac774,fine,58,ParallelParent,2009,49,0,ParallelParent-A0-CBO-seed2009,0,7.1265294551849365
100,61b4757aedf08761a1b409a464abc581e58d3447b51f0ac6921a8f0b97a8fc51,A0,30.226892568414954,0.0878751043483535,CBO,False,dbe09477d039e4ae1fc6a46791e06408f631195cb2cfc9bfe018723c92cd7939,fine,54,ParallelParent,2010,45,0,ParallelParent-A0-CBO-seed2010,0,6.506474018096924
100,61b4757aedf08761a1b409a464abc581e58d3447b51f0ac6921a8f0b97a8fc51,A0,19.446495045103898,0.03179890693282034,CBO,False,f4d983c534edd691d8177699e30c606f82e0719f23e3cf937d7eb8da9c6c0b08,fine,89,ParallelParent,2011,80,0,ParallelParent-A0-CBO-seed2011,0,10.050851583480835
100,61b4757aedf08761a1b409a464abc581e58d3447b51f0ac6921a8f0b97a8fc51,A0,10.471181620723003,0.0137631595157549,CBO,False,3a81a6df0e9657a8631e9c82723a8f5e7bc438d6704769206f0c7de3a5412e12,fine,84,ParallelParent,2012,75,0,ParallelParent-A0-CBO-seed2012,0,9.097529649734497
100,61b4757aedf08761a1b409a464abc581e58d3447b51f0ac6921a8f0b97a8fc51,A0,3.0000617956332625,0.003262968795121152,CBO,False,153630842031fdb26c0cedea5392b1df7149b197e5da9b884c242990265c52e5,fine,55,ParallelParent,2013,46,0,ParallelParent-A0-CBO-seed2013,0,8.223473072052002
100,61b4757aedf08761a1b409a464abc581e58d3447b51f0ac6921a8f0b97a8fc51,A0,14.859249998649856,0.008288573036460741,CBO,False,76fa4103d760f5b5dde1c338e3ae99ff7ae2775382f1a09e74bd9333cf18a234,fine,54,ParallelParent,2014,45,0,ParallelParent-A0-CBO-seed2014,0,6.290431499481201
100,61b4757aedf08761a1b409a464abc581e58d3447b51f0ac6921a8f0b97a8fc51,A0,382.2663509726875,4.289237790402867,CBO,False,a75f56c42987308d7a7df50b44da64bd7345c1b4d34fb25864951b710e706ed0,fine,97,ParallelParent,2015,88,0,ParallelParent-A0-CBO-seed2015,0,11.45951509475708
100,61b4757aedf08761a1b409a464abc581e58d3447b51f0ac6921a8f0b97a8fc51,A0,6.82455200548935,0.004775368322297544,CBO,False,9add7bb4b9e3d963ad0e97f0058cdb8cb1fa8b3098252abe8fb26b4b7b253d5d,fine,53,ParallelParent,2016,44,0,ParallelParent-A0-CBO-seed2016,0,6.18985915184021
100,61b4757aedf08761a1b409a464abc581e58d3447b51f0ac6921a8f0b97a8fc51,A0,2.139026901368515,0.0062695121269627264,CBO,False,a6e71d670db49b39583a8bfe5ef88a5bc6df2ab62acf05030426d12e71cc18c7,fine,83,ParallelParent,2017,74,0,ParallelParent-A0-CBO-seed2017,0,9.440984010696411
100,61b4757aedf08761a1b409a464abc581e58d3447b51f0ac6921a8f0b97a8fc51,A0,18.203145496787602,0.059974594457258376,CBO,False,49ca3fa6d1166d561e782b7a1db619288576fa0552dbf447ff5cdd483ba95456,fine,93,ParallelParent,2018,84,0,ParallelParent-A0-CBO-seed2018,0,11.297868967056274
100,61b4757aedf08761a1b409a464abc581e58d3447b51f0ac6921a8f0b97a8fc51,A0,32.3085391732003,0.18112889354597528,CBO,False,5407ff4fe9a4551d7234482eca4686c28e931bc3a4fbbbc826820028c6fbfece,fine,88,ParallelParent,2019,79,0,ParallelParent-A0-CBO-seed2019,0,10.588271856307983
100,61b4757aedf08761a1b409a464abc581e58d3447b51f0ac6921a8f0b97a8fc51,A0,9.011441779746454,0.07737149891753271,CBO,False,38fa8ce80321995c838b36a965fdb5bd04e7eba963e617de1ca54181fb35aff0,fine,61,ParallelParent,2020,52,0,ParallelParent-A0-CBO-seed2020,0,7.2234697341918945
100,61b4757aedf08761a1b409a464abc581e58d3447b51f0ac6921a8f0b97a8fc51,A0,33.3460935018844,0.13763480738437006,CBO,False,c480a2481946ae2f46196a146e3f50ee3b5c31a102357e21329b0be355df2c41,fine,94,ParallelParent,2021,85,0,ParallelParent-A0-CBO-seed2021,0,10.868189096450806
100,61b4757aedf08761a1b409a464abc581e58d3447b51f0ac6921a8f0b97a8fc51,A0,3.74298238457104,0.040330116394751765,CBO,False,82bb0a8098efbb3f87070ea6afc27a3384b295657875acf5024c41011e749c85,fine,73,ParallelParent,2022,64,0,ParallelParent-A0-CBO-seed2022,0,7.887779951095581
100,61b4757aedf08761a1b409a464abc581e58d3447b51f0ac6921a8f0b97a8fc51,A0,7.841217711552586,0.00782348675493272,CBO,False,7a8f3db64d99c7eddfdf7773938b00d1ff9057b0dd0865fcaa0d5bfe49f006a1,fine,92,ParallelParent,2023,83,0,ParallelParent-A0-CBO-seed2023,0,10.887092351913452
100,61b4757aedf08761a1b409a464abc581e58d3447b51f0ac6921a8f0b97a8fc51,A0,14.675492510521817,0.06059897699235788,CBO,False,9b08074dcbc0c61d5c9c91c298fb7a4fe7fe51f4a408b5bd8968790c60ae2e6f,fine,73,ParallelParent,2024,64,0,ParallelParent-A0-CBO-seed2024,0,8.002632141113281
100,61b4757aedf08761a1b409a464abc581e58d3447b51f0ac6921a8f0b97a8fc51,A0,2.2483764888247237,0.019203571131596736,CBO,False,be7305af6d5dab873506a24d75bf874a046c07c146e3c220ed220999132e59f0,fine,55,ParallelParent,2025,46,0,ParallelParent-A0-CBO-seed2025,0,6.406046152114868
100,61b4757aedf08761a1b409a464abc581e58d3447b51f0ac6921a8f0b97a8fc51,A0,6.455968115993355,0.003935621217259476,CBO,False,f5fb81043346705655521f9d9f92e938d6d5d646b2e60554cc53484543110425,fine,94,ParallelParent,2026,85,0,ParallelParent-A0-CBO-seed2026,0,12.023042917251587
100,61b4757aedf08761a1b409a464abc581e58d3447b51f0ac6921a8f0b97a8fc51,A0,10.86360998787692,0.03486452715071503,CBO,False,f69b74d40e544d036bd3994bb9391c5f26407a4aec260b5e89a3930c78ea25ba,fine,89,ParallelParent,2027,80,0,ParallelParent-A0-CBO-seed2027,0,10.82404351234436
100,61b4757aedf08761a1b409a464abc581e58d3447b51f0ac6921a8f0b97a8fc51,A0,2.5023005887183305,0.00726329621616997,CBO,False,5ccab5f74bba002e2f4032f2b2ac57db1fa99c53902615232e2a77396b8f5fc8,fine,54,ParallelParent,2028,45,0,ParallelParent-A0-CBO-seed2028,0,6.255136489868164
100,61b4757aedf08761a1b409a464abc581e58d3447b51f0ac6921a8f0b97a8fc51,A0,11.886662801779844,0.024993790628372384,CBO,False,47567c338bbb13574627538971d9c278ab045d07832bb4ec015cfa33f42d8762,fine,85,ParallelParent,2029,76,0,ParallelParent-A0-CBO-seed2029,0,10.021747589111328
100,61b4757aedf08761a1b409a464abc581e58d3447b51f0ac6921a8f0b97a8fc51,A0,0.7190502331061284,0.0022014330634404673,QCBO,False,7a0defd5b597ee35e79c55af9c0a5e19ab4265cff9488dce3e5305372db22c4f,coarse,50,ParallelParent,2000,47,0,ParallelParent-A0-QCBO-seed2000,0,4.364037036895752
100,61b4757aedf08761a1b409a464abc581e58d3447b51f0ac6921a8f0b97a8fc51,A0,8.270718660765134,0.0005452975267555057,QCBO,False,f369c7b8f34382c7592fd9ed05ea7303cd7e853b4b6585f2701caff723bf9132,coarse,50,ParallelParent,2001,47,0,ParallelParent-A0-QCBO-seed2001,0,4.759942293167114
100,61b4757aedf08761a1b409a464abc581e58d3447b51f0ac6921a8f0b97a8fc51,A0,5.637161262469753,0.025408495333576437,QCBO,False,42cf44977ee968a11483b20844ce69cdb1f1108b78db595086f3e7002e858560,coarse,50,ParallelParent,2002,47,0,ParallelParent-A0-QCBO-seed2002,0,4.53088116645813
100,61b4757aedf08761a1b409a464abc581e58d3447b51f0ac6921a8f0b97a8fc51,A0,4.160684976486942,0.026921218774275165,QCBO,False,c72d7bba47d82e779a6c95395bc6cac77d02d42afb53a9abe1a1d991ef58f87b,coarse,50,ParallelParent,2003,47,0,ParallelParent-A0-QCBO-seed2003,0,4.6157450675964355
100,61b4757aedf08761a1b409a464abc581e58d3447b51f0ac6921a8f0b97a8fc51,A0,0.9930281642994235,0.006930172158796952,QCBO,False,2ba1984d56ad67852fb01c9816920caf0ca0121be4e6d56f1675fb0dc3afdf28,coarse,50,ParallelParent,2004,47,0,ParallelParent-A0-QCBO-seed2004,0,4.553184509277344
100,61b4757aedf08761a1b409a464abc581e58d3447b51f0ac6921a8f0b97a8fc51,A0,0.5134934248916829,0.00553077353476896,QCBO,False,e7256e6565f433937c6ea4ce4bf1b54ae4133dc1f64e1e4c6985a9f751c39eb3,coarse,50,ParallelParent,2005,47,0,ParallelParent-A0-QCBO-seed2005,0,4.607618808746338
100,61b4757aedf08761a1b409a464abc581e58d3447b51f0ac6921a8f0b97a8fc51,A0,0.22507693004543733,0.0019614313660013985,QCBO,False,f3b9aeb848736251425b09c83f63cf5df280972060ab9f194e8bee6862fc80eb,coarse,50,ParallelParent,2006,47,0,ParallelParent-A0-QCBO-seed2006,0,4.603073596954346
100,61b4757aedf08761a1b409a464abc581e58d3447b51f0ac6921a8f0b97a8fc51,A0,0.3458925610911006,0.004239384088221839,QCBO,False,7b52bd928ef213c3db8a44b545f46b5f3d9c7e169d2ddc57661b7905b9a6cc2f,coarse,50,ParallelParent,2007,47,0,ParallelParent-A0-QCBO-seed2007,0,4.443694353103638
100,61b4757aedf08761a1b409a464abc581e58d3447b51f0ac6921a8f0b97a8fc51,A0,0.4892998245826186,0.002476734086372434,QCBO,False,5d32664590c287d5352720352c7a3f743f4b68f8b51de03be8ccd86adbaa943f,coarse,50,ParallelParent,2008,47,0,ParallelParent-A0-QCBO-seed2008,0,4.429406404495239
100,61b4757aedf08761a1b409a464abc581e58d3447b51f0ac6921a8f0b97a8fc51,A0,1.8503299102328385,0.01685087973797291,QCBO,False,2470226be6afd75d23fddc1dba9f1f8af4bd48dc413e2a77b55bcfd0eecac774,coarse,50,ParallelParent,2009,47,0,ParallelParent-A0-QCBO-seed2009,0,4.36740517616272
100,61b4757aedf08761a1b409a464abc581e58d3447b51f0ac6921a8f0b97a8fc51,A0,15.214766635888212,0.0931458290336681,QCBO,False,dbe09477d039e4ae1fc6a46791e06408f631195cb2cfc9bfe018723c92cd7939,coarse,50,ParallelParent,2010,47,0,ParallelParent-A0-QCBO-seed2010,0,4.540395975112915
100,61b4757aedf08761a1b409a464abc581e58d3447b51f0ac6921a8f0b97a8fc51,A0,6.3605245073223395,0.04381098394192039,QCBO,False,f4d983c534edd691d8177699e30c606f82e0719f23e3cf937d7eb8da9c6c0b08,coarse,50,ParallelParent,2011,47,0,ParallelParent-A0-QCBO-seed2011,0,4.628572702407837
100,61b4757aedf08761a1b409a464abc581e58d3447b51f0ac6921a8f0b97a8fc51,A0,2.3762175015595592,0.01586343773017746,QCBO,False,3a81a6df0e9657a8631e9c82723a8f5e7bc438d6704769206f0c7de3a5412e12,coarse,50,ParallelParent,2012,47,0,ParallelParent-A0-QCBO-seed2012,0,4.9280970096588135
100,61b4757aedf08761a1b409a464abc581e58d3447b51f0ac6921a8f0b97a8fc51,A0,0.33385852562412915,0.0004061036947150669,QCBO,False,153630842031fdb26c0cedea5392b1df7149b197e5da9b884c242990265c52e5,coarse,50,ParallelParent,2013,47,0,ParallelParent-A0-QCBO-seed2013,0,4.510375261306763
100,61b4757aedf08761a1b409a464abc581e58d3447b51f0ac6921a8f0b97a8fc51,A0,1.8681039198784943,8.912664289047317e-05,QCBO,False,76fa4103d760f5b5dde1c338e3ae99ff7ae2775382f1a09e74bd9333cf18a234,coarse,50,ParallelParent,2014,47,0,ParallelParent-A0-QCBO-seed2014,0,4.688589572906494
100,61b4757aedf08761a1b409a464abc581e58d3447b51f0ac6921a8f0b97a8fc51,A0,4.009380726296977,0.0025909840193775705,QCBO,False,a75f56c42987308d7a7df50b44da64bd7345c1b4d34fb25864951b710e706ed0,coarse,50,ParallelParent,2015,47,0,ParallelParent-A0-QCBO-seed2015,0,4.520849704742432
100,61b4757aedf08761a1b409a464abc581e58d3447b51f0ac6921a8f0b97a8fc51,A0,2.39590448933158,0.014691582190484396,QCBO,False,9add7bb4b9e3d963ad0e97f0058cdb8cb1fa8b3098252abe8fb26b4b7b253d5d,coarse,50,ParallelParent,2016,47,0,ParallelParent-A0-QCBO-seed2016,0,4.602200746536255
100,61b4757aedf08761a1b409a464abc581e58d3447b51f0ac6921a8f0b97a8fc51,A0,0.33957661890991636,0.0012647666439942827,QCBO,False,a6e71d670db49b39583a8bfe5ef88a5bc6df2ab62acf05030426d12e71cc18c7,coarse,50,ParallelParent,2017,47,0,ParallelParent-A0-QCBO-seed2017,0,4.622238874435425
100,61b4757aedf08761a1b409a464abc581e58d3447b51f0ac6921a8f0b97a8fc51,A0,3.2197915055068784,0.025862422904215178,QCBO,False,49ca3fa6d1166d561e782b7a1db619288576fa0552dbf447ff5cdd483ba95456,coarse,50,ParallelParent,2018,47,0,ParallelParent-A0-QCBO-seed2018,0,4.612839937210083
100,61b4757aedf08761a1b409a464abc581e58d3447b51f0ac6921a8f0b97a8fc51,A0,3.8817923182639986,0.028228808979092045,QCBO,False,5407ff4fe9a4551d7234482eca4686c28e931bc3a4fbbbc826820028c6fbfece,coarse,50,ParallelParent,2019,47,0,ParallelParent-A0-QCBO-seed2019,0,4.384035587310791
100,61b4757aedf08761a1b409a464abc581e58d3447b51f0ac6921a8f0b97a8fc51,A0,5.4451321278291385,0.0008812836442225251,QCBO,False,38fa8ce80321995c838b36a965fdb5bd04e7eba963e617de1ca54181fb35aff0,coarse,50,ParallelParent,2020,47,0,ParallelParent-A0-QCBO-seed2020,0,4.482177495956421
100,61b4757aedf08761a1b409a464abc581e58d3447b51f0ac6921a8f0b97a8fc51,A0,1.382763757339584,0.01689678863893746,QCBO,False,c480a2481946ae2f46196a146e3f50ee3b5c31a102357e21329b0be355df2c41,coarse,50,ParallelParent,2021,47,0,ParallelParent-A0-QCBO-seed2021,0,4.597726106643677
100,61b4757aedf08761a1b409a464abc581e58d3447b51f0ac6921a8f0b97a8fc51,A0,1.108179046845233,0.011537337781105545,QCBO,False,82bb0a8098efbb3f87070ea6afc27a3384b295657875acf5024c41011e749c85,coarse,50,ParallelParent,2022,47,0,ParallelParent-A0-QCBO-seed2022,0,4.438972473144531
100,61b4757aedf08761a1b409a464abc581e58d3447b51f0ac6921a8f0b97a8fc51,A0,1.1315632108723688,0.00399667346305251,QCBO,False,7a8f3db64d99c7eddfdf7773938b00d1ff9057b0dd0865fcaa0d5bfe49f006a1,coarse,50,ParallelParent,2023,47,0,ParallelParent-A0-QCBO-seed2023,0,4.704588174819946
100,61b4757aedf08761a1b409a464abc581e58d3447b51f0ac6921a8f0b97a8fc51,A0,1.7816994751335866,0.0033148323413661057,QCBO,False,9b08074dcbc0c61d5c9c91c298fb7a4fe7fe51f4a408b5bd8968790c60ae2e6f,coarse,50,ParallelParent,2024,47,0,ParallelParent-A0-QCBO-seed2024,0,4.71840500831604
100,61b4757aedf08761a1b409a464abc581e58d3447b51f0ac6921a8f0b97a8fc51,A0,0.9740204159701885,0.010829286924983115,QCBO,False,be7305af6d5dab873506a24d75bf874a046c07c146e3c220ed220999132e59f0,coarse,50,ParallelParent,2025,47,0,ParallelParent-A0-QCBO-seed2025,0,4.507218360900879
100,61b4757aedf08761a1b409a464abc581e58d3447b51f0ac6921a8f0b97a8fc51,A0,0.5460757772746888,0.0045581819668281355,QCBO,False,f5fb81043346705655521f9d9f92e938d6d5d646b2e60554cc53484543110425,coarse,50,ParallelParent,2026,47,0,ParallelParent-A0-QCBO-seed2026,0,4.786896705627441
100,61b4757aedf08761a1b409a464abc581e58d3447b51f0ac6921a8f0b97a8fc51,A0,1.7469746053855797,0.008424743139662733,QCBO,False,f69b74d40e544d036bd3994bb9391c5f26407a4aec260b5e89a3930c78ea25ba,coarse,50,ParallelParent,2027,47,0,ParallelParent-A0-QCBO-seed2027,0,4.69609522819519
100,61b4757aedf08761a1b409a464abc581e58d3447b51f0ac6921a8f0b97a8fc51,A0,0.6464581270810502,0.007263574461584828,QCBO,False,5ccab5f74bba002e2f4032f2b2ac57db1fa99c53902615232e2a77396b8f5fc8,coarse,50,ParallelParent,2028,47,0,ParallelParent-A0-QCBO-seed2028,0,4.451387166976929
100,61b4757aedf08761a1b409a464abc581e58d3447b51f0ac6921a8f0b97a8fc51,A0,1.3110968437916444,0.012867345838087841,QCBO,False,47567c338bbb13574627538971d9c278ab045d07832bb4ec015cfa33f42d8762,coarse,50,ParallelParent,2029,47,0,ParallelParent-A0-QCBO-seed2029,0,4.823168754577637
100,61b4757aedf08761a1b409a464abc581e58d3447b51f0ac6921a8f0b97a8fc51,A1,435.32814136244144,4.250171999177388,CBO-NP,False,7a0defd5b597ee35e79c55af9c0a5e19ab4265cff9488dce3e5305372db22c4f,fine,100,ParallelParent,2000,97,0,ParallelParent-A1-CBO-NP-seed2000,0,4.450983047485352
100,61b4757aedf08761a1b409a464abc581e58d3447b51f0ac6921a8f0b97a8fc51,A1,379.88205376529777,4.251122230718482,CBO-NP,False,f369c7b8f34382c7592fd9ed05ea7303cd7e853b4b6585f2701caff723bf9132,fine,100,ParallelParent,2001,97,0,ParallelParent-A1-CBO-NP-seed2001,0,4.691559314727783
100,61b4757aedf08761a1b409a464abc581e58d3447b51f0ac6921a8f0b97a8fc51,A1,398.1812508000624,4.4668934555013875,CBO-NP,False,42cf44977ee968a11483b20844ce69cdb1f1108b78db595086f3e7002e858560,fine,100,ParallelParent,2002,97,0,ParallelParent-A1-CBO-NP-seed2002,0,4.417346477508545
100,61b4757aedf08761a1b409a464abc581e58d3447b51f0ac6921a8f0b97a8fc51,A1,383.1607798197986,4.308373913727985,CBO-NP,False,c72d7bba47d82e779a6c95395bc6cac77d02d42afb53a9abe1a1d991ef58f87b,fine,100,ParallelParent,2003,97,0,ParallelParent-A1-CBO-NP-seed2003,0,4.53422474861145
100,61b4757aedf08761a1b409a464abc581e58d3447b51f0ac6921a8f0b97a8fc51,A1,381.3930903464574,4.2806618262788305,CBO-NP,False,2ba1984d56ad67852fb01c9816920caf0ca0121be4e6d56f1675fb0dc3afdf28,fine,100,ParallelParent,2004,97,0,ParallelParent-A1-CBO-NP-seed2004,0,4.682417869567871
100,61b4757aedf08761a1b409a464abc581e58d3447b51f0ac6921a8f0b97a8fc51,A1,382.74599093708275,4.254252914280787,CBO-NP,False,e7256e6565f433937c6ea4ce4bf1b54ae4133dc1f64e1e4c6985a9f751c39eb3,fine,100,ParallelParent,2005,97,0,ParallelParent-A1-CBO-NP-seed2005,0,4.674553871154785
100,61b4757aedf08761a1b409a464abc581e58d3447b51f0ac6921a8f0b97a8fc51,A1,381.0659814696694,4.279173422746861,CBO-NP,False,f3b9aeb848736251425b09c83f63cf5df280972060ab9f194e8bee6862fc80eb,fine,100,ParallelParent,2006,97,0,ParallelParent-A1-CBO-NP-seed2006,0,4.4264326095581055
100,61b4757aedf08761a1b409a464abc581e58d3447b51f0ac6921a8f0b97a8fc51,A1,395.7516747153909,4.338993220567882,CBO-NP,False,7b52bd928ef213c3db8a44b545f46b5f3d9c7e169d2ddc57661b7905b9a6cc2f,fine,100,ParallelParent,2007,97,0,ParallelParent-A1-CBO-NP-seed2007,0,4.699270963668823
100,61b4757aedf08761a1b409a464abc581e58d3447b51f0ac6921a8f0b97a8fc51,A1,467.25,5.25,CBO-NP,False,5d32664590c287d5352720352c7a3f743f4b68f8b51de03be8ccd86adbaa943f,fine,100,ParallelParent,2008,97,0,ParallelParent-A1-CBO-NP-seed2008,0,4.301371812820435
100,61b4757aedf08761a1b409a464abc581e58d3447b51f0ac6921a8f0b97a8fc51,A1,407.59745777447085,4.604547901842755,CBO-NP,False,2470226be6afd75d23fddc1dba9f1f8af4bd48dc413e2a77b55bcfd0eecac774,fine,100,ParallelParent,2009,97,0,ParallelParent-A1-CBO-NP-seed2009,0,4.296555757522583
100,61b4757aedf08761a1b409a464abc581e58d3447b51f0ac6921a8f0b97a8fc51,A1,395.3068179040188,4.266377113390491,CBO-NP,False,dbe09477d039e4ae1fc6a46791e06408f631195cb2cfc9bfe018723c92cd7939,fine,100,ParallelParent,2010,97,0,ParallelParent-A1-CBO-NP-seed2010,0,4.530925989151001
100,61b4757aedf08761a1b409a464abc581e58d3447b51f0ac6921a8f0b97a8fc51,A1,467.25,5.25,CBO-NP,False,f4d983c534edd691d8177699e30c606f82e0719f23e3cf937d7eb8da9c6c0b08,fine,100,ParallelParent,2011,97,0,ParallelParent-A1-CBO-NP-seed2011,0,4.506253004074097
100,61b4757aedf08761a1b409a464abc581e58d3447b51f0ac6921a8f0b97a8fc51,A1,379.7477129185717,4.266776575728814,CBO-NP,False,3a81a6df0e9657a8631e9c82723a8f5e7bc438d6704769206f0c7de3a5412e12,fine,100,ParallelParent,2012,97,0,ParallelParent-A1-CBO-NP-seed2012,0,4.4562296867370605
100,61b4757aedf08761a1b409a464abc581e58d3447b51f0ac6921a8f0b97a8fc51,A1,399.5140525339486,4.338852225740319,CBO-NP,False,153630842031fdb26c0cedea5392b1df7149b197e5da9b884c242990265c52e5,fine,100,ParallelParent,2013,97,0,ParallelParent-A1-CBO-NP-seed2013,0,4.41283106803894
100,61b4757aedf08761a1b409a464abc581e58d3447b51f0ac6921a8f0b97a8fc51,A1,403.20432316729034,4.382185965944527,CBO-NP,False,76fa4103d760f5b5dde1c338e3ae99ff7ae2775382f1a09e74bd9333cf18a234,fine,100,ParallelParent,2014,97,0,ParallelParent-A1-CBO-NP-seed2014,0,4.375209808349609
100,61b4757aedf08761a1b409a464abc581e58d3447b51f0ac6921a8f0b97a8fc51,A1,384.424910701742,4.401098188997966,CBO-NP,False,a75f56c42987308d7a7df50b44da64bd7345c1b4d34fb25864951b710e706ed0,fine,100,ParallelParent,2015,97,0,ParallelParent-A1-CBO-NP-seed2015,0,4.453028440475464
100,61b4757aedf08761a1b409a464abc581e58d3447b51f0ac6921a8f0b97a8fc51,A1,384.60637663805625,4.250867943004085,CBO-NP,False,9add7bb4b9e3d963ad0e97f0058cdb8cb1fa8b3098252abe8fb26b4b7b253d5d,fine,100,ParallelParent,2016,97,0,ParallelParent-A1-CBO-NP-seed2016,0,4.433778524398804
100,61b4757aedf08761a1b409a464abc581e58d3447b51f0ac6921a8f0b97a8fc51,A1,467.25,5.25,CBO-NP,False,a6e71d670db49b39583a8bfe5ef88a5bc6df2ab62acf05030426d12e71cc18c7,fine,100,ParallelParent,2017,97,0,ParallelParent-A1-CBO-NP-seed2017,0,4.271216154098511
100,61b4757aedf08761a1b409a464abc581e58d3447b51f0ac6921a8f0b97a8fc51,A1,467.25,5.25,CBO-NP,False,49ca3fa6d1166d561e782b7a1db619288576fa0552dbf447ff5cdd483ba95456,fine,100,ParallelParent,2018,97,0,ParallelParent-A1-CBO-NP-seed2018,0,4.572009563446045
100,61b4757aedf08761a1b409a464abc581e58d3447b51f0ac6921a8f0b97a8fc51,A1,403.3402864185397,4.251441363994458,CBO-NP,False,5407ff4fe9a4551d7234482eca4686c28e931bc3a4fbbbc826820028c6fbfece,fine,100,ParallelParent,2019,97,0,ParallelParent-A1-CBO-NP-seed2019,0,4.6224846839904785
100,61b4757aedf08761a1b409a464abc581e58d3447b51f0ac6921a8f0b97a8fc51,A1,467.25,5.25,CBO-NP,False,38fa8ce80321995c838b36a965fdb5bd04e7eba963e617de1ca54181fb35aff0,fine,100,ParallelParent,2020,97,0,ParallelParent-A1-CBO-NP-seed2020,0,4.299274444580078
100,61b4757aedf08761a1b409a464abc581e58d3447b51f0ac6921a8f0b97a8fc51,A1,380.3903421892247,4.274955390922372,CBO-NP,False,c480a2481946ae2f46196a146e3f50ee3b5c31a102357e21329b0be355df2c41,fine,100,ParallelParent,2021,97,0,ParallelParent-A1-CBO-NP-seed2021,0,4.464098691940308
100,61b4757aedf08761a1b409a464abc581e58d3447b51f0ac6921a8f0b97a8fc51,A1,387.9014636963411,4.4205569227417625,CBO-NP,False,82bb0a8098efbb3f87070ea6afc27a3384b295657875acf5024c41011e749c85,fine,100,ParallelParent,2022,97,0,ParallelParent-A1-CBO-NP-seed2022,0,4.654295921325684
100,61b4757aedf08761a1b409a464abc581e58d3447b51f0ac6921a8f0b97a8fc51,A1,380.17759151055225,4.264915285834701,CBO-NP,False,7a8f3db64d99c7eddfdf7773938b00d1ff9057b0dd0865fcaa0d5bfe49f006a1,fine,100,ParallelParent,2023,97,0,ParallelParent-A1-CBO-NP-seed2023,0,4.587674140930176
100,61b4757aedf08761a1b409a464abc581e58d3447b51f0ac6921a8f0b97a8fc51,A1,378.99486864796796,4.257917333343053,CBO-NP,False,9b08074dcbc0c61d5c9c91c298fb7a4fe7fe51f4a408b5bd8968790c60ae2e6f,fine,100,ParallelParent,2024,97,0,ParallelParent-A1-CBO-NP-seed2024,0,4.44030237197876
100,61b4757aedf08761a1b409a464abc581e58d3447b51f0ac6921a8f0b97a8fc51,A1,389.0321002391114,4.25121556609644,CBO-NP,False,be7305af6d5dab873506a24d75bf874a046c07c146e3c220ed220999132e59f0,fine,100,ParallelParent,2025,97,0,ParallelParent-A1-CBO-NP-seed2025,0,4.491380929946899
100,61b4757aedf08761a1b409a464abc581e58d3447b51f0ac6921a8f0b97a8fc51,A1,404.7393820570057,4.253254372050831,CBO-NP,False,f5fb81043346705655521f9d9f92e938d6d5d646b2e60554cc53484543110425,fine,100,ParallelParent,2026,97,0,ParallelParent-A1-CBO-NP-seed2026,0,4.652841806411743
100,61b4757aedf08761a1b409a464abc581e58d3447b51f0ac6921a8f0b97a8fc51,A1,381.7054424007986,4.30275151060747,CBO-NP,False,f69b74d40e544d036bd3994bb9391c5f26407a4aec260b5e89a3930c78ea25ba,fine,100,ParallelParent,2027,97,0,ParallelParent-A1-CBO-NP-seed2027,0,4.492900609970093
100,61b4757aedf08761a1b409a464abc581e58d3447b51f0ac6921a8f0b97a8fc51,A1,434.4041804631488,4.512985238080262,CBO-NP,False,5ccab5f74bba002e2f4032f2b2ac57db1fa99c53902615232e2a77396b8f5fc8,fine,100,ParallelParent,2028,97,0,ParallelParent-A1-CBO-NP-seed2028,0,4.542737007141113
100,61b4757aedf08761a1b409a464abc581e58d3447b51f0ac6921a8f0b97a8fc51,A1,378.5183955990437,4.255615631136333,CBO-NP,False,47567c338bbb13574627538971d9c278ab045d07832bb4ec015cfa33f42d8762,fine,100,ParallelParent,2029,97,0,ParallelParent-A1-CBO-NP-seed2029,0,4.472414016723633
100,61b4757aedf08761a1b409a464abc581e58d3447b51f0ac6921a8f0b97a8fc51,A1,466.25017216232914,5.25,CBO,False,7a0defd5b597ee35e79c55af9c0a5e19ab4265cff9488dce3e5305372db22c4f,fine,100,ParallelParent,2000,97,0,ParallelParent-A1-CBO-seed2000,0,6.832361459732056
100,61b4757aedf08761a1b409a464abc581e58d3447b51f0ac6921a8f0b97a8fc51,A1,467.25,5.25,CBO,False,f369c7b8f34382c7592fd9ed05ea7303cd7e853b4b6585f2701caff723bf9132,fine,100,ParallelParent,2001,97,0,ParallelParent-A1-CBO-seed2001,0,6.596017360687256
100,61b4757aedf08761a1b409a464abc581e58d3447b51f0ac6921a8f0b97a8fc51,A1,413.08514284656593,4.631937071814481,CBO,False,42cf44977ee968a11483b20844ce69cdb1f1108b78db595086f3e7002e858560,fine,100,ParallelParent,2002,97,0,ParallelParent-A1-CBO-seed2002,0,6.699286460876465
100,61b4757aedf08761a1b409a464abc581e58d3447b51f0ac6921a8f0b97a8fc51,A1,433.14364554816086,4.743385202210032,CBO,False,c72d7bba47d82e779a6c95395bc6cac77d02d42afb53a9abe1a1d991ef58f87b,fine,100,ParallelParent,2003,97,0,ParallelParent-A1-CBO-seed2003,0,6.851323127746582
100,61b4757aedf08761a1b409a464abc581e58d3447b51f0ac6921a8f0b97a8fc51,A1,387.125254016929,4.358147466148715,CBO,False,2ba1984d56ad67852fb01c9816920caf0ca0121be4e6d56f1675fb0dc3afdf28,fine,100,ParallelParent,2004,97,0,ParallelParent-A1-CBO-seed2004,0,6.644038438796997
100,61b4757aedf08761a1b409a464abc581e58d3447b51f0ac6921a8f0b97a8fc51,A1,411.1970695615204,4.639286353043787,CBO,False,e7256e6565f433937c6ea4ce4bf1b54ae4133dc1f64e1e4c6985a9f751c39eb3,fine,100,ParallelParent,2005,97,0,ParallelParent-A1-CBO-seed2005,0,7.174282789230347
100,61b4757aedf08761a1b409a464abc581e58d3447b51f0ac6921a8f0b97a8fc51,A1,404.3425880113191,4.580370767475972,CBO,False,f3b9aeb848736251425b09c83f63cf5df280972060ab9f194e8bee6862fc80eb,fine,100,ParallelParent,2006,97,0,ParallelParent-A1-CBO-seed2006,0,6.791786432266235
100,61b4757aedf08761a1b409a464abc581e58d3447b51f0ac6921a8f0b97a8fc51,A1,467.25,5.25,CBO,False,7b52bd928ef213c3db8a44b545f46b5f3d9c7e169d2ddc57661b7905b9a6cc2f,fine,100,ParallelParent,2007,97,0,ParallelParent-A1-CBO-seed2007,0,6.594089984893799
100,61b4757aedf08761a1b409a464abc581e58d3447b51f0ac6921a8f0b97a8fc51,A1,534.8279272778868,5.343614174963296,CBO,False,5d32664590c287d5352720352c7a3f743f4b68f8b51de03be8ccd86adbaa943f,fine,100,ParallelParent,2008,97,0,ParallelParent-A1-CBO-seed2008,0,7.291640758514404
100,61b4757aedf08761a1b409a464abc581e58d3447b51f0ac6921a8f0b97a8fc51,A1,381.95239104586574,4.277904202204149,CBO,False,2470226be6afd75d23fddc1dba9f1f8af4bd48dc413e2a77b55bcfd0eecac774,fine,100,ParallelParent,2009,97,0,ParallelParent-A1-CBO-seed2009,0,6.526912689208984
100,61b4757aedf08761a1b409a464abc581e58d3447b51f0ac6921a8f0b97a8fc51,A1,409.20927982530674,4.623617234780417,CBO,False,dbe09477d039e4ae1fc6a46791e06408f631195cb2cfc9bfe018723c92cd7939,fine,100,ParallelParent,2010,97,0,ParallelParent-A1-CBO-seed2010,0,6.755480527877808
100,61b4757aedf08761a1b409a464abc581e58d3447b51f0ac6921a8f0b97a8fc51,A1,440.4595677667417,4.631472012390405,CBO,False,f4d983c534edd691d8177699e30c606f82e0719f23e3cf937d7eb8da9c6c0b08,fine,100,ParallelParent,2011,97,0,ParallelParent-A1-CBO-seed2011,0,6.753826379776001
100,61b4757aedf08761a1b409a464abc581e58d3447b51f0ac6921a8f0b97a8fc51,A1,382.3260512489282,4.292803258884459,CBO,False,3a81a6df0e9657a8631e9c82723a8f5e7bc438d6704769206f0c7de3a5412e12,fine,100,ParallelParent,2012,97,0,ParallelParent-A1-CBO-seed2012,0,6.890581369400024
100,61b4757aedf08761a1b409a464abc581e58d3447b51f0ac6921a8f0b97a8fc51,A1,389.47606561476,4.39560652920766,CBO,False,153630842031fdb26c0cedea5392b1df7149b197e5da9b884c242990265c52e5,fine,100,ParallelParent,2013,97,0,ParallelParent-A1-CBO-seed2013,0,6.693365097045898
100,61b4757aedf08761a1b409a464abc581e58d3447b51f0ac6921a8f0b97a8fc51,A1,389.45807122167645,4.251911974584571,CBO,False,76fa4103d760f5b5dde1c338e3ae99ff7ae2775382f1a09e74bd9333cf18a234,fine,100,ParallelParent,2014,97,0,ParallelParent-A1-CBO-seed2014,0,6.584873199462891
100,61b4757aedf08761a1b409a464abc581e58d3447b51f0ac6921a8f0b97a8fc51,A1,406.80388358283653,4.72636210645606,CBO,False,a75f56c42987308d7a7df50b44da64bd7345c1b4d34fb25864951b710e706ed0,fine,100,ParallelParent,2015,97,0,ParallelParent-A1-CBO-seed2015,0,6.919783115386963
100,61b4757aedf08761a1b409a464abc581e58d3447b51f0ac6921a8f0b97a8fc51,A1,384.92591055020694,4.317852746688112,CBO,False,9add7bb4b9e3d963ad0e97f0058cdb8cb1fa8b3098252abe8fb26b4b7b253d5d,fine,100,ParallelParent,2016,97,0,ParallelParent-A1-CBO-seed2016,0,6.915577173233032
100,61b4757aedf08761a1b409a464abc581e58d3447b51f0ac6921a8f0b97a8fc51,A1,467.25,5.25,CBO,False,a6e71d670db49b39583a8bfe5ef88a5bc6df2ab62acf05030426d12e71cc18c7,fine,100,ParallelParent,2017,97,0,ParallelParent-A1-CBO-seed2017,0,6.62106990814209
100,61b4757aedf08761a1b409a464abc581e58d3447b51f0ac6921a8f0b97a8fc51,A1,467.25,5.25,CBO,False,49ca3fa6d1166d561e782b7a1db619288576fa0552dbf447ff5cdd483ba95456,fine,100,ParallelParent,2018,97,0,ParallelParent-A1-CBO-seed2018,0,6.852598428726196
100,61b4757aedf08761a1b409a464abc581e58d3447b51f0ac6921a8f0b97a8fc51,A1,467.25,5.25,CBO,False,5407ff4fe9a4551d7234482eca4686c28e931bc3a4fbbbc826820028c6fbfece,fine,100,ParallelParent,2019,97,0,ParallelParent-A1-CBO-seed2019,0,6.897954225540161
100,61b4757aedf08761a1b409a464abc581e58d3447b51f0ac6921a8f0b97a8fc51,A1,615.747638640031,7.1888915343888105,CBO,False,38fa8ce80321995c838b36a965fdb5bd04e7eba963e617de1ca54181fb35aff0,fine,100,ParallelParent,2020,97,0,ParallelParent-A1-CBO-seed2020,0,6.82816219329834
100,61b4757aedf08761a1b409a464abc581e58d3447b51f0ac6921a8f0b97a8fc51,A1,379.5019275041001,4.250005384386172,CBO,False,c480a2481946ae2f46196a146e3f50ee3b5c31a102357e21329b0be355df2c41,fine,100,ParallelParent,2021,97,0,ParallelParent-A1-CBO-seed2021,0,6.5274834632873535
100,61b4757aedf08761a1b409a464abc581e58d3447b51f0ac6921a8f0b97a8fc51,A1,378.26663227081815,4.250139725160875,CBO,False,82bb0a8098efbb3f87070ea6afc27a3384b295657875acf5024c41011e749c85,fine,100,ParallelParent,2022,97,0,ParallelParent-A1-CBO-seed2022,0,6.4777891635894775
100,61b4757aedf08761a1b409a464abc581e58d3447b51f0ac6921a8f0b97a8fc51,A1,405.30916310353126,4.47974250508056,CBO,False,7a8f3db64d99c7eddfdf7773938b00d1ff9057b0dd0865fcaa0d5bfe49f006a1,fine,100,ParallelParent,2023,97,0,ParallelParent-A1-CBO-seed2023,0,6.516484975814819
100,61b4757aedf08761a1b409a464abc581e58d3447b51f0ac6921a8f0b97a8fc51,A1,405.61907619125355,4.289406077382273,CBO,False,9b08074dcbc0c61d5c9c91c298fb7a4fe7fe51f4a408b5bd8968790c60ae2e6f,fine,100,ParallelParent,2024,97,0,ParallelParent-A1-CBO-seed2024,0,6.701760768890381
100,61b4757aedf08761a1b409a464abc581e58d3447b51f0ac6921a8f0b97a8fc51,A1,388.9580873514145,4.2517719543087376,CBO,False,be7305af6d5dab873506a24d75bf874a046c07c146e3c220ed220999132e59f0,fine,100,ParallelParent,2025,97,0,ParallelParent-A1-CBO-seed2025,0,6.624943733215332
100,61b4757aedf08761a1b409a464abc581e58d3447b51f0ac6921a8f0b97a8fc51,A1,438.6743516900198,4.710355262306133,CBO,False,f5fb81043346705655521f9d9f92e938d6d5d646b2e60554cc53484543110425,fine,100,ParallelParent,2026,97,0,ParallelParent-A1-CBO-seed2026,0,6.795922517776489
100,61b4757aedf08761a1b409a464abc581e58d3447b51f0ac6921a8f0b97a8fc51,A1,394.50802871117736,4.4485062403774585,CBO,False,f69b74d40e544d036bd3994bb9391c5f26407a4aec260b5e89a3930c78ea25ba,fine,100,ParallelParent,2027,97,0,ParallelParent-A1-CBO-seed2027,0,6.631600379943848
100,61b4757aedf08761a1b409a464abc581e58d3447b51f0ac6921a8f0b97a8fc51,A1,379.34309818447605,4.253360705403244,CBO,False,5ccab5f74bba002e2f4032f2b2ac57db1fa99c53902615232e2a77396b8f5fc8,fine,100,ParallelParent,2028,97,0,ParallelParent-A1-CBO-seed2028,0,6.668633699417114
100,61b4757aedf08761a1b409a464abc581e58d3447b51f0ac6921a8f0b97a8fc51,A1,447.38496814008965,4.741742959517124,CBO,False,47567c338bbb13574627538971d9c278ab045d07832bb4ec015cfa33f42d8762,fine,100,ParallelParent,2029,97,0,ParallelParent-A1-CBO-seed2029,0,7.116315841674805
100,61b4757aedf08761a1b409a464abc581e58d3447b51f0ac6921a8f0b97a8fc51,A1,0.7190502331061284,0.0022014330634404673,QCBO,False,7a0defd5b597ee35e79c55af9c0a5e19ab4265cff9488dce3e5305372db22c4f,coarse,50,ParallelParent,2000,47,0,ParallelParent-A1-QCBO-seed2000,0,4.556474685668945
100,61b4757aedf08761a1b409a464abc581e58d3447b51f0ac6921a8f0b97a8fc51,A1,8.270718660765134,0.0005452975267555057,QCBO,False,f369c7b8f34382c7592fd9ed05ea7303cd7e853b4b6585f2701caff723bf9132,coarse,50,ParallelParent,2001,47,0,ParallelParent-A1-QCBO-seed2001,0,4.764110565185547
100,61b4757aedf08761a1b409a464abc581e58d3447b51f0ac6921a8f0b97a8fc51,A1,5.637161262469753,0.025408495333576437,QCBO,False,42cf44977ee968a11483b20844ce69cdb1f1108b78db595086f3e7002e858560,coarse,50,ParallelParent,2002,47,0,ParallelParent-A1-QCBO-seed2002,0,4.673477411270142
100,61b4757aedf08761a1b409a464abc581e58d3447b51f0ac6921a8f0b97a8fc51,A1,4.160684976486942,0.026921218774275165,QCBO,False,c72d7bba47d82e779a6c95395bc6cac77d02d42afb53a9abe1a1d991ef58f87b,coarse,50,ParallelParent,2003,47,0,ParallelParent-A1-QCBO-seed2003,0,4.588756084442139
100,61b4757aedf08761a1b409a464abc581e58d3447b51f0ac6921a8f0b97a8fc51,A1,0.9930281642994235,0.006930172158796952,QCBO,False,2ba1984d56ad67852fb01c9816920caf0ca0121be4e6d56f1675fb0dc3afdf28,coarse,50,ParallelParent,2004,47,0,ParallelParent-A1-QCBO-seed2004,0,4.564032793045044
100,61b4757aedf08761a1b409a464abc581e58d3447b51f0ac6921a8f0b97a8fc51,A1,0.5134934248916829,0.00553077353476896,QCBO,False,e7256e6565f433937c6ea4ce4bf1b54ae4133dc1f64e1e4c6985a9f751c39eb3,coarse,50,ParallelParent,2005,47,0,ParallelParent-A1-QCBO-seed2005,0,4.51519250869751
100,61b4757aedf08761a1b409a464abc581e58d3447b51f0ac6921a8f0b97a8fc51,A1,0.22507693004543733,0.0019614313660013985,QCBO,False,f3b9aeb848736251425b09c83f63cf5df280972060ab9f194e8bee6862fc80eb,coarse,50,ParallelParent,2006,47,0,ParallelParent-A1-QCBO-seed2006,0,4.459299087524414
100,61b4757aedf08761a1b409a464abc581e58d3447b51f0ac6921a8f0b97a8fc51,A1,0.3458925610911006,0.004239384088221839,QCBO,False,7b52bd928ef213c3db8a44b545f46b5f3d9c7e169d2ddc57661b7905b9a6cc2f,coarse,50,ParallelParent,2007,47,0,ParallelParent-A1-QCBO-seed2007,0,4.18532133102417
100,61b4757aedf08761a1b409a464abc581e58d3447b51f0ac6921a8f0b97a8fc51,A1,0.4892998245826186,0.002476734086372434,QCBO,False,5d32664590c287d5352720352c7a3f743f4b68f8b51de03be8ccd86adbaa943f,coarse,50,ParallelParent,2008,47,0,ParallelParent-A1-QCBO-seed2008,0,4.409203290939331
100,61b4757aedf08761a1b409a464abc581e58d3447b51f0ac6921a8f0b97a8fc51,A1,1.8503299102328385,0.01685087973797291,QCBO,False,2470226be6afd75d23fddc1dba9f1f8af4bd48dc413e2a77b55bcfd0eecac774,coarse,50,ParallelParent,2009,47,0,ParallelParent-A1-QCBO-seed2009,0,4.35637640953064
100,61b4757aedf08761a1b409a464abc581e58d3447b51f0ac6921a8f0b97a8fc51,A1,15.214766635888212,0.0931458290336681,QCBO,False,dbe09477d039e4ae1fc6a46791e06408f631195cb2cfc9bfe018723c92cd7939,coarse,50,ParallelParent,2010,47,0,ParallelParent-A1-QCBO-seed2010,0,4.633570432662964
100,61b4757aedf08761a1b409a464abc581e58d3447b51f0ac6921a8f0b97a8fc51,A1,6.3605245073223395,0.04381098394192039,QCBO,False,f4d983c534edd691d8177699e30c606f82e0719f23e3cf937d7eb8da9c6c0b08,coarse,50,ParallelParent,2011,47,0,ParallelParent-A1-QCBO-seed2011,0,4.797642230987549
100,61b4757aedf08761a1b409a464abc581e58d3447b51f0ac6921a8f0b97a8fc51,A1,2.3762175015595592,0.01586343773017746,QCBO,False,3a81a6df0e9657a8631e9c82723a8f5e7bc438d6704769206f0c7de3a5412e12,coarse,50,ParallelParent,2012,47,0,ParallelParent-A1-QCBO-seed2012,0,5.1082212924957275
100,61b4757aedf08761a1b409a464abc581e58d3447b51f0ac6921a8f0b97a8fc51,A1,0.33385852562412915,0.0004061036947150669,QCBO,False,153630842031fdb26c0cedea5392b1df7149b197e5da9b884c242990265c52e5,coarse,50,ParallelParent,2013,47,0,ParallelParent-A1-QCBO-seed2013,0,4.6739342212677
100,61b4757aedf08761a1b409a464abc581e58d3447b51f0ac6921a8f0b97a8fc51,A1,1.8681039198784943,8.912664289047317e-05,QCBO,False,76fa4103d760f5b5dde1c338e3ae99ff7ae2775382f1a09e74bd9333cf18a234,coarse,50,ParallelParent,2014,47,0,ParallelParent-A1-QCBO-seed2014,0,4.700019598007202
100,61b4757aedf08761a1b409a464abc581e58d3447b51f0ac6921a8f0b97a8fc51,A1,4.009380726296977,0.0025909840193775705,QCBO,False,a75f56c42987308d7a7df50b44da64bd7345c1b4d34fb25864951b710e706ed0,coarse,50,ParallelParent,2015,47,0,ParallelParent-A1-QCBO-seed2015,0,4.649817705154419
100,61b4757aedf08761a1b409a464abc581e58d3447b51f0ac6921a8f0b97a8fc51,A1,2.39590448933158,0.014691582190484396,QCBO,False,9add7bb4b9e3d963ad0e97f0058cdb8cb1fa8b3098252abe8fb26b4b7b253d5d,coarse,50,ParallelParent,2016,47,0,ParallelParent-A1-QCBO-seed2016,0,4.39985990524292
100,61b4757aedf08761a1b409a464abc581e58d3447b51f0ac6921a8f0b97a8fc51,A1,0.33957661890991636,0.0012647666439942827,QCBO,False,a6e71d670db49b39583a8bfe5ef88a5bc6df2ab62acf05030426d12e71cc18c7,coarse,50,ParallelParent,2017,47,0,ParallelParent-A1-QCBO-seed2017,0,4.522714853286743
100,61b4757aedf08761a1b409a464abc581e58d3447b51f0ac6921a8f0b97a8fc51,A1,3.2197915055068784,0.025862422904215178,QCBO,False,49ca3fa6d1166d561e782b7a1db619288576fa0552dbf447ff5cdd483ba95456,coarse,50,ParallelParent,2018,47,0,ParallelParent-A1-QCBO-seed2018,0,4.626809597015381
100,61b4757aedf08761a1b409a464abc581e58d3447b51f0ac6921a8f0b97a8fc51,A1,3.8817923182639986,0.028228808979092045,QCBO,False,5407ff4fe9a4551d7234482eca4686c28e931bc3a4fbbbc826820028c6fbfece,coarse,50,ParallelParent,2019,47,0,ParallelParent-A1-QCBO-seed2019,0,4.341804504394531
100,61b4757aedf08761a1b409a464abc581e58d3447b51f0ac6921a8f0b97a8fc51,A1,5.4451321278291385,0.0008812836442225251,QCBO,False,38fa8ce80321995c838b36a965fdb5bd04e7eba963e617de1ca54181fb35aff0,coarse,50,ParallelParent,2020,47,0,ParallelParent-A1-QCBO-seed2020,0,4.368040084838867
100,61b4757aedf08761a1b409a464abc581e58d3447b51f0ac6921a8f0b97a8fc51,A1,1.382763757339584,0.01689678863893746,QCBO,False,c480a2481946ae2f46196a146e3f50ee3b5c31a102357e21329b0be355df2c41,coarse,50,ParallelParent,2021,47,0,ParallelParent-A1-QCBO-seed2021,0,4.521414756774902
100,61b4757aedf08761a1b409a464abc581e58d3447b51f0ac6921a8f0b97a8fc51,A1,1.108179046845233,0.011537337781105545,QCBO,False,82bb0a8098efbb3f87070ea6afc27a3384b295657875acf5024c41011e749c85,coarse,50,ParallelParent,2022,47,0,ParallelParent-A1-QCBO-seed2022,0,4.474032640457153
100,61b4757aedf08761a1b409a464abc581e58d3447b51f0ac6921a8f0b97a8fc51,A1,1.1315632108723688,0.00399667346305251,QCBO,False,7a8f3db64d99c7eddfdf7773938b00d1ff9057b0dd0865fcaa0d5bfe49f006a1,coarse,50,ParallelParent,2023,47,0,ParallelParent-A1-QCBO-seed2023,0,4.511857032775879
100,61b4757aedf08761a1b409a464abc581e58d3447b51f0ac6921a8f0b97a8fc51,A1,1.7816994751335866,0.0033148323413661057,QCBO,False,9b08074dcbc0c61d5c9c91c298fb7a4fe7fe51f4a408b5bd8968790c60ae2e6f,coarse,50,ParallelParent,2024,47,0,ParallelParent-A1-QCBO-seed2024,0,4.36885929107666
100,61b4757aedf08761a1b409a464abc581e58d3447b51f0ac6921a8f0b97a8fc51,A1,0.9740204159701885,0.010829286924983115,QCBO,False,be7305af6d5dab873506a24d75bf874a046c07c146e3c220ed220999132e59f0,coarse,50,ParallelParent,2025,47,0,ParallelParent-A1-QCBO-seed2025,0,4.523023366928101
100,61b4757aedf08761a1b409a464abc581e58d3447b51f0ac6921a8f0b97a8fc51,A1,0.5460757772746888,0.0045581819668281355,QCBO,False,f5fb81043346705655521f9d9f92e938d6d5d646b2e60554cc53484543110425,coarse,50,ParallelParent,2026,47,0,ParallelParent-A1-QCBO-seed2026,0,4.77083683013916
100,61b4757aedf08761a1b409a464abc581e58d3447b51f0ac6921a8f0b97a8fc51,A1,1.7469746053855797,0.008424743139662733,QCBO,False,f69b74d40e544d036bd3994bb9391c5f26407a4aec260b5e89a3930c78ea25ba,coarse,50,ParallelParent,2027,47,0,ParallelParent-A1-QCBO-seed2027,0,4.771235942840576
100,61b4757aedf08761a1b409a464abc581e58d3447b51f0ac6921a8f0b97a8fc51,A1,0.6464581270810502,0.007263574461584828,QCBO,False,5ccab5f74bba002e2f4032f2b2ac57db1fa99c53902615232e2a77396b8f5fc8,coarse,50,ParallelParent,2028,47,0,ParallelParent-A1-QCBO-seed2028,0,4.688114166259766
100,61b4757aedf08761a1b409a464abc581e58d3447b51f0ac6921a8f0b97a8fc51,A1,1.3110968437916444,0.012867345838087841,QCBO,False,47567c338bbb13574627538971d9c278ab045d07832bb4ec015cfa33f42d8762,coarse,50,ParallelParent,2029,47,0,ParallelParent-A1-QCBO-seed2029,0,4.829840421676636
